  0
SECTION
  2
HEADER
  9
$ACADVER
  1
AC1032
  9
$ACADMAINTVER
 90
      155
  9
$DWGCODEPAGE
  3
ANSI_949
  9
$LASTSAVEDBY
  1
suppo
  9
$REQUIREDVERSIONS
160
                 0
  9
$INSBASE
 10
0.0
 20
0.0
 30
0.0
  9
$EXTMIN
 10
0.0
 20
0.0
 30
-0.0000000000340386
  9
$EXTMAX
 10
50400.0
 20
35639.99999999999
 30
0.0
  9
$LIMMIN
 10
0.0
 20
0.0
  9
$LIMMAX
 10
12.0
 20
9.0
  9
$ORTHOMODE
 70
     1
  9
$REGENMODE
 70
     1
  9
$FILLMODE
 70
     1
  9
$QTEXTMODE
 70
     0
  9
$MIRRTEXT
 70
     0
  9
$LTSCALE
 40
1.0
  9
$ATTMODE
 70
     1
  9
$TEXTSIZE
 40
210.0
  9
$TRACEWID
 40
0.05
  9
$TEXTSTYLE
  7
주석
  9
$CLAYER
  8
KC-2B REV
  9
$CELTYPE
  6
ByLayer
  9
$CECOLOR
 62
   256
  9
$CELTSCALE
 40
1.0
  9
$DISPSILH
 70
     0
  9
$DIMSCALE
 40
1.0
  9
$DIMASZ
 40
150.0
  9
$DIMEXO
 40
150.0
  9
$DIMDLI
 40
50.0
  9
$DIMRND
 40
0.0
  9
$DIMDLE
 40
0.0
  9
$DIMEXE
 40
50.0
  9
$DIMTP
 40
0.0
  9
$DIMTM
 40
0.0
  9
$DIMTXT
 40
150.0
  9
$DIMCEN
 40
120.0
  9
$DIMTSZ
 40
0.0
  9
$DIMTOL
 70
     0
  9
$DIMLIM
 70
     0
  9
$DIMTIH
 70
     0
  9
$DIMTOH
 70
     0
  9
$DIMSE1
 70
     0
  9
$DIMSE2
 70
     0
  9
$DIMTAD
 70
     1
  9
$DIMZIN
 70
     8
  9
$DIMTOFFSET
 70
     1
  9
$DIMBLK
  1

  9
$DIMASO
 70
     1
  9
$DIMSHO
 70
     1
  9
$DIMPOST
  1

  9
$DIMAPOST
  1

  9
$DIMALT
 70
     0
  9
$DIMALTD
 70
     3
  9
$DIMALTF
 40
0.03937007874016
  9
$DIMLFAC
 40
0.2
  9
$DIMTOFL
 70
     1
  9
$DIMTVP
 40
0.0
  9
$DIMTIX
 70
     0
  9
$DIMSOXD
 70
     0
  9
$DIMSAH
 70
     0
  9
$DIMBLK1
  1

  9
$DIMBLK2
  1

  9
$DIMSTYLE
  2
Copy of ISO-25
  9
$DIMCLRD
 70
   253
  9
$DIMCLRE
 70
   253
  9
$DIMCLRT
 70
     3
  9
$DIMTFAC
 40
1.0
  9
$DIMGAP
 40
50.0
  9
$DIMJUST
 70
     0
  9
$DIMSD1
 70
     0
  9
$DIMSD2
 70
     0
  9
$DIMTOLJ
 70
     0
  9
$DIMTZIN
 70
     8
  9
$DIMALTZ
 70
     0
  9
$DIMALTTZ
 70
     0
  9
$DIMUPT
 70
     0
  9
$DIMDEC
 70
     1
  9
$DIMTDEC
 70
     1
  9
$DIMALTU
 70
     2
  9
$DIMALTTD
 70
     3
  9
$DIMTXSTY
  7
arial
  9
$DIMAUNIT
 70
     0
  9
$DIMADEC
 70
     0
  9
$DIMALTRND
 40
0.0
  9
$DIMAZIN
 70
     0
  9
$DIMDSEP
 70
    46
  9
$DIMATFIT
 70
     3
  9
$DIMFRAC
 70
     0
  9
$DIMLDRBLK
  1

  9
$DIMLUNIT
 70
     2
  9
$DIMLWD
 70
    -2
  9
$DIMLWE
 70
    -2
  9
$DIMTMOVE
 70
     0
  9
$DIMFXL
 40
1.0
  9
$DIMFXLON
 70
     0
  9
$DIMJOGANG
 40
0.7853981633974483
  9
$DIMTFILL
 70
     0
  9
$DIMTFILLCLR
 70
     0
  9
$DIMARCSYM
 70
     0
  9
$DIMLTYPE
  6

  9
$DIMLTEX1
  6

  9
$DIMLTEX2
  6

  9
$DIMTXTDIRECTION
 70
     0
  9
$LUNITS
 70
     2
  9
$LUPREC
 70
     0
  9
$SKETCHINC
 40
0.1
  9
$FILLETRAD
 40
300.0
  9
$AUNITS
 70
     0
  9
$AUPREC
 70
     0
  9
$MENU
  1
.
  9
$ELEVATION
 40
0.0
  9
$PELEVATION
 40
0.0
  9
$THICKNESS
 40
0.0
  9
$LIMCHECK
 70
     0
  9
$CHAMFERA
 40
0.0
  9
$CHAMFERB
 40
0.0
  9
$CHAMFERC
 40
0.0
  9
$CHAMFERD
 40
0.0
  9
$SKPOLY
 70
     0
  9
$TDCREATE
 40
2460581.349041563
  9
$TDUCREATE
 40
2460580.974041563
  9
$TDUPDATE
 40
2461288.456207211
  9
$TDUUPDATE
 40
2461288.081207211
  9
$TDINDWG
 40
19.7148953009
  9
$TDUSRTIMER
 40
19.7148909028
  9
$USRTIMER
 70
     1
  9
$ANGBASE
 50
0.0
  9
$ANGDIR
 70
     0
  9
$PDMODE
 70
     0
  9
$PDSIZE
 40
0.0
  9
$PLINEWID
 40
0.0
  9
$SPLFRAME
 70
     0
  9
$SPLINETYPE
 70
     6
  9
$SPLINESEGS
 70
     8
  9
$HANDSEED
  5
937
  9
$SURFTAB1
 70
     6
  9
$SURFTAB2
 70
     6
  9
$SURFTYPE
 70
     6
  9
$SURFU
 70
     6
  9
$SURFV
 70
     6
  9
$UCSBASE
  2

  9
$UCSNAME
  2

  9
$UCSORG
 10
0.0
 20
0.0
 30
0.0
  9
$UCSXDIR
 10
1.0
 20
0.0
 30
0.0
  9
$UCSYDIR
 10
0.0
 20
1.0
 30
0.0
  9
$UCSORTHOREF
  2

  9
$UCSORTHOVIEW
 70
     0
  9
$UCSORGTOP
 10
0.0
 20
0.0
 30
0.0
  9
$UCSORGBOTTOM
 10
0.0
 20
0.0
 30
0.0
  9
$UCSORGLEFT
 10
0.0
 20
0.0
 30
0.0
  9
$UCSORGRIGHT
 10
0.0
 20
0.0
 30
0.0
  9
$UCSORGFRONT
 10
0.0
 20
0.0
 30
0.0
  9
$UCSORGBACK
 10
0.0
 20
0.0
 30
0.0
  9
$PUCSBASE
  2

  9
$PUCSNAME
  2

  9
$PUCSORG
 10
0.0
 20
0.0
 30
0.0
  9
$PUCSXDIR
 10
1.0
 20
0.0
 30
0.0
  9
$PUCSYDIR
 10
0.0
 20
1.0
 30
0.0
  9
$PUCSORTHOREF
  2

  9
$PUCSORTHOVIEW
 70
     0
  9
$PUCSORGTOP
 10
0.0
 20
0.0
 30
0.0
  9
$PUCSORGBOTTOM
 10
0.0
 20
0.0
 30
0.0
  9
$PUCSORGLEFT
 10
0.0
 20
0.0
 30
0.0
  9
$PUCSORGRIGHT
 10
0.0
 20
0.0
 30
0.0
  9
$PUCSORGFRONT
 10
0.0
 20
0.0
 30
0.0
  9
$PUCSORGBACK
 10
0.0
 20
0.0
 30
0.0
  9
$USERI1
 70
     0
  9
$USERI2
 70
     0
  9
$USERI3
 70
     0
  9
$USERI4
 70
     0
  9
$USERI5
 70
     0
  9
$USERR1
 40
0.0
  9
$USERR2
 40
0.0
  9
$USERR3
 40
0.0
  9
$USERR4
 40
0.0
  9
$USERR5
 40
0.0
  9
$WORLDVIEW
 70
     1
  9
$SHADEDGE
 70
     3
  9
$SHADEDIF
 70
    70
  9
$TILEMODE
 70
     1
  9
$MAXACTVP
 70
    64
  9
$PINSBASE
 10
0.0
 20
0.0
 30
0.0
  9
$PLIMCHECK
 70
     0
  9
$PEXTMIN
 10
1.000000000000000E+20
 20
1.000000000000000E+20
 30
1.000000000000000E+20
  9
$PEXTMAX
 10
-1.000000000000000E+20
 20
-1.000000000000000E+20
 30
-1.000000000000000E+20
  9
$PLIMMIN
 10
0.0
 20
0.0
  9
$PLIMMAX
 10
12.0
 20
9.0
  9
$UNITMODE
 70
     0
  9
$VISRETAIN
 70
     1
  9
$PLINEGEN
 70
     0
  9
$PSLTSCALE
 70
     1
  9
$TREEDEPTH
 70
  3020
  9
$CMLSTYLE
  2
Standard
  9
$CMLJUST
 70
     0
  9
$CMLSCALE
 40
1.0
  9
$PROXYGRAPHICS
 70
     1
  9
$MEASUREMENT
 70
     1
  9
$CELWEIGHT
370
    -1
  9
$ENDCAPS
280
     0
  9
$JOINSTYLE
280
     0
  9
$LWDISPLAY
290
     1
  9
$INSUNITS
 70
     0
  9
$HYPERLINKBASE
  1

  9
$STYLESHEET
  1
monochrome.ctb
  9
$XEDIT
290
     1
  9
$CEPSNTYPE
380
     0
  9
$PSTYLEMODE
290
     1
  9
$FINGERPRINTGUID
  2
{5B99FFC6-A4F6-4A46-87C5-64F024738117}
  9
$VERSIONGUID
  2
{D20DEDF7-08CC-004C-A0BF-1F1772D2A679}
  9
$EXTNAMES
290
     1
  9
$PSVPSCALE
 40
0.0
  9
$OLESTARTUP
290
     0
  9
$SORTENTS
280
   127
  9
$INDEXCTL
280
     0
  9
$HIDETEXT
280
     1
  9
$XCLIPFRAME
280
     2
  9
$HALOGAP
280
     0
  9
$OBSCOLOR
 70
   257
  9
$OBSLTYPE
280
     0
  9
$INTERSECTIONDISPLAY
280
     0
  9
$INTERSECTIONCOLOR
 70
   257
  9
$DIMASSOC
280
     2
  9
$PROJECTNAME
  1

  9
$CAMERADISPLAY
290
     0
  9
$LENSLENGTH
 40
50.0
  9
$CAMERAHEIGHT
 40
0.0
  9
$STEPSPERSEC
 40
2.0
  9
$STEPSIZE
 40
6.0
  9
$3DDWFPREC
 40
2.0
  9
$PSOLWIDTH
 40
0.25
  9
$PSOLHEIGHT
 40
4.0
  9
$LOFTANG1
 40
1.570796326794897
  9
$LOFTANG2
 40
1.570796326794897
  9
$LOFTMAG1
 40
0.0
  9
$LOFTMAG2
 40
0.0
  9
$LOFTPARAM
 70
     7
  9
$LOFTNORMALS
280
     1
  9
$LATITUDE
 40
37.795
  9
$LONGITUDE
 40
-122.394
  9
$NORTHDIRECTION
 40
0.0
  9
$TIMEZONE
 70
 -8000
  9
$LIGHTGLYPHDISPLAY
280
     1
  9
$TILEMODELIGHTSYNCH
280
     1
  9
$CMATERIAL
347
1A
  9
$SOLIDHIST
280
     0
  9
$SHOWHIST
280
     1
  9
$DWFFRAME
280
     2
  9
$DGNFRAME
280
     2
  9
$REALWORLDSCALE
290
     1
  9
$INTERFERECOLOR
 62
   256
  9
$INTERFEREOBJVS
345
39
  9
$INTERFEREVPVS
346
3A
  9
$CSHADOW
280
     0
  9
$SHADOWPLANELOCATION
 40
0.0
  0
ENDSEC
  0
SECTION
  2
CLASSES
  0
CLASS
  1
ACDBDICTIONARYWDFLT
  2
AcDbDictionaryWithDefault
  3
ObjectDBX Classes
 90
        0
 91
        1
280
     0
281
     0
  0
CLASS
  1
MATERIAL
  2
AcDbMaterial
  3
ObjectDBX Classes
 90
     1153
 91
        1
280
     0
281
     0
  0
CLASS
  1
SORTENTSTABLE
  2
AcDbSortentsTable
  3
ObjectDBX Classes
 90
        0
 91
        1
280
     0
281
     0
  0
CLASS
  1
VISUALSTYLE
  2
AcDbVisualStyle
  3
ObjectDBX Classes
 90
     4095
 91
        1
280
     0
281
     0
  0
CLASS
  1
SUN
  2
AcDbSun
  3
SCENEOE
 90
     1153
 91
        1
280
     0
281
     0
  0
CLASS
  1
SCALE
  2
AcDbScale
  3
ObjectDBX Classes
 90
     1153
 91
        1
280
     0
281
     0
  0
CLASS
  1
DIMASSOC
  2
AcDbDimAssoc
  3
"AcDbDimAssoc|Product Desc:     AcDim ARX App For Dimension|Company:          Autodesk, Inc.|WEB Address:      www.autodesk.com"
 90
        0
 91
        1
280
     0
281
     0
  0
CLASS
  1
DICTIONARYVAR
  2
AcDbDictionaryVar
  3
ObjectDBX Classes
 90
        0
 91
        1
280
     0
281
     0
  0
CLASS
  1
TABLESTYLE
  2
AcDbTableStyle
  3
ObjectDBX Classes
 90
     4095
 91
        1
280
     0
281
     0
  0
CLASS
  1
MLEADERSTYLE
  2
AcDbMLeaderStyle
  3
ACDB_MLEADERSTYLE_CLASS
 90
     4095
 91
        1
280
     0
281
     0
  0
CLASS
  1
CELLSTYLEMAP
  2
AcDbCellStyleMap
  3
ObjectDBX Classes
 90
     1152
 91
        1
280
     0
281
     0
  0
ENDSEC
  0
SECTION
  2
TABLES
  0
TABLE
  2
VPORT
  5
34
330
0
100
AcDbSymbolTable
 70
     1
  0
VPORT
  5
3D
330
34
100
AcDbSymbolTableRecord
100
AcDbViewportTableRecord
  2
*Active
 70
     0
 10
0.0
 20
0.0
 11
1.0
 21
1.0
 12
-754678.7919709347
 22
-681025.9721086399
 13
0.0
 23
0.0
 14
0.5
 24
0.5
 15
0.5
 25
0.5
 16
2.095475792884827E-9
 26
2.095475792884827E-9
 36
4595220.217464903
 17
779878.7919709347
 27
698845.97210864
 37
4.999999999551626
 40
36007.89677419355
 41
2.305236270753513
 42
50.0
 43
0.0
 44
0.0
 50
0.0
 51
0.0
 71
     0
 72
   100
 73
     1
 74
     3
 75
     0
 76
     1
 77
     0
 78
     2
281
     0
 65
     1
110
0.0
120
0.0
130
0.0
111
1.0
121
0.0
131
0.0
112
0.0
122
1.0
132
0.0
 79
     0
146
0.0
348
3E
 60
     3
 61
     5
292
     1
282
     1
141
0.0
142
0.0
 63
   250
361
3F
1001
ACAD_NAV_VCDISPLAY
1070
     3
  0
ENDTAB
  0
TABLE
  2
LTYPE
  5
11
330
0
100
AcDbSymbolTable
 70
     3
  0
LTYPE
  5
12
330
11
100
AcDbSymbolTableRecord
100
AcDbLinetypeTableRecord
  2
ByBlock
 70
     0
  3

 72
    65
 73
     0
 40
0.0
  0
LTYPE
  5
13
330
11
100
AcDbSymbolTableRecord
100
AcDbLinetypeTableRecord
  2
ByLayer
 70
     0
  3

 72
    65
 73
     0
 40
0.0
  0
LTYPE
  5
14
330
11
100
AcDbSymbolTableRecord
100
AcDbLinetypeTableRecord
  2
Continuous
 70
     0
  3
Solid line
 72
    65
 73
     0
 40
0.0
  0
LTYPE
  5
C6
330
11
100
AcDbSymbolTableRecord
100
AcDbLinetypeTableRecord
  2
PHANTOM
 70
     0
  3
Phantom ______  __  __  ______  __  __  ______
 72
    65
 73
     6
 40
500.0
 49
250.0
 74
     0
 49
-50.0
 74
     0
 49
50.0
 74
     0
 49
-50.0
 74
     0
 49
50.0
 74
     0
 49
-50.0
 74
     0
  0
LTYPE
  5
794
330
11
100
AcDbSymbolTableRecord
100
AcDbLinetypeTableRecord
  2
CENTER2
 70
     0
  3
Center (.5x) ___ _ ___ _ ___ _ ___ _ ___ _ ___
 72
    65
 73
     4
 40
225.0
 49
150.0
 74
     0
 49
-25.0
 74
     0
 49
25.0
 74
     0
 49
-25.0
 74
     0
  0
ENDTAB
  0
TABLE
  2
LAYER
  5
1
102
{ACAD_XDICTIONARY
360
2
102
}
330
0
100
AcDbSymbolTable
 70
    15
  0
LAYER
  5
28
102
{ACAD_XDICTIONARY
360
29
102
}
330
1
100
AcDbSymbolTableRecord
100
AcDbLayerTableRecord
  2
0
 70
     0
 62
     7
  6
Continuous
370
    -3
390
A
347
C
348
0
  0
LAYER
  5
C3
102
{ACAD_XDICTIONARY
360
C4
102
}
330
1
100
AcDbSymbolTableRecord
100
AcDbLayerTableRecord
  2
KC-2B Membrane level
 70
     0
 62
     1
  6
PHANTOM
370
     5
390
A
347
C
348
0
1001
AcCmTransparency
1071
 33554687
  0
LAYER
  5
321
102
{ACAD_XDICTIONARY
360
322
102
}
330
1
100
AcDbSymbolTableRecord
100
AcDbLayerTableRecord
  2
KC-2B Membrane Sheet
 70
     0
 62
   181
  6
Continuous
370
    25
390
A
347
C
348
0
1001
AcCmTransparency
1071
 33554687
  0
LAYER
  5
BC
102
{ACAD_XDICTIONARY
360
BD
102
}
330
1
100
AcDbSymbolTableRecord
100
AcDbLayerTableRecord
  2
KC-2B Steel Wall
 70
     0
 62
     7
  6
Continuous
370
    20
390
A
347
C
348
0
1001
AcCmTransparency
1071
 33554687
  0
LAYER
  5
75D
102
{ACAD_XDICTIONARY
360
75E
102
}
330
1
100
AcDbSymbolTableRecord
100
AcDbLayerTableRecord
  2
KC-2B Wall Name
 70
     0
 62
     3
  6
Continuous
370
    25
390
A
347
C
348
0
1001
AcCmTransparency
1071
 33554687
  0
LAYER
  5
143
102
{ACAD_XDICTIONARY
360
144
102
}
330
1
100
AcDbSymbolTableRecord
100
AcDbLayerTableRecord
  2
KC-2B Membrane Sheet UM
 70
     0
 62
   181
  6
Continuous
370
    25
390
A
347
C
348
0
1001
AcCmTransparency
1071
 33554687
  0
LAYER
  5
744
102
{ACAD_XDICTIONARY
360
745
102
}
330
1
100
AcDbSymbolTableRecord
100
AcDbLayerTableRecord
  2
KC-2B HHITABLE
 70
     0
 62
   253
  6
Continuous
370
    25
390
A
347
C
348
0
1001
AcCmTransparency
1071
 33554687
  0
LAYER
  5
68
102
{ACAD_XDICTIONARY
360
69
102
}
330
1
100
AcDbSymbolTableRecord
100
AcDbLayerTableRecord
  2
KC-2B Note
 70
     0
 62
     2
  6
Continuous
370
    25
390
A
347
C
348
0
1001
AcCmTransparency
1071
 33554687
  0
LAYER
  5
CB
102
{ACAD_XDICTIONARY
360
CC
102
}
330
1
100
AcDbSymbolTableRecord
100
AcDbLayerTableRecord
  2
KC-2B Non Scale View
 70
     0
 62
   253
  6
Continuous
370
    25
390
A
347
C
348
0
1001
AcCmTransparency
1071
 33554687
  0
LAYER
  5
901
330
1
100
AcDbSymbolTableRecord
100
AcDbLayerTableRecord
  2
Defpoints
 70
     0
 62
     7
  6
Continuous
290
     0
370
    -3
390
A
347
C
348
0
  0
LAYER
  5
6E
330
1
100
AcDbSymbolTableRecord
100
AcDbLayerTableRecord
  2
New Scale Title
 70
     0
 62
     7
  6
Continuous
370
    -3
390
A
347
C
348
0
  0
LAYER
  5
642
330
1
100
AcDbSymbolTableRecord
100
AcDbLayerTableRecord
  2
Membrane Sheet
 70
     0
 62
   181
  6
Continuous
370
    -3
390
A
347
C
348
0
  0
LAYER
  5
5F2
330
1
100
AcDbSymbolTableRecord
100
AcDbLayerTableRecord
  2
_0
 70
     0
 62
     7
  6
Continuous
370
     0
390
A
347
C
348
0
1001
AcAecLayerStandard
1000

1000
0
  0
LAYER
  5
87
330
1
100
AcDbSymbolTableRecord
100
AcDbLayerTableRecord
  2
MULTI-PLOT-AREA
 70
     0
 62
     2
  6
Continuous
290
     0
370
    -3
390
A
347
C
348
0
  0
LAYER
  5
7
330
1
100
AcDbSymbolTableRecord
100
AcDbLayerTableRecord
  2
KC-2B REV
 70
     2
 62
     1
  6
Continuous
370
    -3
390
A
347
C
348
0
1001
AcAecLayerStandard
1000

1000

1001
AcCmTransparency
1071
        0
  0
ENDTAB
  0
TABLE
  2
STYLE
  5
17
330
0
100
AcDbSymbolTable
 70
     4
  0
STYLE
  5
3B
330
17
100
AcDbSymbolTableRecord
100
AcDbTextStyleTableRecord
  2
Standard
 70
     0
 40
0.0
 41
1.0
 50
0.0
 71
     0
 42
210.0
  3
txt
  4

  0
STYLE
  5
6B
330
17
100
AcDbSymbolTableRecord
100
AcDbTextStyleTableRecord
  2
Default
 70
     0
 40
0.0
 41
1.0
 50
0.0
 71
     0
 42
210.0
  3
tahoma.ttf
  4

1001
ACAD
1000
Tahoma
1071
        0
  0
STYLE
  5
1D
330
17
100
AcDbSymbolTableRecord
100
AcDbTextStyleTableRecord
  2
arial
 70
     0
 40
0.0
 41
1.0
 50
0.0
 71
     0
 42
210.0
  3
arialbd.ttf
  4

1001
ACAD
1000
Arial
1071
 33554466
  0
STYLE
  5
18
330
17
100
AcDbSymbolTableRecord
100
AcDbTextStyleTableRecord
  2
주석
 70
     0
 40
0.0
 41
1.0
 50
0.0
 71
     0
 42
210.0
  3
ariblk.ttf
  4

1001
AcadAnnotative
1000
AnnotativeData
1002
{
1070
     1
1070
     1
1002
}
1001
ACAD
1000
Arial Black
1071
 33554466
  0
ENDTAB
  0
TABLE
  2
VIEW
  5
32
330
0
100
AcDbSymbolTable
 70
     0
  0
ENDTAB
  0
TABLE
  2
UCS
  5
33
330
0
100
AcDbSymbolTable
 70
     0
  0
ENDTAB
  0
TABLE
  2
APPID
  5
F
330
0
100
AcDbSymbolTable
 70
    14
  0
APPID
  5
10
330
F
100
AcDbSymbolTableRecord
100
AcDbRegAppTableRecord
  2
ACAD
 70
     0
  0
APPID
  5
16
330
F
100
AcDbSymbolTableRecord
100
AcDbRegAppTableRecord
  2
AcCmTransparency
 70
     0
  0
APPID
  5
1E
330
F
100
AcDbSymbolTableRecord
100
AcDbRegAppTableRecord
  2
ACAD_DSTYLE_DIMJAG
 70
     0
  0
APPID
  5
8F6
330
F
100
AcDbSymbolTableRecord
100
AcDbRegAppTableRecord
  2
ACAD_DSTYLE_DIMBREAK
 70
     0
  0
APPID
  5
40
330
F
100
AcDbSymbolTableRecord
100
AcDbRegAppTableRecord
  2
ACAD_NAV_VCDISPLAY
 70
     0
  0
APPID
  5
754
330
F
100
AcDbSymbolTableRecord
100
AcDbRegAppTableRecord
  2
GENIUS_GENREC_14
 70
     0
  0
APPID
  5
755
330
F
100
AcDbSymbolTableRecord
100
AcDbRegAppTableRecord
  2
GENIUS_GENOBJ-N-REC_13
 70
     0
  0
APPID
  5
756
330
F
100
AcDbSymbolTableRecord
100
AcDbRegAppTableRecord
  2
GENIUS_GENODEF_13
 70
     0
  0
APPID
  5
15
330
F
100
AcDbSymbolTableRecord
100
AcDbRegAppTableRecord
  2
AcAecLayerStandard
 70
     0
  0
APPID
  5
19
330
F
100
AcDbSymbolTableRecord
100
AcDbRegAppTableRecord
  2
AcadAnnotative
 70
     0
  0
APPID
  5
1F
330
F
100
AcDbSymbolTableRecord
100
AcDbRegAppTableRecord
  2
ACAD_DSTYLE_DIMTALN
 70
     0
  0
APPID
  5
78
330
F
100
AcDbSymbolTableRecord
100
AcDbRegAppTableRecord
  2
GradientColor1ACI
 70
     0
  0
APPID
  5
79
330
F
100
AcDbSymbolTableRecord
100
AcDbRegAppTableRecord
  2
GradientColor2ACI
 70
     0
  0
APPID
  5
933
330
F
100
AcDbSymbolTableRecord
100
AcDbRegAppTableRecord
  2
ACAD_MLEADERVER
 70
     0
  0
ENDTAB
  0
TABLE
  2
DIMSTYLE
  5
1B
330
0
100
AcDbSymbolTable
 70
     3
100
AcDbDimStyleTable
  0
DIMSTYLE
105
3C
330
1B
100
AcDbSymbolTableRecord
100
AcDbDimStyleTableRecord
  2
ISO-25
 70
     0
 41
100.0
 42
0.625
 43
3.75
 44
1.25
 73
     0
 74
     0
 77
     1
 78
     8
140
100.0
141
2.5
143
0.03937007874016
147
0.625
171
     3
172
     1
178
     0
271
     1
272
     1
274
     3
278
    44
283
     0
284
     8
340
3B
1001
ACAD_DSTYLE_DIMJAG
1070
   388
1040
1.5
1001
ACAD_DSTYLE_DIMTALN
1070
   392
1070
     0
  0
DIMSTYLE
105
1C
330
1B
100
AcDbSymbolTableRecord
100
AcDbDimStyleTableRecord
  2
Copy of ISO-25
 70
     0
 41
150.0
 42
150.0
 43
50.0
 44
50.0
 73
     0
 74
     0
 77
     1
 78
     8
140
150.0
141
120.0
143
0.03937007874016
144
0.2
147
50.0
171
     3
172
     1
176
   253
177
   253
271
     1
178
     3
271
     1
272
     1
274
     3
283
     0
284
     8
340
1D
1001
ACAD_DSTYLE_DIMJAG
1070
   388
1040
1.5
1001
ACAD_DSTYLE_DIMTALN
1070
   392
1070
     0
  0
DIMSTYLE
105
8F5
330
1B
100
AcDbSymbolTableRecord
100
AcDbDimStyleTableRecord
  2
Copy of ISO-25$0
 70
     0
 41
200.0
 42
180.0
 43
50.0
 44
80.0
 73
     0
 74
     0
 77
     1
 78
     8
140
250.0
141
120.0
143
0.03937007874016
147
90.0
171
     3
172
     1
176
   253
177
   253
271
     1
178
     3
271
     1
272
     1
274
     3
283
     0
284
     8
340
1D
371
    -1
372
    -1
345
13
346
13
347
13
1001
ACAD_DSTYLE_DIMBREAK
1070
   391
1040
3.75
1001
ACAD_DSTYLE_DIMJAG
1070
   388
1040
1.5
1001
ACAD_DSTYLE_DIMTALN
1070
   392
1070
     0
  0
ENDTAB
  0
TABLE
  2
BLOCK_RECORD
  5
22
330
0
100
AcDbSymbolTable
 70
     1
  0
BLOCK_RECORD
  5
23
102
{ACAD_XDICTIONARY
360
24
102
}
330
22
100
AcDbSymbolTableRecord
100
AcDbBlockTableRecord
  2
*Model_Space
340
2D
 70
     0
280
     1
281
     0
  0
BLOCK_RECORD
  5
2E
330
22
100
AcDbSymbolTableRecord
100
AcDbBlockTableRecord
  2
*Paper_Space
340
31
 70
     0
280
     1
281
     0
  0
BLOCK_RECORD
  5
84
330
22
100
AcDbSymbolTableRecord
100
AcDbBlockTableRecord
  2
MULTI-PLOT-AREA
340
0
102
{BLKREFS
331
B8
102
}
 70
     4
280
     1
281
     0
  0
ENDTAB
  0
ENDSEC
  0
SECTION
  2
BLOCKS
  0
BLOCK
  5
27
330
23
100
AcDbEntity
  8
0
100
AcDbBlockBegin
  2
*Model_Space
 70
     0
 10
0.0
 20
0.0
 30
0.0
  3
*Model_Space
  1

  0
ENDBLK
  5
2B
330
23
100
AcDbEntity
  8
0
100
AcDbBlockEnd
  0
BLOCK
  5
2F
330
2E
100
AcDbEntity
 67
     1
  8
0
100
AcDbBlockBegin
  2
*Paper_Space
 70
     0
 10
0.0
 20
0.0
 30
0.0
  3
*Paper_Space
  1

  0
ENDBLK
  5
30
330
2E
100
AcDbEntity
 67
     1
  8
0
100
AcDbBlockEnd
  0
BLOCK
  5
85
330
84
100
AcDbEntity
  8
0
100
AcDbBlockBegin
  2
MULTI-PLOT-AREA
 70
     0
 10
0.0
 20
0.0
 30
0.0
  3
MULTI-PLOT-AREA
  1

  0
LWPOLYLINE
  5
86
330
84
100
AcDbEntity
  8
MULTI-PLOT-AREA
100
AcDbPolyline
 90
        4
 70
     1
 43
0.0
 10
0.0
 20
0.0
 10
1.0
 20
0.0
 10
1.0
 20
1.0
 10
0.0
 20
1.0
  0
ENDBLK
  5
88
330
84
100
AcDbEntity
  8
0
100
AcDbBlockEnd
  0
ENDSEC
  0
SECTION
  2
ENTITIES
  0
TEXT
  5
A3
330
23
100
AcDbEntity
  8
KC-2B Note
100
AcDbText
 10
23447.14573539288
 20
30588.16245802538
 30
0.0
 40
750.0
  1
%%UWALL B
  7
Default
 72
     1
 11
25200.0
 21
30375.09999999986
 31
0.0
100
AcDbText
 73
     1
  0
TEXT
  5
A4
330
23
100
AcDbEntity
  8
KC-2B Note
100
AcDbText
 10
18026.14170584285
 20
31963.16245802538
 30
0.0
 40
750.0
  1
%%UARRANGEMENT OF MEMBRANE
  7
Default
 72
     1
 11
25200.0
 21
31750.09999999986
 31
0.0
100
AcDbText
 73
     1
  0
LINE
  5
A5
330
23
100
AcDbEntity
  8
New Scale Title
  6
Continuous
 62
     7
370
    40
100
AcDbLine
 10
48599.99999810185
 20
1199.999999988824
 30
0.0
 11
1800.0
 21
1200.0
 31
0.0
  0
LINE
  5
A6
330
23
100
AcDbEntity
  8
New Scale Title
  6
Continuous
 62
     7
370
    40
100
AcDbLine
 10
1200.0
 20
1800.0
 30
0.0
 11
1200.0
 21
33480.0
 31
0.0
  0
LINE
  5
A7
330
23
100
AcDbEntity
  8
New Scale Title
  6
Continuous
 62
     7
370
    40
100
AcDbLine
 10
1800.0
 20
34080.0
 30
0.0
 11
48599.99999810359
 21
34080.0
 31
0.0
  0
ARC
  5
A8
330
23
100
AcDbEntity
  8
New Scale Title
  6
Continuous
 62
     7
370
    40
100
AcDbCircle
 10
1800.0
 20
33480.0
 30
0.0
 40
600.0
100
AcDbArc
 50
90.0
 51
180.0
  0
LINE
  5
A9
330
23
100
AcDbEntity
  8
New Scale Title
  6
Continuous
 62
     7
370
    40
100
AcDbLine
 10
49199.99999810359
 20
33480.0
 30
0.0
 11
49199.99999810359
 21
1800.0
 31
0.0
  0
ARC
  5
AA
330
23
100
AcDbEntity
  8
New Scale Title
  6
Continuous
 62
     7
370
    40
100
AcDbCircle
 10
1800.0
 20
1800.0
 30
0.0
 40
600.0
100
AcDbArc
 50
180.0
 51
270.0
  0
ARC
  5
AB
330
23
100
AcDbEntity
  8
New Scale Title
  6
Continuous
 62
     7
370
    40
100
AcDbCircle
 10
48599.99999810359
 20
33480.0
 30
0.0
 40
600.0
100
AcDbArc
 50
0.0
 51
90.0
  0
ARC
  5
AC
330
23
100
AcDbEntity
  8
New Scale Title
  6
Continuous
 62
     7
370
    40
100
AcDbCircle
 10
48599.99999810359
 20
1800.0
 30
0.0
 40
600.0
100
AcDbArc
 50
270.0
 51
0.0
  0
ARC
  5
AD
330
23
100
AcDbEntity
  8
New Scale Title
  6
Continuous
 62
     7
370
    40
100
AcDbCircle
 10
48599.99999810359
 20
1799.999999966472
 30
0.0
 40
599.9999999760023
100
AcDbArc
 50
270.0
 51
0.0
  0
HATCH
  5
AE
330
23
100
AcDbEntity
  8
New Scale Title
 62
     1
420
 16711680
370
     5
100
AcDbHatch
 10
0.0
 20
0.0
 30
0.0
210
0.0
220
0.0
230
1.0
  2
SOLID
 70
     1
 71
     0
 91
        3
 92
        7
 72
     0
 73
     1
 93
        4
 10
49813.30035634339
 20
35044.63804308325
 10
46249.30035634199
 20
35044.63804308325
 10
46249.30035634199
 20
34180.63804308325
 10
49813.30035634339
 20
34180.63804308325
 97
        0
 92
       22
 72
     0
 73
     1
 93
        4
 10
46351.30035634269
 20
34282.63804308325
 10
46351.30035634269
 20
34942.63804308325
 10
49711.30035634269
 20
34942.63804308325
 10
49711.30035634269
 20
34282.63804308325
 97
        0
 92
      136
 93
        4
 72
     1
 10
46420.18020687683
 20
34299.7089844197
 11
49689.89371301606
 21
34299.7089844197
 72
     1
 10
49689.89371301606
 20
34299.7089844197
 11
49689.89371301606
 21
34917.92180843186
 72
     1
 10
49689.89371301606
 20
34917.92180842906
 11
46420.18020687683
 21
34917.92180842906
 72
     1
 10
46420.18020687683
 20
34917.92180842906
 11
46420.18020687683
 21
34299.70898441691
 97
        0
 75
     1
 76
     1
 47
2.342306147350701
 98
        2
 10
47712.0000000007
 20
34223.99999998882
 10
47712.0000000007
 20
34223.99999998882
450
        0
451
        0
460
0.0
461
0.0
452
        0
462
0.0
453
        2
463
0.0
 63
     5
421
      255
463
1.0
 63
     2
421
 16776960
470
LINEAR
1001
GradientColor1ACI
1070
     5
1001
GradientColor2ACI
1070
     2
1001
ACAD
1010
0.0
1020
0.0
1030
0.0
  0
LINE
  5
AF
330
23
100
AcDbEntity
  8
New Scale Title
 62
     1
420
 16711680
370
     5
100
AcDbLine
 10
46249.30035634199
 20
35044.63804308325
 30
0.0
 11
49813.30035634339
 21
35044.63804308325
 31
0.0
  0
LINE
  5
B0
330
23
100
AcDbEntity
  8
New Scale Title
 62
     1
420
 16711680
370
     5
100
AcDbLine
 10
49813.30035634339
 20
35044.63804308325
 30
0.0
 11
49813.30035634339
 21
34180.63804308325
 31
0.0
  0
LINE
  5
B1
330
23
100
AcDbEntity
  8
New Scale Title
 62
     1
420
 16711680
370
     5
100
AcDbLine
 10
49813.30035634339
 20
34180.63804308325
 30
0.0
 11
46249.30035634199
 21
34180.63804308325
 31
0.0
  0
LINE
  5
B2
330
23
100
AcDbEntity
  8
New Scale Title
 62
     1
420
 16711680
370
     5
100
AcDbLine
 10
46249.30035634199
 20
34180.63804308325
 30
0.0
 11
46249.30035634199
 21
35044.63804308325
 31
0.0
  0
LINE
  5
B3
330
23
100
AcDbEntity
  8
New Scale Title
 62
     1
420
 16711680
370
     5
100
AcDbLine
 10
46351.30035634269
 20
34282.63804308325
 30
0.0
 11
46351.30035634269
 21
34942.63804308325
 31
0.0
  0
LINE
  5
B4
330
23
100
AcDbEntity
  8
New Scale Title
 62
     1
420
 16711680
370
     5
100
AcDbLine
 10
46351.30035634269
 20
34942.63804308325
 30
0.0
 11
49711.30035634269
 21
34942.63804308325
 31
0.0
  0
LINE
  5
B5
330
23
100
AcDbEntity
  8
New Scale Title
 62
     1
420
 16711680
370
     5
100
AcDbLine
 10
49711.30035634269
 20
34282.63804308325
 30
0.0
 11
49711.30035634269
 21
34942.63804308325
 31
0.0
  0
LINE
  5
B6
330
23
100
AcDbEntity
  8
New Scale Title
 62
     1
420
 16711680
370
     5
100
AcDbLine
 10
49711.30035634269
 20
34282.63804308325
 30
0.0
 11
46351.30035634269
 21
34282.63804308325
 31
0.0
  0
MTEXT
  5
B7
330
23
100
AcDbEntity
  8
New Scale Title
 62
     1
420
 16711680
370
     5
100
AcDbMText
 10
46515.03013866255
 20
34768.63804307207
 30
0.0
 40
300.0
 41
265200.0
 46
0.0
 71
     1
 72
     5
  1
{\fArial|b1|i0|c129|p34;CONFIDENTIAL}
  7
arial
 73
     1
 44
1.0
101
Embedded Object
 70
     1
 10
1.0
 20
0.0
 30
0.0
 11
46515.03013866255
 21
34768.63804307207
 31
0.0
 40
265200.0
 41
0.0
 42
3087.175989085948
 43
310.2319236016372
 71
     2
 72
     1
 44
265200.0
 45
8226000.0
 73
     0
 74
     0
 46
-310.2319236016372
  0
INSERT
  5
B8
330
23
100
AcDbEntity
  8
New Scale Title
370
     5
100
AcDbBlockReference
  2
MULTI-PLOT-AREA
 10
0.0
 20
0.0
 30
0.0
 41
50400.0
 42
35640.0
 43
1.2
  0
MTEXT
  5
B9
330
23
100
AcDbEntity
  8
New Scale Title
 62
     2
100
AcDbMText
 10
42130.75588901353
 20
1011.897685009986
 30
0.0
 40
300.0
 41
0.0
 46
0.0
 71
     1
 72
     1
  1
SCALE : 1:120
  7
arial
 73
     1
 44
1.0
  0
MTEXT
  5
BA
330
23
100
AcDbEntity
  8
New Scale Title
 62
     2
100
AcDbMText
 10
45294.43998814502
 20
1015.519458454102
 30
0.0
 40
300.0
 41
3389.560011854694
 46
0.0
 71
     1
 72
     1
  1
SHEET SIZE : A3
  7
arial
 73
     1
 44
1.0
  0
LWPOLYLINE
  5
104
330
23
100
AcDbEntity
  8
KC-2B Non Scale View
  6
Continuous
100
AcDbPolyline
 90
        8
 70
     1
 43
0.0
 10
-42325.73060733618
 20
5135.057306073373
 10
-41966.95730607334
 20
5493.830607336015
 10
-41966.95730607334
 20
6117.083764281357
 10
-42228.31629585091
 20
6378.442754058866
 10
-43338.64101022255
 20
6378.442754058866
 10
-43599.99999999994
 20
6117.083764281357
 10
-43599.99999999994
 20
5493.830607336015
 10
-43241.22669873718
 20
5135.057306073373
210
0.0
220
0.0
230
-1.0
  0
TEXT
  5
105
330
23
100
AcDbEntity
  8
KC-2B Non Scale View
100
AcDbText
 10
42670.73060733618
 20
5644.001984365517
 30
0.0
 40
225.4960914010823
  1
A
  7
Default
100
AcDbText
  0
LWPOLYLINE
  5
106
330
23
100
AcDbEntity
  8
KC-2B Non Scale View
  6
Continuous
100
AcDbPolyline
 90
        8
 70
     1
 43
0.0
 10
-46825.73060733618
 20
5135.057306073373
 10
-46466.95730607334
 20
5493.830607336015
 10
-46466.95730607334
 20
6117.083764281357
 10
-46728.31629585091
 20
6378.442754058866
 10
-47838.64101022255
 20
6378.442754058866
 10
-48099.99999999994
 20
6117.083764281357
 10
-48099.99999999994
 20
5493.830607336015
 10
-47741.22669873718
 20
5135.057306073373
210
0.0
220
0.0
230
-1.0
  0
TEXT
  5
107
330
23
100
AcDbEntity
  8
KC-2B Non Scale View
100
AcDbText
 10
47170.73060733618
 20
5644.001984365517
 30
0.0
 40
225.4960914010823
  1
F
  7
Default
100
AcDbText
  0
LWPOLYLINE
  5
108
330
23
100
AcDbEntity
  8
KC-2B Non Scale View
  6
Continuous
100
AcDbPolyline
 90
        4
 70
     1
 43
0.0
 10
42325.73060733618
 20
5135.057306073373
 10
42325.73060733618
 20
2268.09999999986
 10
43241.22669873718
 20
2268.09999999986
 10
43241.22669873718
 20
5135.057306073373
  0
HATCH
  5
109
330
23
100
AcDbEntity
  8
KC-2B Non Scale View
100
AcDbHatch
 10
0.0
 20
0.0
 30
0.0
210
0.0
220
0.0
230
1.0
  2
WALLCHECK
 70
     0
 71
     0
 91
        1
 92
        3
 72
     0
 73
     1
 93
        4
 10
42325.73060733618
 20
5135.057306073373
 10
42325.73060733618
 20
2268.09999999986
 10
43241.22669873718
 20
2268.09999999986
 10
43241.22669873718
 20
5135.057306073373
 97
        0
 75
     0
 76
     2
 52
0.0
 41
0.0901984367519617
 77
     0
 78
     1
 53
45.0
 43
42783.47865303664
 44
5135.057306073373
 45
-127.5598525594761
 46
127.5598525594761
 79
     2
 49
9.019843675196169
 49
-0.0090198438096023
 98
        0
1001
ACAD
1010
191444.6382040489
1020
6846.609741431149
1030
0.0
  0
TEXT
  5
10A
330
23
100
AcDbEntity
  8
KC-2B Non Scale View
100
AcDbText
 10
42670.73060733618
 20
3588.830607336015
 30
0.0
 40
225.4960914010823
  1
B
  7
Default
100
AcDbText
  0
LWPOLYLINE
  5
10B
330
23
100
AcDbEntity
  8
KC-2B Non Scale View
  6
Continuous
100
AcDbPolyline
 90
        4
 70
     1
 43
0.0
 10
-42228.31629585091
 20
6378.442754058866
 10
-42228.31629585091
 20
9245.400060132146
 10
-43338.64101022255
 20
9245.400060132146
 10
-43338.64101022255
 20
6378.442754058866
210
0.0
220
0.0
230
-1.0
  0
TEXT
  5
10C
330
23
100
AcDbEntity
  8
KC-2B Non Scale View
100
AcDbText
 10
42670.73060733618
 20
7699.17336139502
 30
0.0
 40
225.4960914010823
  1
T
  7
Default
100
AcDbText
  0
LWPOLYLINE
  5
10D
330
23
100
AcDbEntity
  8
KC-2B Non Scale View
  6
Continuous
100
AcDbPolyline
 90
        4
 70
     1
 43
0.0
 10
-41966.95730607334
 20
5493.830607336015
 10
-39099.99999999994
 20
5493.830607336015
 10
-39099.99999999994
 20
6117.083764281357
 10
-41966.95730607334
 20
6117.083764281357
210
0.0
220
0.0
230
-1.0
  0
TEXT
  5
10E
330
23
100
AcDbEntity
  8
KC-2B Non Scale View
100
AcDbText
 10
40307.98256163555
 20
5692.7091401082
 30
0.0
 40
225.4960914010823
  1
SM
  7
Default
100
AcDbText
  0
LWPOLYLINE
  5
10F
330
23
100
AcDbEntity
  8
KC-2B Non Scale View
  6
Continuous
100
AcDbPolyline
 90
        4
 70
     1
 43
0.0
 10
-43599.99999999994
 20
6117.083764281357
 10
-46466.95730607334
 20
6117.083764281357
 10
-46466.95730607334
 20
5493.830607336015
 10
-43599.99999999994
 20
5493.830607336015
210
0.0
220
0.0
230
-1.0
  0
TEXT
  5
110
330
23
100
AcDbEntity
  8
KC-2B Non Scale View
100
AcDbText
 10
44807.98256163555
 20
5692.7091401082
 30
0.0
 40
225.4960914010823
  1
PM
  7
Default
100
AcDbText
  0
LWPOLYLINE
  5
111
330
23
100
AcDbEntity
  8
KC-2B Non Scale View
  6
Continuous
100
AcDbPolyline
 90
        4
 70
     1
 43
0.0
 10
-42325.73060733618
 20
5135.057306073373
 10
-40298.48565483934
 20
3107.812353576533
 10
-39939.71235357659
 20
3466.585654839175
 10
-41966.95730607334
 20
5493.830607336015
210
0.0
220
0.0
230
-1.0
  0
TEXT
  5
112
330
23
100
AcDbEntity
  8
KC-2B Non Scale View
100
AcDbText
 10
40907.22538905521
 20
4188.073434755672
 30
0.0
 40
225.4960914010823
  1
SL
  7
Default
100
AcDbText
  0
LWPOLYLINE
  5
113
330
23
100
AcDbEntity
  8
KC-2B Non Scale View
  6
Continuous
100
AcDbPolyline
 90
        4
 70
     1
 43
0.0
 10
-43599.99999999994
 20
5493.830607336015
 10
-45627.24495249678
 20
3466.585654839175
 10
-45268.47165123402
 20
3107.812353576533
 10
-43241.22669873718
 20
5135.057306073373
210
0.0
220
0.0
230
-1.0
  0
TEXT
  5
114
330
23
100
AcDbEntity
  8
KC-2B Non Scale View
100
AcDbText
 10
44208.73973421589
 20
4188.073434755672
 30
0.0
 40
225.4960914010823
  1
PL
  7
Default
100
AcDbText
  0
LWPOLYLINE
  5
115
330
23
100
AcDbEntity
  8
KC-2B Non Scale View
  6
Continuous
100
AcDbPolyline
 90
        4
 70
     1
 43
0.0
 10
-41966.95730607334
 20
6117.083764281357
 10
-39939.71235357659
 20
8144.328716778196
 10
-40201.07134335407
 20
8405.687706555706
 10
-42228.31629585091
 20
6378.442754058866
210
0.0
220
0.0
230
-1.0
  0
TEXT
  5
116
330
23
100
AcDbEntity
  8
KC-2B Non Scale View
100
AcDbText
 10
40858.51823331261
 20
7148.637689718045
 30
0.0
 40
225.4960914010823
  1
SU
  7
Default
100
AcDbText
  0
LWPOLYLINE
  5
117
330
23
100
AcDbEntity
  8
KC-2B Non Scale View
  6
Continuous
100
AcDbPolyline
 90
        4
 70
     1
 43
0.0
 10
-43338.64101022255
 20
6378.442754058866
 10
-45365.8859627193
 20
8405.687706555706
 10
-45627.24495249678
 20
8144.328716778196
 10
-43599.99999999994
 20
6117.083764281357
210
0.0
220
0.0
230
-1.0
  0
TEXT
  5
118
330
23
100
AcDbEntity
  8
KC-2B Non Scale View
100
AcDbText
 10
44257.44688995858
 20
7148.637689718045
 30
0.0
 40
225.4960914010823
  1
PU
  7
Default
100
AcDbText
  0
TEXT
  5
119
330
23
100
AcDbEntity
  8
KC-2B Non Scale View
100
AcDbText
 10
41157.38750839484
 20
9930.625043342354
 30
0.0
 40
300.0
  1
LOCATION OF TANK WALL
  7
Default
 72
     1
 11
43599.99999999994
 21
9845.400060132146
 31
0.0
100
AcDbText
 73
     1
  0
TEXT
  5
11A
330
23
100
AcDbEntity
  8
KC-2B Non Scale View
100
AcDbText
 10
42364.74143720612
 20
9555.625043342354
 30
0.0
 40
300.0
  1
(NON-SCALE)
  7
Default
 72
     1
 11
43599.99999999994
 21
9470.400060132146
 31
0.0
100
AcDbText
 73
     1
  0
LINE
  5
11B
330
23
100
AcDbEntity
  8
KC-2B Steel Wall
100
AcDbLine
 10
9222.213090551668
 20
22144.96309447882
 30
0.0
 11
41007.21309055167
 21
22144.96309447882
 31
0.0
210
0.0
220
0.0
230
-1.0
  0
LINE
  5
11C
330
23
100
AcDbEntity
  8
KC-2B Steel Wall
100
AcDbLine
 10
41007.21309055167
 20
22144.96309447882
 30
0.0
 11
41007.21309055167
 21
11995.23690552113
 31
0.0
210
0.0
220
0.0
230
-1.0
  0
LINE
  5
11D
330
23
100
AcDbEntity
  8
KC-2B Steel Wall
100
AcDbLine
 10
41007.21309055167
 20
11995.23690552113
 30
0.0
 11
9222.213090551668
 21
11995.23690552113
 31
0.0
210
0.0
220
0.0
230
-1.0
  0
LINE
  5
11E
330
23
100
AcDbEntity
  8
KC-2B Steel Wall
100
AcDbLine
 10
9222.213090551668
 20
11995.23690552113
 30
0.0
 11
9222.213090551668
 21
22144.96309447882
 31
0.0
210
0.0
220
0.0
230
-1.0
  0
LINE
  5
11F
330
23
100
AcDbEntity
  8
0
 62
     1
100
AcDbLine
 10
10534.71309055173
 20
17929.97219171422
 30
0.0
 11
10574.84089883795
 21
17970.10000000044
 31
0.0
1001
GradientColor1ACI
1070
     5
1001
GradientColor2ACI
1070
     2
1001
ACAD
1010
0.0
1020
0.0
1030
0.0
  0
LINE
  5
120
330
23
100
AcDbEntity
  8
0
 62
     1
100
AcDbLine
 10
10534.71309055167
 20
17211.55170202861
 30
0.0
 11
11293.26138852345
 21
17970.10000000044
 31
0.0
1001
GradientColor1ACI
1070
     5
1001
GradientColor2ACI
1070
     2
1001
ACAD
1010
0.0
1020
0.0
1030
0.0
  0
LINE
  5
121
330
23
100
AcDbEntity
  8
0
 62
     1
100
AcDbLine
 10
10534.71309055167
 20
16493.13121234311
 30
0.0
 11
11111.68187820853
 21
17070.09999999998
 31
0.0
1001
GradientColor1ACI
1070
     5
1001
GradientColor2ACI
1070
     2
1001
ACAD
1010
0.0
1020
0.0
1030
0.0
  0
LINE
  5
122
330
23
100
AcDbEntity
  8
0
 62
     1
100
AcDbLine
 10
11111.68187820853
 20
17070.09999999998
 30
0.0
 11
12011.681878209
 21
17970.10000000044
 31
0.0
1001
GradientColor1ACI
1070
     5
1001
GradientColor2ACI
1070
     2
1001
ACAD
1010
0.0
1020
0.0
1030
0.0
  0
LINE
  5
123
330
23
100
AcDbEntity
  8
0
 62
     1
100
AcDbLine
 10
10930.10236789455
 20
16170.10000000044
 30
0.0
 11
11830.10236789408
 21
17070.09999999998
 31
0.0
1001
GradientColor1ACI
1070
     5
1001
GradientColor2ACI
1070
     2
1001
ACAD
1010
0.0
1020
0.0
1030
0.0
  0
LINE
  5
124
330
23
100
AcDbEntity
  8
0
 62
     1
100
AcDbLine
 10
11830.10236789408
 20
17070.09999999998
 30
0.0
 11
12694.7130905517
 21
17934.71072265762
 31
0.0
1001
GradientColor1ACI
1070
     5
1001
GradientColor2ACI
1070
     2
1001
ACAD
1010
0.0
1020
0.0
1030
0.0
  0
LINE
  5
125
330
23
100
AcDbEntity
  8
0
 62
     1
100
AcDbLine
 10
11648.52285758007
 20
16170.10000000044
 30
0.0
 11
12548.52285757964
 21
17070.09999999998
 31
0.0
1001
GradientColor1ACI
1070
     5
1001
GradientColor2ACI
1070
     2
1001
ACAD
1010
0.0
1020
0.0
1030
0.0
  0
LINE
  5
126
330
23
100
AcDbEntity
  8
0
 62
     1
100
AcDbLine
 10
12548.52285757964
 20
17070.09999999998
 30
0.0
 11
12694.71309055167
 21
17216.29023297201
 31
0.0
1001
GradientColor1ACI
1070
     5
1001
GradientColor2ACI
1070
     2
1001
ACAD
1010
0.0
1020
0.0
1030
0.0
  0
LINE
  5
127
330
23
100
AcDbEntity
  8
0
 62
     1
100
AcDbLine
 10
12366.94334726559
 20
16170.10000000044
 30
0.0
 11
12694.7130905517
 21
16497.86974328652
 31
0.0
1001
GradientColor1ACI
1070
     5
1001
GradientColor2ACI
1070
     2
1001
ACAD
1010
0.0
1020
0.0
1030
0.0
  0
LINE
  5
128
330
23
100
AcDbEntity
  8
0
 62
     1
100
AcDbLine
 10
10534.71309055173
 20
17570.76179171423
 30
0.0
 11
10556.44191734365
 21
17592.49061850621
 31
0.0
1001
GradientColor1ACI
1070
     5
1001
GradientColor2ACI
1070
     2
1001
ACAD
1010
0.0
1020
0.0
1030
0.0
  0
LINE
  5
129
330
23
100
AcDbEntity
  8
0
 62
     1
100
AcDbLine
 10
10646.24447855435
 20
17682.29317971691
 30
0.0
 11
10825.84960097572
 21
17861.89830213832
 31
0.0
1001
GradientColor1ACI
1070
     5
1001
GradientColor2ACI
1070
     2
1001
ACAD
1010
0.0
1020
0.0
1030
0.0
  0
LINE
  5
12A
330
23
100
AcDbEntity
  8
0
 62
     1
100
AcDbLine
 10
10915.65216218642
 20
17951.70086334902
 30
0.0
 11
10934.05129883793
 21
17970.10000000056
 31
0.0
1001
GradientColor1ACI
1070
     5
1001
GradientColor2ACI
1070
     2
1001
ACAD
1010
0.0
1020
0.0
1030
0.0
  0
LINE
  5
12B
330
23
100
AcDbEntity
  8
0
 62
     1
100
AcDbLine
 10
10534.71309055167
 20
16852.34130202862
 30
0.0
 11
10646.24447855429
 21
16963.8726900313
 31
0.0
1001
GradientColor1ACI
1070
     5
1001
GradientColor2ACI
1070
     2
1001
ACAD
1010
0.0
1020
0.0
1030
0.0
  0
LINE
  5
12C
330
23
100
AcDbEntity
  8
0
 62
     1
100
AcDbLine
 10
10736.04703976499
 20
17053.67525124201
 30
0.0
 11
10752.47178852308
 21
17070.10000000009
 31
0.0
1001
GradientColor1ACI
1070
     5
1001
GradientColor2ACI
1070
     2
1001
ACAD
1010
0.0
1020
0.0
1030
0.0
  0
LINE
  5
12D
330
23
100
AcDbEntity
  8
0
 62
     1
100
AcDbLine
 10
10752.47178852302
 20
17070.09999999998
 30
0.0
 11
10915.65216218634
 21
17233.28037366329
 31
0.0
1001
GradientColor1ACI
1070
     5
1001
GradientColor2ACI
1070
     2
1001
ACAD
1010
0.0
1020
0.0
1030
0.0
  0
LINE
  5
12E
330
23
100
AcDbEntity
  8
0
 62
     1
100
AcDbLine
 10
11005.45472339704
 20
17323.08293487399
 30
0.0
 11
11185.05984581841
 21
17502.6880572954
 31
0.0
1001
GradientColor1ACI
1070
     5
1001
GradientColor2ACI
1070
     2
1001
ACAD
1010
0.0
1020
0.0
1030
0.0
  0
LINE
  5
12F
330
23
100
AcDbEntity
  8
0
 62
     1
100
AcDbLine
 10
11274.86240702911
 20
17592.4906185061
 30
0.0
 11
11454.46752945049
 21
17772.0957409275
 31
0.0
1001
GradientColor1ACI
1070
     5
1001
GradientColor2ACI
1070
     2
1001
ACAD
1010
0.0
1020
0.0
1030
0.0
  0
LINE
  5
130
330
23
100
AcDbEntity
  8
0
 62
     1
100
AcDbLine
 10
11544.27009066119
 20
17861.8983021382
 30
0.0
 11
11652.47178852346
 21
17970.10000000044
 31
0.0
1001
GradientColor1ACI
1070
     5
1001
GradientColor2ACI
1070
     2
1001
ACAD
1010
0.0
1020
0.0
1030
0.0
  0
LINE
  5
131
330
23
100
AcDbEntity
  8
0
 62
     1
100
AcDbLine
 10
10570.89227820901
 20
16170.10000000044
 30
0.0
 11
10736.04703976508
 21
16335.25476155651
 31
0.0
1001
GradientColor1ACI
1070
     5
1001
GradientColor2ACI
1070
     2
1001
ACAD
1010
0.0
1020
0.0
1030
0.0
  0
LINE
  5
132
330
23
100
AcDbEntity
  8
0
 62
     1
100
AcDbLine
 10
10825.84960097578
 20
16425.05732276721
 30
0.0
 11
11005.45472339715
 21
16604.66244518862
 31
0.0
1001
GradientColor1ACI
1070
     5
1001
GradientColor2ACI
1070
     2
1001
ACAD
1010
0.0
1020
0.0
1030
0.0
  0
LINE
  5
133
330
23
100
AcDbEntity
  8
0
 62
     1
100
AcDbLine
 10
11095.25728460785
 20
16694.46500639932
 30
0.0
 11
11274.86240702923
 21
16874.07012882072
 31
0.0
1001
GradientColor1ACI
1070
     5
1001
GradientColor2ACI
1070
     2
1001
ACAD
1010
0.0
1020
0.0
1030
0.0
  0
LINE
  5
134
330
23
100
AcDbEntity
  8
0
 62
     1
100
AcDbLine
 10
11364.66496823993
 20
16963.87269003142
 30
0.0
 11
11470.89227820854
 21
17070.09999999998
 31
0.0
1001
GradientColor1ACI
1070
     5
1001
GradientColor2ACI
1070
     2
1001
ACAD
1010
0.0
1020
0.0
1030
0.0
  0
LINE
  5
135
330
23
100
AcDbEntity
  8
0
 62
     1
100
AcDbLine
 10
11470.89227820851
 20
17070.09999999998
 30
0.0
 11
11544.2700906613
 21
17143.47781245271
 31
0.0
1001
GradientColor1ACI
1070
     5
1001
GradientColor2ACI
1070
     2
1001
ACAD
1010
0.0
1020
0.0
1030
0.0
  0
LINE
  5
136
330
23
100
AcDbEntity
  8
0
 62
     1
100
AcDbLine
 10
11634.072651872
 20
17233.28037366341
 30
0.0
 11
11813.67777429338
 21
17412.88549608481
 31
0.0
1001
GradientColor1ACI
1070
     5
1001
GradientColor2ACI
1070
     2
1001
ACAD
1010
0.0
1020
0.0
1030
0.0
  0
LINE
  5
137
330
23
100
AcDbEntity
  8
0
 62
     1
100
AcDbLine
 10
11903.48033550408
 20
17502.68805729551
 30
0.0
 11
12083.08545792545
 21
17682.29317971691
 31
0.0
1001
GradientColor1ACI
1070
     5
1001
GradientColor2ACI
1070
     2
1001
ACAD
1010
0.0
1020
0.0
1030
0.0
  0
LINE
  5
138
330
23
100
AcDbEntity
  8
0
 62
     1
100
AcDbLine
 10
12172.88801913615
 20
17772.09574092762
 30
0.0
 11
12352.49314155753
 21
17951.70086334902
 31
0.0
1001
GradientColor1ACI
1070
     5
1001
GradientColor2ACI
1070
     2
1001
ACAD
1010
0.0
1020
0.0
1030
0.0
  0
LINE
  5
139
330
23
100
AcDbEntity
  8
0
 62
     1
100
AcDbLine
 10
11289.31276789453
 20
16170.10000000044
 30
0.0
 11
11364.66496823993
 21
16245.45220034581
 31
0.0
1001
GradientColor1ACI
1070
     5
1001
GradientColor2ACI
1070
     2
1001
ACAD
1010
0.0
1020
0.0
1030
0.0
  0
LINE
  5
13A
330
23
100
AcDbEntity
  8
0
 62
     1
100
AcDbLine
 10
11454.46752945063
 20
16335.25476155651
 30
0.0
 11
11634.072651872
 21
16514.85988397792
 31
0.0
1001
GradientColor1ACI
1070
     5
1001
GradientColor2ACI
1070
     2
1001
ACAD
1010
0.0
1020
0.0
1030
0.0
  0
LINE
  5
13B
330
23
100
AcDbEntity
  8
0
 62
     1
100
AcDbLine
 10
11723.87521308271
 20
16604.66244518862
 30
0.0
 11
11903.48033550408
 21
16784.26756761002
 31
0.0
1001
GradientColor1ACI
1070
     5
1001
GradientColor2ACI
1070
     2
1001
ACAD
1010
0.0
1020
0.0
1030
0.0
  0
LINE
  5
13C
330
23
100
AcDbEntity
  8
0
 62
     1
100
AcDbLine
 10
11993.28289671478
 20
16874.07012882072
 30
0.0
 11
12172.88801913615
 21
17053.67525124212
 31
0.0
1001
GradientColor1ACI
1070
     5
1001
GradientColor2ACI
1070
     2
1001
ACAD
1010
0.0
1020
0.0
1030
0.0
  0
LINE
  5
13D
330
23
100
AcDbEntity
  8
0
 62
     1
100
AcDbLine
 10
12262.6905803468
 20
17143.47781245282
 30
0.0
 11
12442.29570276817
 21
17323.08293487423
 31
0.0
1001
GradientColor1ACI
1070
     5
1001
GradientColor2ACI
1070
     2
1001
ACAD
1010
0.0
1020
0.0
1030
0.0
  0
LINE
  5
13E
330
23
100
AcDbEntity
  8
0
 62
     1
100
AcDbLine
 10
12532.09826397887
 20
17412.88549608493
 30
0.0
 11
12694.71309055173
 21
17575.50032265775
 31
0.0
1001
GradientColor1ACI
1070
     5
1001
GradientColor2ACI
1070
     2
1001
ACAD
1010
0.0
1020
0.0
1030
0.0
  0
LINE
  5
13F
330
23
100
AcDbEntity
  8
0
 62
     1
100
AcDbLine
 10
12083.08545792536
 20
16245.4522003457
 30
0.0
 11
12262.69058034674
 21
16425.0573227671
 31
0.0
1001
GradientColor1ACI
1070
     5
1001
GradientColor2ACI
1070
     2
1001
ACAD
1010
0.0
1020
0.0
1030
0.0
  0
LINE
  5
140
330
23
100
AcDbEntity
  8
0
 62
     1
100
AcDbLine
 10
12352.49314155744
 20
16514.8598839778
 30
0.0
 11
12532.09826397881
 21
16694.4650063992
 31
0.0
1001
GradientColor1ACI
1070
     5
1001
GradientColor2ACI
1070
     2
1001
ACAD
1010
0.0
1020
0.0
1030
0.0
  0
LINE
  5
141
330
23
100
AcDbEntity
  8
0
 62
     1
100
AcDbLine
 10
12621.90082518951
 20
16784.2675676099
 30
0.0
 11
12694.71309055167
 21
16857.07983297203
 31
0.0
1001
GradientColor1ACI
1070
     5
1001
GradientColor2ACI
1070
     2
1001
ACAD
1010
0.0
1020
0.0
1030
0.0
  0
LINE
  5
4C0
330
23
100
AcDbEntity
  8
KC-2B Membrane Sheet UM
  6
Continuous
100
AcDbLine
 10
40429.71309055144
 20
21879.10000000033
 30
0.0
 11
39694.71309055144
 21
21879.10000000033
 31
0.0
  0
LINE
  5
4C1
330
23
100
AcDbEntity
  8
KC-2B Membrane Sheet UM
  6
Continuous
100
AcDbLine
 10
39694.71309055144
 20
21879.10000000033
 30
0.0
 11
39694.71309055144
 21
19050.10000000033
 31
0.0
  0
LINE
  5
4C2
330
23
100
AcDbEntity
  8
KC-2B Membrane Sheet UM
  6
Continuous
100
AcDbLine
 10
40429.71309055144
 20
19050.10000000033
 30
0.0
 11
40429.71309055144
 21
21879.10000000033
 31
0.0
  0
LINE
  5
4EB
330
23
100
AcDbEntity
  8
KC-2B Membrane Sheet UM
  6
Continuous
100
AcDbLine
 10
40429.71309055167
 20
12261.09999999986
 30
0.0
 11
39694.71309055167
 21
12261.09999999986
 31
0.0
  0
LINE
  5
4EC
330
23
100
AcDbEntity
  8
KC-2B Membrane Sheet UM
  6
Continuous
100
AcDbLine
 10
39694.71309055167
 20
12261.09999999986
 30
0.0
 11
39694.71309055167
 21
15090.09999999986
 31
0.0
  0
LINE
  5
4ED
330
23
100
AcDbEntity
  8
KC-2B Membrane Sheet UM
  6
Continuous
100
AcDbLine
 10
39694.71309055167
 20
15090.09999999986
 30
0.0
 11
40429.71309055167
 21
15090.09999999986
 31
0.0
  0
LINE
  5
4EE
330
23
100
AcDbEntity
  8
KC-2B Membrane Sheet UM
  6
Continuous
100
AcDbLine
 10
40429.71309055167
 20
15090.09999999986
 30
0.0
 11
40429.71309055167
 21
12261.09999999986
 31
0.0
  0
LINE
  5
4EF
330
23
100
AcDbEntity
  8
KC-2B Membrane Sheet UM
  6
Continuous
100
AcDbLine
 10
9799.713090551668
 20
12261.10000000033
 30
0.0
 11
10534.71309055167
 21
12261.10000000033
 31
0.0
  0
LINE
  5
4F0
330
23
100
AcDbEntity
  8
KC-2B Membrane Sheet UM
  6
Continuous
100
AcDbLine
 10
10534.71309055167
 20
12261.10000000033
 30
0.0
 11
10534.71309055167
 21
15090.10000000033
 31
0.0
  0
LINE
  5
4F1
330
23
100
AcDbEntity
  8
KC-2B Membrane Sheet UM
  6
Continuous
100
AcDbLine
 10
10534.71309055167
 20
15090.10000000033
 30
0.0
 11
9799.713090551668
 21
15090.10000000033
 31
0.0
  0
LINE
  5
4F2
330
23
100
AcDbEntity
  8
KC-2B Membrane Sheet UM
  6
Continuous
100
AcDbLine
 10
9799.713090551668
 20
15090.10000000033
 30
0.0
 11
9799.713090551668
 21
12261.10000000033
 31
0.0
  0
LINE
  5
4F3
330
23
100
AcDbEntity
  8
KC-2B Membrane Sheet UM
  6
Continuous
100
AcDbLine
 10
9799.713090551668
 20
21879.10000000044
 30
0.0
 11
10534.71309055167
 21
21879.10000000044
 31
0.0
  0
LINE
  5
4F4
330
23
100
AcDbEntity
  8
KC-2B Membrane Sheet UM
  6
Continuous
100
AcDbLine
 10
10534.71309055167
 20
21879.10000000044
 30
0.0
 11
10534.71309055167
 21
19050.10000000044
 31
0.0
  0
LINE
  5
4F5
330
23
100
AcDbEntity
  8
KC-2B Membrane Sheet UM
  6
Continuous
100
AcDbLine
 10
10534.71309055167
 20
19050.10000000044
 30
0.0
 11
9799.713090551668
 21
19050.10000000044
 31
0.0
  0
LINE
  5
4F6
330
23
100
AcDbEntity
  8
KC-2B Membrane Sheet UM
  6
Continuous
100
AcDbLine
 10
9799.713090551668
 20
19050.10000000044
 30
0.0
 11
9799.713090551668
 21
21879.10000000044
 31
0.0
  0
LINE
  5
4F7
330
23
100
AcDbEntity
  8
KC-2B Membrane Sheet UM
  6
Continuous
100
AcDbLine
 10
32134.71309055167
 20
21879.10000000044
 30
0.0
 11
32134.71309055164
 21
19050.10000000044
 31
0.0
  0
LINE
  5
4F8
330
23
100
AcDbEntity
  8
KC-2B Membrane Sheet UM
  6
Continuous
100
AcDbLine
 10
33214.71309055164
 20
19050.10000000044
 30
0.0
 11
33214.71309055167
 21
21879.10000000044
 31
0.0
  0
LINE
  5
4F9
330
23
100
AcDbEntity
  8
KC-2B Membrane Sheet UM
  6
Continuous
100
AcDbLine
 10
33214.71309055167
 20
21879.10000000044
 30
0.0
 11
32134.71309055167
 21
21879.10000000044
 31
0.0
  0
LINE
  5
4FA
330
23
100
AcDbEntity
  8
KC-2B Membrane Sheet UM
  6
Continuous
100
AcDbLine
 10
38614.71309055167
 20
12261.10000000044
 30
0.0
 11
38614.71309055164
 21
15090.10000000044
 31
0.0
  0
LINE
  5
4FB
330
23
100
AcDbEntity
  8
KC-2B Membrane Sheet UM
  6
Continuous
100
AcDbLine
 10
39694.71309055164
 20
15090.10000000044
 30
0.0
 11
39694.71309055167
 21
12261.10000000044
 31
0.0
  0
LINE
  5
4FC
330
23
100
AcDbEntity
  8
KC-2B Membrane Sheet UM
  6
Continuous
100
AcDbLine
 10
39694.71309055167
 20
12261.10000000044
 30
0.0
 11
38614.71309055167
 21
12261.10000000044
 31
0.0
  0
LINE
  5
4FD
330
23
100
AcDbEntity
  8
KC-2B Membrane Sheet UM
  6
Continuous
100
AcDbLine
 10
37534.71309055167
 20
21879.10000000044
 30
0.0
 11
37534.71309055164
 21
19050.10000000044
 31
0.0
  0
LINE
  5
4FE
330
23
100
AcDbEntity
  8
KC-2B Membrane Sheet UM
  6
Continuous
100
AcDbLine
 10
38614.71309055164
 20
19050.10000000044
 30
0.0
 11
38614.71309055167
 21
21879.10000000044
 31
0.0
  0
LINE
  5
4FF
330
23
100
AcDbEntity
  8
KC-2B Membrane Sheet UM
  6
Continuous
100
AcDbLine
 10
38614.71309055167
 20
21879.10000000044
 30
0.0
 11
37534.71309055167
 21
21879.10000000044
 31
0.0
  0
LINE
  5
500
330
23
100
AcDbEntity
  8
KC-2B Membrane Sheet UM
  6
Continuous
100
AcDbLine
 10
37534.71309055167
 20
12261.10000000044
 30
0.0
 11
37534.71309055164
 21
15090.10000000044
 31
0.0
  0
LINE
  5
501
330
23
100
AcDbEntity
  8
KC-2B Membrane Sheet UM
  6
Continuous
100
AcDbLine
 10
38614.71309055164
 20
15090.10000000044
 30
0.0
 11
38614.71309055167
 21
12261.10000000044
 31
0.0
  0
LINE
  5
502
330
23
100
AcDbEntity
  8
KC-2B Membrane Sheet UM
  6
Continuous
100
AcDbLine
 10
38614.71309055167
 20
12261.10000000044
 30
0.0
 11
37534.71309055167
 21
12261.10000000044
 31
0.0
  0
LINE
  5
503
330
23
100
AcDbEntity
  8
KC-2B Membrane Sheet UM
  6
Continuous
100
AcDbLine
 10
36454.71309055167
 20
21879.10000000044
 30
0.0
 11
36454.71309055164
 21
19050.10000000044
 31
0.0
  0
LINE
  5
504
330
23
100
AcDbEntity
  8
KC-2B Membrane Sheet UM
  6
Continuous
100
AcDbLine
 10
37534.71309055164
 20
19050.10000000044
 30
0.0
 11
37534.71309055167
 21
21879.10000000044
 31
0.0
  0
LINE
  5
505
330
23
100
AcDbEntity
  8
KC-2B Membrane Sheet UM
  6
Continuous
100
AcDbLine
 10
37534.71309055167
 20
21879.10000000044
 30
0.0
 11
36454.71309055167
 21
21879.10000000044
 31
0.0
  0
LINE
  5
506
330
23
100
AcDbEntity
  8
KC-2B Membrane Sheet UM
  6
Continuous
100
AcDbLine
 10
36454.71309055167
 20
12261.10000000044
 30
0.0
 11
36454.71309055164
 21
15090.10000000044
 31
0.0
  0
LINE
  5
507
330
23
100
AcDbEntity
  8
KC-2B Membrane Sheet UM
  6
Continuous
100
AcDbLine
 10
37534.71309055164
 20
15090.10000000044
 30
0.0
 11
37534.71309055167
 21
12261.10000000044
 31
0.0
  0
LINE
  5
508
330
23
100
AcDbEntity
  8
KC-2B Membrane Sheet UM
  6
Continuous
100
AcDbLine
 10
37534.71309055167
 20
12261.10000000044
 30
0.0
 11
36454.71309055167
 21
12261.10000000044
 31
0.0
  0
LINE
  5
509
330
23
100
AcDbEntity
  8
KC-2B Membrane Sheet UM
  6
Continuous
100
AcDbLine
 10
35374.71309055167
 20
21879.10000000044
 30
0.0
 11
35374.71309055164
 21
19050.10000000044
 31
0.0
  0
LINE
  5
50A
330
23
100
AcDbEntity
  8
KC-2B Membrane Sheet UM
  6
Continuous
100
AcDbLine
 10
36454.71309055164
 20
19050.10000000044
 30
0.0
 11
36454.71309055167
 21
21879.10000000044
 31
0.0
  0
LINE
  5
50B
330
23
100
AcDbEntity
  8
KC-2B Membrane Sheet UM
  6
Continuous
100
AcDbLine
 10
36454.71309055167
 20
21879.10000000044
 30
0.0
 11
35374.71309055167
 21
21879.10000000044
 31
0.0
  0
LINE
  5
50C
330
23
100
AcDbEntity
  8
KC-2B Membrane Sheet UM
  6
Continuous
100
AcDbLine
 10
35374.71309055167
 20
12261.10000000044
 30
0.0
 11
35374.71309055164
 21
15090.10000000044
 31
0.0
  0
LINE
  5
50D
330
23
100
AcDbEntity
  8
KC-2B Membrane Sheet UM
  6
Continuous
100
AcDbLine
 10
36454.71309055164
 20
15090.10000000044
 30
0.0
 11
36454.71309055167
 21
12261.10000000044
 31
0.0
  0
LINE
  5
50E
330
23
100
AcDbEntity
  8
KC-2B Membrane Sheet UM
  6
Continuous
100
AcDbLine
 10
36454.71309055167
 20
12261.10000000044
 30
0.0
 11
35374.71309055167
 21
12261.10000000044
 31
0.0
  0
LINE
  5
50F
330
23
100
AcDbEntity
  8
KC-2B Membrane Sheet UM
  6
Continuous
100
AcDbLine
 10
34294.71309055167
 20
21879.10000000044
 30
0.0
 11
34294.71309055164
 21
19050.10000000044
 31
0.0
  0
LINE
  5
510
330
23
100
AcDbEntity
  8
KC-2B Membrane Sheet UM
  6
Continuous
100
AcDbLine
 10
35374.71309055164
 20
19050.10000000044
 30
0.0
 11
35374.71309055167
 21
21879.10000000044
 31
0.0
  0
LINE
  5
511
330
23
100
AcDbEntity
  8
KC-2B Membrane Sheet UM
  6
Continuous
100
AcDbLine
 10
35374.71309055167
 20
21879.10000000044
 30
0.0
 11
34294.71309055167
 21
21879.10000000044
 31
0.0
  0
LINE
  5
512
330
23
100
AcDbEntity
  8
KC-2B Membrane Sheet UM
  6
Continuous
100
AcDbLine
 10
34294.71309055167
 20
12261.10000000044
 30
0.0
 11
34294.71309055164
 21
15090.10000000044
 31
0.0
  0
LINE
  5
513
330
23
100
AcDbEntity
  8
KC-2B Membrane Sheet UM
  6
Continuous
100
AcDbLine
 10
35374.71309055164
 20
15090.10000000044
 30
0.0
 11
35374.71309055167
 21
12261.10000000044
 31
0.0
  0
LINE
  5
514
330
23
100
AcDbEntity
  8
KC-2B Membrane Sheet UM
  6
Continuous
100
AcDbLine
 10
35374.71309055167
 20
12261.10000000044
 30
0.0
 11
34294.71309055167
 21
12261.10000000044
 31
0.0
  0
LINE
  5
515
330
23
100
AcDbEntity
  8
KC-2B Membrane Sheet UM
  6
Continuous
100
AcDbLine
 10
33214.71309055167
 20
21879.10000000044
 30
0.0
 11
33214.71309055164
 21
19050.10000000044
 31
0.0
  0
LINE
  5
516
330
23
100
AcDbEntity
  8
KC-2B Membrane Sheet UM
  6
Continuous
100
AcDbLine
 10
34294.71309055164
 20
19050.10000000044
 30
0.0
 11
34294.71309055167
 21
21879.10000000044
 31
0.0
  0
LINE
  5
517
330
23
100
AcDbEntity
  8
KC-2B Membrane Sheet UM
  6
Continuous
100
AcDbLine
 10
34294.71309055167
 20
21879.10000000044
 30
0.0
 11
33214.71309055167
 21
21879.10000000044
 31
0.0
  0
LINE
  5
518
330
23
100
AcDbEntity
  8
KC-2B Membrane Sheet UM
  6
Continuous
100
AcDbLine
 10
33214.71309055167
 20
12261.10000000044
 30
0.0
 11
33214.71309055164
 21
15090.10000000044
 31
0.0
  0
LINE
  5
519
330
23
100
AcDbEntity
  8
KC-2B Membrane Sheet UM
  6
Continuous
100
AcDbLine
 10
34294.71309055164
 20
15090.10000000044
 30
0.0
 11
34294.71309055167
 21
12261.10000000044
 31
0.0
  0
LINE
  5
51A
330
23
100
AcDbEntity
  8
KC-2B Membrane Sheet UM
  6
Continuous
100
AcDbLine
 10
34294.71309055167
 20
12261.10000000044
 30
0.0
 11
33214.71309055167
 21
12261.10000000044
 31
0.0
  0
LINE
  5
51B
330
23
100
AcDbEntity
  8
KC-2B Membrane Sheet UM
  6
Continuous
100
AcDbLine
 10
32134.71309055167
 20
12261.10000000044
 30
0.0
 11
32134.71309055164
 21
15090.10000000044
 31
0.0
  0
LINE
  5
51C
330
23
100
AcDbEntity
  8
KC-2B Membrane Sheet UM
  6
Continuous
100
AcDbLine
 10
33214.71309055164
 20
15090.10000000044
 30
0.0
 11
33214.71309055167
 21
12261.10000000044
 31
0.0
  0
LINE
  5
51D
330
23
100
AcDbEntity
  8
KC-2B Membrane Sheet UM
  6
Continuous
100
AcDbLine
 10
33214.71309055167
 20
12261.10000000044
 30
0.0
 11
32134.71309055167
 21
12261.10000000044
 31
0.0
  0
LINE
  5
51E
330
23
100
AcDbEntity
  8
KC-2B Membrane Sheet UM
  6
Continuous
100
AcDbLine
 10
31054.71309055167
 20
21879.10000000044
 30
0.0
 11
31054.71309055164
 21
19050.10000000044
 31
0.0
  0
LINE
  5
51F
330
23
100
AcDbEntity
  8
KC-2B Membrane Sheet UM
  6
Continuous
100
AcDbLine
 10
32134.71309055164
 20
19050.10000000044
 30
0.0
 11
32134.71309055167
 21
21879.10000000044
 31
0.0
  0
LINE
  5
520
330
23
100
AcDbEntity
  8
KC-2B Membrane Sheet UM
  6
Continuous
100
AcDbLine
 10
32134.71309055167
 20
21879.10000000044
 30
0.0
 11
31054.71309055167
 21
21879.10000000044
 31
0.0
  0
LINE
  5
521
330
23
100
AcDbEntity
  8
KC-2B Membrane Sheet UM
  6
Continuous
100
AcDbLine
 10
31054.71309055167
 20
12261.10000000044
 30
0.0
 11
31054.71309055164
 21
15090.10000000044
 31
0.0
  0
LINE
  5
522
330
23
100
AcDbEntity
  8
KC-2B Membrane Sheet UM
  6
Continuous
100
AcDbLine
 10
32134.71309055164
 20
15090.10000000044
 30
0.0
 11
32134.71309055167
 21
12261.10000000044
 31
0.0
  0
LINE
  5
523
330
23
100
AcDbEntity
  8
KC-2B Membrane Sheet UM
  6
Continuous
100
AcDbLine
 10
32134.71309055167
 20
12261.10000000044
 30
0.0
 11
31054.71309055167
 21
12261.10000000044
 31
0.0
  0
LINE
  5
524
330
23
100
AcDbEntity
  8
KC-2B Membrane Sheet UM
  6
Continuous
100
AcDbLine
 10
29974.71309055167
 20
21879.10000000044
 30
0.0
 11
29974.71309055164
 21
19050.10000000044
 31
0.0
  0
LINE
  5
525
330
23
100
AcDbEntity
  8
KC-2B Membrane Sheet UM
  6
Continuous
100
AcDbLine
 10
31054.71309055164
 20
19050.10000000044
 30
0.0
 11
31054.71309055167
 21
21879.10000000044
 31
0.0
  0
LINE
  5
526
330
23
100
AcDbEntity
  8
KC-2B Membrane Sheet UM
  6
Continuous
100
AcDbLine
 10
31054.71309055167
 20
21879.10000000044
 30
0.0
 11
29974.71309055167
 21
21879.10000000044
 31
0.0
  0
LINE
  5
527
330
23
100
AcDbEntity
  8
KC-2B Membrane Sheet UM
  6
Continuous
100
AcDbLine
 10
29974.71309055167
 20
12261.10000000044
 30
0.0
 11
29974.71309055164
 21
15090.10000000044
 31
0.0
  0
LINE
  5
528
330
23
100
AcDbEntity
  8
KC-2B Membrane Sheet UM
  6
Continuous
100
AcDbLine
 10
31054.71309055164
 20
15090.10000000044
 30
0.0
 11
31054.71309055167
 21
12261.10000000044
 31
0.0
  0
LINE
  5
529
330
23
100
AcDbEntity
  8
KC-2B Membrane Sheet UM
  6
Continuous
100
AcDbLine
 10
31054.71309055167
 20
12261.10000000044
 30
0.0
 11
29974.71309055167
 21
12261.10000000044
 31
0.0
  0
LINE
  5
52A
330
23
100
AcDbEntity
  8
KC-2B Membrane Sheet UM
  6
Continuous
100
AcDbLine
 10
28894.71309055167
 20
21879.10000000044
 30
0.0
 11
28894.71309055164
 21
19050.10000000044
 31
0.0
  0
LINE
  5
52B
330
23
100
AcDbEntity
  8
KC-2B Membrane Sheet UM
  6
Continuous
100
AcDbLine
 10
29974.71309055164
 20
19050.10000000044
 30
0.0
 11
29974.71309055167
 21
21879.10000000044
 31
0.0
  0
LINE
  5
52C
330
23
100
AcDbEntity
  8
KC-2B Membrane Sheet UM
  6
Continuous
100
AcDbLine
 10
29974.71309055167
 20
21879.10000000044
 30
0.0
 11
28894.71309055167
 21
21879.10000000044
 31
0.0
  0
LINE
  5
52D
330
23
100
AcDbEntity
  8
KC-2B Membrane Sheet UM
  6
Continuous
100
AcDbLine
 10
28894.71309055167
 20
12261.10000000044
 30
0.0
 11
28894.71309055164
 21
15090.10000000044
 31
0.0
  0
LINE
  5
52E
330
23
100
AcDbEntity
  8
KC-2B Membrane Sheet UM
  6
Continuous
100
AcDbLine
 10
29974.71309055164
 20
15090.10000000044
 30
0.0
 11
29974.71309055167
 21
12261.10000000044
 31
0.0
  0
LINE
  5
52F
330
23
100
AcDbEntity
  8
KC-2B Membrane Sheet UM
  6
Continuous
100
AcDbLine
 10
29974.71309055167
 20
12261.10000000044
 30
0.0
 11
28894.71309055167
 21
12261.10000000044
 31
0.0
  0
LINE
  5
530
330
23
100
AcDbEntity
  8
KC-2B Membrane Sheet UM
  6
Continuous
100
AcDbLine
 10
27814.71309055167
 20
21879.10000000044
 30
0.0
 11
27814.71309055164
 21
19050.10000000044
 31
0.0
  0
LINE
  5
531
330
23
100
AcDbEntity
  8
KC-2B Membrane Sheet UM
  6
Continuous
100
AcDbLine
 10
28894.71309055164
 20
19050.10000000044
 30
0.0
 11
28894.71309055167
 21
21879.10000000044
 31
0.0
  0
LINE
  5
532
330
23
100
AcDbEntity
  8
KC-2B Membrane Sheet UM
  6
Continuous
100
AcDbLine
 10
28894.71309055167
 20
21879.10000000044
 30
0.0
 11
27814.71309055167
 21
21879.10000000044
 31
0.0
  0
LINE
  5
533
330
23
100
AcDbEntity
  8
KC-2B Membrane Sheet UM
  6
Continuous
100
AcDbLine
 10
27814.71309055167
 20
12261.10000000044
 30
0.0
 11
27814.71309055164
 21
15090.10000000044
 31
0.0
  0
LINE
  5
534
330
23
100
AcDbEntity
  8
KC-2B Membrane Sheet UM
  6
Continuous
100
AcDbLine
 10
28894.71309055164
 20
15090.10000000044
 30
0.0
 11
28894.71309055167
 21
12261.10000000044
 31
0.0
  0
LINE
  5
535
330
23
100
AcDbEntity
  8
KC-2B Membrane Sheet UM
  6
Continuous
100
AcDbLine
 10
28894.71309055167
 20
12261.10000000044
 30
0.0
 11
27814.71309055167
 21
12261.10000000044
 31
0.0
  0
LINE
  5
536
330
23
100
AcDbEntity
  8
KC-2B Membrane Sheet UM
  6
Continuous
100
AcDbLine
 10
26734.71309055167
 20
21879.10000000044
 30
0.0
 11
26734.71309055164
 21
19050.10000000044
 31
0.0
  0
LINE
  5
537
330
23
100
AcDbEntity
  8
KC-2B Membrane Sheet UM
  6
Continuous
100
AcDbLine
 10
27814.71309055164
 20
19050.10000000044
 30
0.0
 11
27814.71309055167
 21
21879.10000000044
 31
0.0
  0
LINE
  5
538
330
23
100
AcDbEntity
  8
KC-2B Membrane Sheet UM
  6
Continuous
100
AcDbLine
 10
27814.71309055167
 20
21879.10000000044
 30
0.0
 11
26734.71309055167
 21
21879.10000000044
 31
0.0
  0
LINE
  5
539
330
23
100
AcDbEntity
  8
KC-2B Membrane Sheet UM
  6
Continuous
100
AcDbLine
 10
26734.71309055167
 20
12261.10000000044
 30
0.0
 11
26734.71309055164
 21
15090.10000000044
 31
0.0
  0
LINE
  5
53A
330
23
100
AcDbEntity
  8
KC-2B Membrane Sheet UM
  6
Continuous
100
AcDbLine
 10
27814.71309055164
 20
15090.10000000044
 30
0.0
 11
27814.71309055167
 21
12261.10000000044
 31
0.0
  0
LINE
  5
53B
330
23
100
AcDbEntity
  8
KC-2B Membrane Sheet UM
  6
Continuous
100
AcDbLine
 10
27814.71309055167
 20
12261.10000000044
 30
0.0
 11
26734.71309055167
 21
12261.10000000044
 31
0.0
  0
LINE
  5
53C
330
23
100
AcDbEntity
  8
KC-2B Membrane Sheet UM
  6
Continuous
100
AcDbLine
 10
25654.71309055167
 20
21879.10000000044
 30
0.0
 11
25654.71309055164
 21
19050.10000000044
 31
0.0
  0
LINE
  5
53D
330
23
100
AcDbEntity
  8
KC-2B Membrane Sheet UM
  6
Continuous
100
AcDbLine
 10
26734.71309055164
 20
19050.10000000044
 30
0.0
 11
26734.71309055167
 21
21879.10000000044
 31
0.0
  0
LINE
  5
53E
330
23
100
AcDbEntity
  8
KC-2B Membrane Sheet UM
  6
Continuous
100
AcDbLine
 10
26734.71309055167
 20
21879.10000000044
 30
0.0
 11
25654.71309055167
 21
21879.10000000044
 31
0.0
  0
LINE
  5
53F
330
23
100
AcDbEntity
  8
KC-2B Membrane Sheet UM
  6
Continuous
100
AcDbLine
 10
26734.71309055167
 20
12261.10000000056
 30
0.0
 11
26734.7130905517
 21
15090.10000000056
 31
0.0
  0
LINE
  5
540
330
23
100
AcDbEntity
  8
KC-2B Membrane Sheet UM
  6
Continuous
100
AcDbLine
 10
25654.7130905517
 20
15090.10000000056
 30
0.0
 11
25654.71309055167
 21
12261.10000000056
 31
0.0
  0
LINE
  5
541
330
23
100
AcDbEntity
  8
KC-2B Membrane Sheet UM
  6
Continuous
100
AcDbLine
 10
25654.71309055167
 20
12261.10000000056
 30
0.0
 11
26734.71309055167
 21
12261.10000000056
 31
0.0
  0
LINE
  5
542
330
23
100
AcDbEntity
  8
KC-2B Membrane Sheet UM
  6
Continuous
100
AcDbLine
 10
25654.71309055167
 20
12261.10000000056
 30
0.0
 11
25654.7130905517
 21
15090.10000000056
 31
0.0
  0
LINE
  5
543
330
23
100
AcDbEntity
  8
KC-2B Membrane Sheet UM
  6
Continuous
100
AcDbLine
 10
24574.7130905517
 20
15090.10000000056
 30
0.0
 11
24574.71309055167
 21
12261.10000000056
 31
0.0
  0
LINE
  5
544
330
23
100
AcDbEntity
  8
KC-2B Membrane Sheet UM
  6
Continuous
100
AcDbLine
 10
24574.71309055167
 20
12261.10000000056
 30
0.0
 11
25654.71309055167
 21
12261.10000000056
 31
0.0
  0
LINE
  5
545
330
23
100
AcDbEntity
  8
KC-2B Membrane Sheet UM
  6
Continuous
100
AcDbLine
 10
25654.71309055167
 20
21879.10000000056
 30
0.0
 11
25654.7130905517
 21
19050.10000000056
 31
0.0
  0
LINE
  5
546
330
23
100
AcDbEntity
  8
KC-2B Membrane Sheet UM
  6
Continuous
100
AcDbLine
 10
24574.7130905517
 20
19050.10000000056
 30
0.0
 11
24574.71309055167
 21
21879.10000000056
 31
0.0
  0
LINE
  5
547
330
23
100
AcDbEntity
  8
KC-2B Membrane Sheet UM
  6
Continuous
100
AcDbLine
 10
24574.71309055167
 20
21879.10000000056
 30
0.0
 11
25654.71309055167
 21
21879.10000000056
 31
0.0
  0
LINE
  5
548
330
23
100
AcDbEntity
  8
KC-2B Membrane Sheet UM
  6
Continuous
100
AcDbLine
 10
24574.71309055167
 20
12261.10000000056
 30
0.0
 11
24574.7130905517
 21
15090.10000000056
 31
0.0
  0
LINE
  5
549
330
23
100
AcDbEntity
  8
KC-2B Membrane Sheet UM
  6
Continuous
100
AcDbLine
 10
23494.7130905517
 20
15090.10000000056
 30
0.0
 11
23494.71309055167
 21
12261.10000000056
 31
0.0
  0
LINE
  5
54A
330
23
100
AcDbEntity
  8
KC-2B Membrane Sheet UM
  6
Continuous
100
AcDbLine
 10
23494.71309055167
 20
12261.10000000056
 30
0.0
 11
24574.71309055167
 21
12261.10000000056
 31
0.0
  0
LINE
  5
54B
330
23
100
AcDbEntity
  8
KC-2B Membrane Sheet UM
  6
Continuous
100
AcDbLine
 10
24574.71309055167
 20
21879.10000000056
 30
0.0
 11
24574.7130905517
 21
19050.10000000056
 31
0.0
  0
LINE
  5
54C
330
23
100
AcDbEntity
  8
KC-2B Membrane Sheet UM
  6
Continuous
100
AcDbLine
 10
23494.7130905517
 20
19050.10000000056
 30
0.0
 11
23494.71309055167
 21
21879.10000000056
 31
0.0
  0
LINE
  5
54D
330
23
100
AcDbEntity
  8
KC-2B Membrane Sheet UM
  6
Continuous
100
AcDbLine
 10
23494.71309055167
 20
21879.10000000056
 30
0.0
 11
24574.71309055167
 21
21879.10000000056
 31
0.0
  0
LINE
  5
54E
330
23
100
AcDbEntity
  8
KC-2B Membrane Sheet UM
  6
Continuous
100
AcDbLine
 10
23494.71309055167
 20
12261.10000000056
 30
0.0
 11
23494.7130905517
 21
15090.10000000056
 31
0.0
  0
LINE
  5
54F
330
23
100
AcDbEntity
  8
KC-2B Membrane Sheet UM
  6
Continuous
100
AcDbLine
 10
22414.7130905517
 20
15090.10000000056
 30
0.0
 11
22414.71309055167
 21
12261.10000000056
 31
0.0
  0
LINE
  5
550
330
23
100
AcDbEntity
  8
KC-2B Membrane Sheet UM
  6
Continuous
100
AcDbLine
 10
22414.71309055167
 20
12261.10000000056
 30
0.0
 11
23494.71309055167
 21
12261.10000000056
 31
0.0
  0
LINE
  5
551
330
23
100
AcDbEntity
  8
KC-2B Membrane Sheet UM
  6
Continuous
100
AcDbLine
 10
23494.71309055167
 20
21879.10000000056
 30
0.0
 11
23494.7130905517
 21
19050.10000000056
 31
0.0
  0
LINE
  5
552
330
23
100
AcDbEntity
  8
KC-2B Membrane Sheet UM
  6
Continuous
100
AcDbLine
 10
22414.7130905517
 20
19050.10000000056
 30
0.0
 11
22414.71309055167
 21
21879.10000000056
 31
0.0
  0
LINE
  5
553
330
23
100
AcDbEntity
  8
KC-2B Membrane Sheet UM
  6
Continuous
100
AcDbLine
 10
22414.71309055167
 20
21879.10000000056
 30
0.0
 11
23494.71309055167
 21
21879.10000000056
 31
0.0
  0
LINE
  5
554
330
23
100
AcDbEntity
  8
KC-2B Membrane Sheet UM
  6
Continuous
100
AcDbLine
 10
22414.71309055167
 20
12261.10000000056
 30
0.0
 11
22414.7130905517
 21
15090.10000000056
 31
0.0
  0
LINE
  5
555
330
23
100
AcDbEntity
  8
KC-2B Membrane Sheet UM
  6
Continuous
100
AcDbLine
 10
21334.7130905517
 20
15090.10000000056
 30
0.0
 11
21334.71309055167
 21
12261.10000000056
 31
0.0
  0
LINE
  5
556
330
23
100
AcDbEntity
  8
KC-2B Membrane Sheet UM
  6
Continuous
100
AcDbLine
 10
21334.71309055167
 20
12261.10000000056
 30
0.0
 11
22414.71309055167
 21
12261.10000000056
 31
0.0
  0
LINE
  5
557
330
23
100
AcDbEntity
  8
KC-2B Membrane Sheet UM
  6
Continuous
100
AcDbLine
 10
22414.71309055167
 20
21879.10000000056
 30
0.0
 11
22414.7130905517
 21
19050.10000000056
 31
0.0
  0
LINE
  5
558
330
23
100
AcDbEntity
  8
KC-2B Membrane Sheet UM
  6
Continuous
100
AcDbLine
 10
21334.7130905517
 20
19050.10000000056
 30
0.0
 11
21334.71309055167
 21
21879.10000000056
 31
0.0
  0
LINE
  5
559
330
23
100
AcDbEntity
  8
KC-2B Membrane Sheet UM
  6
Continuous
100
AcDbLine
 10
21334.71309055167
 20
21879.10000000056
 30
0.0
 11
22414.71309055167
 21
21879.10000000056
 31
0.0
  0
LINE
  5
55A
330
23
100
AcDbEntity
  8
KC-2B Membrane Sheet UM
  6
Continuous
100
AcDbLine
 10
21334.71309055167
 20
12261.10000000056
 30
0.0
 11
21334.7130905517
 21
15090.10000000056
 31
0.0
  0
LINE
  5
55B
330
23
100
AcDbEntity
  8
KC-2B Membrane Sheet UM
  6
Continuous
100
AcDbLine
 10
20254.7130905517
 20
15090.10000000056
 30
0.0
 11
20254.71309055167
 21
12261.10000000056
 31
0.0
  0
LINE
  5
55C
330
23
100
AcDbEntity
  8
KC-2B Membrane Sheet UM
  6
Continuous
100
AcDbLine
 10
20254.71309055167
 20
12261.10000000056
 30
0.0
 11
21334.71309055167
 21
12261.10000000056
 31
0.0
  0
LINE
  5
55D
330
23
100
AcDbEntity
  8
KC-2B Membrane Sheet UM
  6
Continuous
100
AcDbLine
 10
21334.71309055167
 20
21879.10000000056
 30
0.0
 11
21334.7130905517
 21
19050.10000000056
 31
0.0
  0
LINE
  5
55E
330
23
100
AcDbEntity
  8
KC-2B Membrane Sheet UM
  6
Continuous
100
AcDbLine
 10
20254.7130905517
 20
19050.10000000056
 30
0.0
 11
20254.71309055167
 21
21879.10000000056
 31
0.0
  0
LINE
  5
55F
330
23
100
AcDbEntity
  8
KC-2B Membrane Sheet UM
  6
Continuous
100
AcDbLine
 10
20254.71309055167
 20
21879.10000000056
 30
0.0
 11
21334.71309055167
 21
21879.10000000056
 31
0.0
  0
LINE
  5
560
330
23
100
AcDbEntity
  8
KC-2B Membrane Sheet UM
  6
Continuous
100
AcDbLine
 10
20254.71309055167
 20
12261.10000000056
 30
0.0
 11
20254.7130905517
 21
15090.10000000056
 31
0.0
  0
LINE
  5
561
330
23
100
AcDbEntity
  8
KC-2B Membrane Sheet UM
  6
Continuous
100
AcDbLine
 10
19174.7130905517
 20
15090.10000000056
 30
0.0
 11
19174.71309055167
 21
12261.10000000056
 31
0.0
  0
LINE
  5
562
330
23
100
AcDbEntity
  8
KC-2B Membrane Sheet UM
  6
Continuous
100
AcDbLine
 10
19174.71309055167
 20
12261.10000000056
 30
0.0
 11
20254.71309055167
 21
12261.10000000056
 31
0.0
  0
LINE
  5
563
330
23
100
AcDbEntity
  8
KC-2B Membrane Sheet UM
  6
Continuous
100
AcDbLine
 10
20254.71309055167
 20
21879.10000000056
 30
0.0
 11
20254.7130905517
 21
19050.10000000056
 31
0.0
  0
LINE
  5
564
330
23
100
AcDbEntity
  8
KC-2B Membrane Sheet UM
  6
Continuous
100
AcDbLine
 10
19174.7130905517
 20
19050.10000000056
 30
0.0
 11
19174.71309055167
 21
21879.10000000056
 31
0.0
  0
LINE
  5
565
330
23
100
AcDbEntity
  8
KC-2B Membrane Sheet UM
  6
Continuous
100
AcDbLine
 10
19174.71309055167
 20
21879.10000000056
 30
0.0
 11
20254.71309055167
 21
21879.10000000056
 31
0.0
  0
LINE
  5
566
330
23
100
AcDbEntity
  8
KC-2B Membrane Sheet UM
  6
Continuous
100
AcDbLine
 10
19174.71309055167
 20
12261.10000000056
 30
0.0
 11
19174.7130905517
 21
15090.10000000056
 31
0.0
  0
LINE
  5
567
330
23
100
AcDbEntity
  8
KC-2B Membrane Sheet UM
  6
Continuous
100
AcDbLine
 10
18094.7130905517
 20
15090.10000000056
 30
0.0
 11
18094.71309055167
 21
12261.10000000056
 31
0.0
  0
LINE
  5
568
330
23
100
AcDbEntity
  8
KC-2B Membrane Sheet UM
  6
Continuous
100
AcDbLine
 10
18094.71309055167
 20
12261.10000000056
 30
0.0
 11
19174.71309055167
 21
12261.10000000056
 31
0.0
  0
LINE
  5
569
330
23
100
AcDbEntity
  8
KC-2B Membrane Sheet UM
  6
Continuous
100
AcDbLine
 10
19174.71309055167
 20
21879.10000000056
 30
0.0
 11
19174.7130905517
 21
19050.10000000056
 31
0.0
  0
LINE
  5
56A
330
23
100
AcDbEntity
  8
KC-2B Membrane Sheet UM
  6
Continuous
100
AcDbLine
 10
18094.7130905517
 20
19050.10000000056
 30
0.0
 11
18094.71309055167
 21
21879.10000000056
 31
0.0
  0
LINE
  5
56B
330
23
100
AcDbEntity
  8
KC-2B Membrane Sheet UM
  6
Continuous
100
AcDbLine
 10
18094.71309055167
 20
21879.10000000056
 30
0.0
 11
19174.71309055167
 21
21879.10000000056
 31
0.0
  0
LINE
  5
56C
330
23
100
AcDbEntity
  8
KC-2B Membrane Sheet UM
  6
Continuous
100
AcDbLine
 10
18094.71309055167
 20
12261.10000000056
 30
0.0
 11
18094.7130905517
 21
15090.10000000056
 31
0.0
  0
LINE
  5
56D
330
23
100
AcDbEntity
  8
KC-2B Membrane Sheet UM
  6
Continuous
100
AcDbLine
 10
17014.7130905517
 20
15090.10000000056
 30
0.0
 11
17014.71309055167
 21
12261.10000000056
 31
0.0
  0
LINE
  5
56E
330
23
100
AcDbEntity
  8
KC-2B Membrane Sheet UM
  6
Continuous
100
AcDbLine
 10
17014.71309055167
 20
12261.10000000056
 30
0.0
 11
18094.71309055167
 21
12261.10000000056
 31
0.0
  0
LINE
  5
56F
330
23
100
AcDbEntity
  8
KC-2B Membrane Sheet UM
  6
Continuous
100
AcDbLine
 10
17014.71309055167
 20
12261.10000000056
 30
0.0
 11
17014.7130905517
 21
15090.10000000056
 31
0.0
  0
LINE
  5
570
330
23
100
AcDbEntity
  8
KC-2B Membrane Sheet UM
  6
Continuous
100
AcDbLine
 10
15934.7130905517
 20
15090.10000000056
 30
0.0
 11
15934.71309055167
 21
12261.10000000056
 31
0.0
  0
LINE
  5
571
330
23
100
AcDbEntity
  8
KC-2B Membrane Sheet UM
  6
Continuous
100
AcDbLine
 10
15934.71309055167
 20
12261.10000000056
 30
0.0
 11
17014.71309055167
 21
12261.10000000056
 31
0.0
  0
LINE
  5
572
330
23
100
AcDbEntity
  8
KC-2B Membrane Sheet UM
  6
Continuous
100
AcDbLine
 10
17014.71309055167
 20
21879.10000000056
 30
0.0
 11
17014.7130905517
 21
19050.10000000056
 31
0.0
  0
LINE
  5
573
330
23
100
AcDbEntity
  8
KC-2B Membrane Sheet UM
  6
Continuous
100
AcDbLine
 10
15934.7130905517
 20
19050.10000000056
 30
0.0
 11
15934.71309055167
 21
21879.10000000056
 31
0.0
  0
LINE
  5
574
330
23
100
AcDbEntity
  8
KC-2B Membrane Sheet UM
  6
Continuous
100
AcDbLine
 10
15934.71309055167
 20
21879.10000000056
 30
0.0
 11
17014.71309055167
 21
21879.10000000056
 31
0.0
  0
LINE
  5
575
330
23
100
AcDbEntity
  8
KC-2B Membrane Sheet UM
  6
Continuous
100
AcDbLine
 10
15934.71309055167
 20
12261.10000000056
 30
0.0
 11
15934.7130905517
 21
15090.10000000056
 31
0.0
  0
LINE
  5
576
330
23
100
AcDbEntity
  8
KC-2B Membrane Sheet UM
  6
Continuous
100
AcDbLine
 10
14854.7130905517
 20
15090.10000000056
 30
0.0
 11
14854.71309055167
 21
12261.10000000056
 31
0.0
  0
LINE
  5
577
330
23
100
AcDbEntity
  8
KC-2B Membrane Sheet UM
  6
Continuous
100
AcDbLine
 10
14854.71309055167
 20
12261.10000000056
 30
0.0
 11
15934.71309055167
 21
12261.10000000056
 31
0.0
  0
LINE
  5
578
330
23
100
AcDbEntity
  8
KC-2B Membrane Sheet UM
  6
Continuous
100
AcDbLine
 10
15934.71309055167
 20
21879.10000000056
 30
0.0
 11
15934.7130905517
 21
19050.10000000056
 31
0.0
  0
LINE
  5
579
330
23
100
AcDbEntity
  8
KC-2B Membrane Sheet UM
  6
Continuous
100
AcDbLine
 10
14854.7130905517
 20
19050.10000000056
 30
0.0
 11
14854.71309055167
 21
21879.10000000056
 31
0.0
  0
LINE
  5
57A
330
23
100
AcDbEntity
  8
KC-2B Membrane Sheet UM
  6
Continuous
100
AcDbLine
 10
14854.71309055167
 20
21879.10000000056
 30
0.0
 11
15934.71309055167
 21
21879.10000000056
 31
0.0
  0
LINE
  5
57B
330
23
100
AcDbEntity
  8
KC-2B Membrane Sheet UM
  6
Continuous
100
AcDbLine
 10
14854.71309055167
 20
12261.10000000056
 30
0.0
 11
14854.7130905517
 21
15090.10000000056
 31
0.0
  0
LINE
  5
57C
330
23
100
AcDbEntity
  8
KC-2B Membrane Sheet UM
  6
Continuous
100
AcDbLine
 10
13774.7130905517
 20
15090.10000000056
 30
0.0
 11
13774.71309055167
 21
12261.10000000056
 31
0.0
  0
LINE
  5
57D
330
23
100
AcDbEntity
  8
KC-2B Membrane Sheet UM
  6
Continuous
100
AcDbLine
 10
13774.71309055167
 20
12261.10000000056
 30
0.0
 11
14854.71309055167
 21
12261.10000000056
 31
0.0
  0
LINE
  5
57E
330
23
100
AcDbEntity
  8
KC-2B Membrane Sheet UM
  6
Continuous
100
AcDbLine
 10
18094.71309055167
 20
21879.10000000056
 30
0.0
 11
18094.7130905517
 21
19050.10000000056
 31
0.0
  0
LINE
  5
57F
330
23
100
AcDbEntity
  8
KC-2B Membrane Sheet UM
  6
Continuous
100
AcDbLine
 10
17014.7130905517
 20
19050.10000000056
 30
0.0
 11
17014.71309055167
 21
21879.10000000056
 31
0.0
  0
LINE
  5
580
330
23
100
AcDbEntity
  8
KC-2B Membrane Sheet UM
  6
Continuous
100
AcDbLine
 10
17014.71309055167
 20
21879.10000000056
 30
0.0
 11
18094.71309055167
 21
21879.10000000056
 31
0.0
  0
LINE
  5
581
330
23
100
AcDbEntity
  8
KC-2B Membrane Sheet UM
  6
Continuous
100
AcDbLine
 10
13774.71309055167
 20
12261.10000000056
 30
0.0
 11
13774.7130905517
 21
15090.10000000056
 31
0.0
  0
LINE
  5
582
330
23
100
AcDbEntity
  8
KC-2B Membrane Sheet UM
  6
Continuous
100
AcDbLine
 10
12694.7130905517
 20
15090.10000000056
 30
0.0
 11
12694.71309055167
 21
12261.10000000056
 31
0.0
  0
LINE
  5
583
330
23
100
AcDbEntity
  8
KC-2B Membrane Sheet UM
  6
Continuous
100
AcDbLine
 10
12694.71309055167
 20
12261.10000000056
 30
0.0
 11
13774.71309055167
 21
12261.10000000056
 31
0.0
  0
LINE
  5
584
330
23
100
AcDbEntity
  8
KC-2B Membrane Sheet UM
  6
Continuous
100
AcDbLine
 10
13774.71309055167
 20
21879.10000000056
 30
0.0
 11
13774.7130905517
 21
19050.10000000056
 31
0.0
  0
LINE
  5
585
330
23
100
AcDbEntity
  8
KC-2B Membrane Sheet UM
  6
Continuous
100
AcDbLine
 10
12694.7130905517
 20
19050.10000000056
 30
0.0
 11
12694.71309055167
 21
21879.10000000056
 31
0.0
  0
LINE
  5
586
330
23
100
AcDbEntity
  8
KC-2B Membrane Sheet UM
  6
Continuous
100
AcDbLine
 10
12694.71309055167
 20
21879.10000000056
 30
0.0
 11
13774.71309055167
 21
21879.10000000056
 31
0.0
  0
LINE
  5
587
330
23
100
AcDbEntity
  8
KC-2B Membrane Sheet UM
  6
Continuous
100
AcDbLine
 10
12694.71309055167
 20
12261.10000000056
 30
0.0
 11
12694.7130905517
 21
15090.10000000056
 31
0.0
  0
LINE
  5
588
330
23
100
AcDbEntity
  8
KC-2B Membrane Sheet UM
  6
Continuous
100
AcDbLine
 10
11614.7130905517
 20
15090.10000000056
 30
0.0
 11
11614.71309055167
 21
12261.10000000056
 31
0.0
  0
LINE
  5
589
330
23
100
AcDbEntity
  8
KC-2B Membrane Sheet UM
  6
Continuous
100
AcDbLine
 10
11614.71309055167
 20
12261.10000000056
 30
0.0
 11
12694.71309055167
 21
12261.10000000056
 31
0.0
  0
LINE
  5
58A
330
23
100
AcDbEntity
  8
KC-2B Membrane Sheet UM
  6
Continuous
100
AcDbLine
 10
12694.71309055167
 20
21879.10000000056
 30
0.0
 11
12694.7130905517
 21
19050.10000000056
 31
0.0
  0
LINE
  5
58B
330
23
100
AcDbEntity
  8
KC-2B Membrane Sheet UM
  6
Continuous
100
AcDbLine
 10
11614.7130905517
 20
19050.10000000056
 30
0.0
 11
11614.71309055167
 21
21879.10000000056
 31
0.0
  0
LINE
  5
58C
330
23
100
AcDbEntity
  8
KC-2B Membrane Sheet UM
  6
Continuous
100
AcDbLine
 10
11614.71309055167
 20
21879.10000000056
 30
0.0
 11
12694.71309055167
 21
21879.10000000056
 31
0.0
  0
LINE
  5
58D
330
23
100
AcDbEntity
  8
KC-2B Membrane Sheet UM
  6
Continuous
100
AcDbLine
 10
11614.71309055167
 20
12261.10000000056
 30
0.0
 11
11614.7130905517
 21
15090.10000000056
 31
0.0
  0
LINE
  5
58E
330
23
100
AcDbEntity
  8
KC-2B Membrane Sheet UM
  6
Continuous
100
AcDbLine
 10
39694.71309055167
 20
15090.09999999998
 30
0.0
 11
10534.71309055167
 21
15090.10000000056
 31
0.0
  0
LINE
  5
58F
330
23
100
AcDbEntity
  8
KC-2B Membrane Sheet UM
  6
Continuous
100
AcDbLine
 10
10534.7130905517
 20
15090.10000000056
 30
0.0
 11
10534.71309055167
 21
12261.10000000056
 31
0.0
  0
LINE
  5
590
330
23
100
AcDbEntity
  8
KC-2B Membrane Sheet UM
  6
Continuous
100
AcDbLine
 10
10534.71309055167
 20
12261.10000000056
 30
0.0
 11
11614.71309055167
 21
12261.10000000056
 31
0.0
  0
LINE
  5
591
330
23
100
AcDbEntity
  8
KC-2B Membrane Sheet UM
  6
Continuous
100
AcDbLine
 10
11614.71309055167
 20
21879.10000000056
 30
0.0
 11
11614.7130905517
 21
19050.10000000056
 31
0.0
  0
LINE
  5
592
330
23
100
AcDbEntity
  8
KC-2B Membrane Sheet UM
  6
Continuous
100
AcDbLine
 10
10534.7130905517
 20
19050.10000000056
 30
0.0
 11
10534.71309055167
 21
21879.10000000056
 31
0.0
  0
LINE
  5
593
330
23
100
AcDbEntity
  8
KC-2B Membrane Sheet UM
  6
Continuous
100
AcDbLine
 10
10534.71309055167
 20
21879.10000000056
 30
0.0
 11
11614.71309055167
 21
21879.10000000056
 31
0.0
  0
LWPOLYLINE
  5
594
330
23
100
AcDbEntity
  8
KC-2B Membrane Sheet
100
AcDbPolyline
 90
        5
 70
     0
 43
0.0
 10
39694.71309055167
 20
19050.10000000044
 10
40429.71309055167
 20
19050.10000000044
 10
40429.71309055167
 20
16170.10000000044
 10
39694.71309055167
 20
16170.10000000044
 10
39694.71309055167
 20
19050.10000000044
  0
LINE
  5
595
330
23
100
AcDbEntity
  8
KC-2B Membrane Sheet UM
  6
Continuous
100
AcDbLine
 10
39694.71309055167
 20
16170.10000000044
 30
0.0
 11
39694.71309055167
 21
15090.10000000044
 31
0.0
  0
LINE
  5
596
330
23
100
AcDbEntity
  8
KC-2B Membrane Sheet UM
  6
Continuous
100
AcDbLine
 10
39694.71309055167
 20
15090.10000000044
 30
0.0
 11
40429.71309055167
 21
15090.10000000044
 31
0.0
  0
LINE
  5
597
330
23
100
AcDbEntity
  8
KC-2B Membrane Sheet UM
  6
Continuous
100
AcDbLine
 10
40429.71309055167
 20
15090.10000000044
 30
0.0
 11
40429.71309055167
 21
16170.10000000044
 31
0.0
  0
LINE
  5
598
330
23
100
AcDbEntity
  8
KC-2B Membrane Sheet UM
  6
Continuous
100
AcDbLine
 10
40429.71309055167
 20
16170.10000000044
 30
0.0
 11
39694.71309055167
 21
16170.10000000044
 31
0.0
  0
LWPOLYLINE
  5
599
330
23
100
AcDbEntity
  8
KC-2B Membrane Sheet
100
AcDbPolyline
 90
        5
 70
     0
 43
0.0
 10
38614.71309055167
 20
19050.10000000044
 10
39694.71309055167
 20
19050.10000000044
 10
39694.71309055167
 20
16170.10000000044
 10
38614.71309055167
 20
16170.10000000044
 10
38614.71309055167
 20
19050.10000000044
  0
LINE
  5
59A
330
23
100
AcDbEntity
  8
KC-2B Membrane Sheet UM
  6
Continuous
100
AcDbLine
 10
32134.71309055167
 20
16170.10000000044
 30
0.0
 11
32134.71309055167
 21
15090.10000000044
 31
0.0
  0
LINE
  5
59B
330
23
100
AcDbEntity
  8
KC-2B Membrane Sheet UM
  6
Continuous
100
AcDbLine
 10
33214.71309055167
 20
15090.10000000044
 30
0.0
 11
33214.71309055167
 21
16170.10000000044
 31
0.0
  0
LWPOLYLINE
  5
59C
330
23
100
AcDbEntity
  8
KC-2B Membrane Sheet
100
AcDbPolyline
 90
        5
 70
     0
 43
0.0
 10
37534.71309055167
 20
19050.10000000044
 10
38614.71309055167
 20
19050.10000000044
 10
38614.71309055167
 20
16170.10000000044
 10
37534.71309055167
 20
16170.10000000044
 10
37534.71309055167
 20
19050.10000000044
  0
LINE
  5
59D
330
23
100
AcDbEntity
  8
KC-2B Membrane Sheet UM
  6
Continuous
100
AcDbLine
 10
37534.71309055167
 20
16170.10000000044
 30
0.0
 11
37534.71309055167
 21
15090.10000000044
 31
0.0
  0
LINE
  5
59E
330
23
100
AcDbEntity
  8
KC-2B Membrane Sheet UM
  6
Continuous
100
AcDbLine
 10
38614.71309055167
 20
15090.10000000044
 30
0.0
 11
38614.71309055167
 21
16170.10000000044
 31
0.0
  0
LWPOLYLINE
  5
59F
330
23
100
AcDbEntity
  8
KC-2B Membrane Sheet
100
AcDbPolyline
 90
        5
 70
     0
 43
0.0
 10
36454.71309055167
 20
19050.10000000044
 10
37534.71309055167
 20
19050.10000000044
 10
37534.71309055167
 20
16170.10000000044
 10
36454.71309055167
 20
16170.10000000044
 10
36454.71309055167
 20
19050.10000000044
  0
LINE
  5
5A0
330
23
100
AcDbEntity
  8
KC-2B Membrane Sheet UM
  6
Continuous
100
AcDbLine
 10
36454.71309055167
 20
16170.10000000044
 30
0.0
 11
36454.71309055167
 21
15090.10000000044
 31
0.0
  0
LINE
  5
5A1
330
23
100
AcDbEntity
  8
KC-2B Membrane Sheet UM
  6
Continuous
100
AcDbLine
 10
37534.71309055167
 20
15090.10000000044
 30
0.0
 11
37534.71309055167
 21
16170.10000000044
 31
0.0
  0
LWPOLYLINE
  5
5A2
330
23
100
AcDbEntity
  8
KC-2B Membrane Sheet
100
AcDbPolyline
 90
        5
 70
     0
 43
0.0
 10
35374.71309055167
 20
19050.10000000044
 10
36454.71309055167
 20
19050.10000000044
 10
36454.71309055167
 20
16170.10000000044
 10
35374.71309055167
 20
16170.10000000044
 10
35374.71309055167
 20
19050.10000000044
  0
LINE
  5
5A3
330
23
100
AcDbEntity
  8
KC-2B Membrane Sheet UM
  6
Continuous
100
AcDbLine
 10
35374.71309055167
 20
16170.10000000044
 30
0.0
 11
35374.71309055167
 21
15090.10000000044
 31
0.0
  0
LINE
  5
5A4
330
23
100
AcDbEntity
  8
KC-2B Membrane Sheet UM
  6
Continuous
100
AcDbLine
 10
36454.71309055167
 20
15090.10000000044
 30
0.0
 11
36454.71309055167
 21
16170.10000000044
 31
0.0
  0
LWPOLYLINE
  5
5A5
330
23
100
AcDbEntity
  8
KC-2B Membrane Sheet
100
AcDbPolyline
 90
        5
 70
     0
 43
0.0
 10
34294.71309055167
 20
19050.10000000044
 10
35374.71309055167
 20
19050.10000000044
 10
35374.71309055167
 20
16170.10000000044
 10
34294.71309055167
 20
16170.10000000044
 10
34294.71309055167
 20
19050.10000000044
  0
LINE
  5
5A6
330
23
100
AcDbEntity
  8
KC-2B Membrane Sheet UM
  6
Continuous
100
AcDbLine
 10
34294.71309055167
 20
16170.10000000044
 30
0.0
 11
34294.71309055167
 21
15090.10000000044
 31
0.0
  0
LINE
  5
5A7
330
23
100
AcDbEntity
  8
KC-2B Membrane Sheet UM
  6
Continuous
100
AcDbLine
 10
35374.71309055167
 20
15090.10000000044
 30
0.0
 11
35374.71309055167
 21
16170.10000000044
 31
0.0
  0
LWPOLYLINE
  5
5A8
330
23
100
AcDbEntity
  8
KC-2B Membrane Sheet
100
AcDbPolyline
 90
        5
 70
     0
 43
0.0
 10
33214.71309055167
 20
19050.10000000044
 10
34294.71309055167
 20
19050.10000000044
 10
34294.71309055167
 20
16170.10000000044
 10
33214.71309055167
 20
16170.10000000044
 10
33214.71309055167
 20
19050.10000000044
  0
LINE
  5
5A9
330
23
100
AcDbEntity
  8
KC-2B Membrane Sheet UM
  6
Continuous
100
AcDbLine
 10
33214.71309055167
 20
16170.10000000044
 30
0.0
 11
33214.71309055167
 21
15090.10000000044
 31
0.0
  0
LINE
  5
5AA
330
23
100
AcDbEntity
  8
KC-2B Membrane Sheet UM
  6
Continuous
100
AcDbLine
 10
34294.71309055167
 20
15090.10000000044
 30
0.0
 11
34294.71309055167
 21
16170.10000000044
 31
0.0
  0
LWPOLYLINE
  5
5AB
330
23
100
AcDbEntity
  8
KC-2B Membrane Sheet
100
AcDbPolyline
 90
        5
 70
     0
 43
0.0
 10
32134.71309055167
 20
19050.10000000044
 10
33214.71309055167
 20
19050.10000000044
 10
33214.71309055167
 20
16170.10000000044
 10
32134.71309055167
 20
16170.10000000044
 10
32134.71309055167
 20
19050.10000000044
  0
LWPOLYLINE
  5
5AC
330
23
100
AcDbEntity
  8
KC-2B Membrane Sheet
100
AcDbPolyline
 90
        5
 70
     0
 43
0.0
 10
31054.71309055167
 20
19050.10000000044
 10
32134.71309055167
 20
19050.10000000044
 10
32134.71309055167
 20
16170.10000000044
 10
31054.71309055167
 20
16170.10000000044
 10
31054.71309055167
 20
19050.10000000044
  0
LINE
  5
5AD
330
23
100
AcDbEntity
  8
KC-2B Membrane Sheet UM
  6
Continuous
100
AcDbLine
 10
31054.71309055167
 20
16170.10000000044
 30
0.0
 11
31054.71309055167
 21
15090.10000000044
 31
0.0
  0
LINE
  5
5AE
330
23
100
AcDbEntity
  8
KC-2B Membrane Sheet UM
  6
Continuous
100
AcDbLine
 10
32134.71309055167
 20
15090.10000000044
 30
0.0
 11
32134.71309055167
 21
16170.10000000044
 31
0.0
  0
LWPOLYLINE
  5
5AF
330
23
100
AcDbEntity
  8
KC-2B Membrane Sheet
100
AcDbPolyline
 90
        5
 70
     0
 43
0.0
 10
29974.71309055167
 20
19050.10000000044
 10
31054.71309055167
 20
19050.10000000044
 10
31054.71309055167
 20
16170.10000000044
 10
29974.71309055167
 20
16170.10000000044
 10
29974.71309055167
 20
19050.10000000044
  0
LINE
  5
5B0
330
23
100
AcDbEntity
  8
KC-2B Membrane Sheet UM
  6
Continuous
100
AcDbLine
 10
29974.71309055167
 20
16170.10000000044
 30
0.0
 11
29974.71309055167
 21
15090.10000000044
 31
0.0
  0
LINE
  5
5B1
330
23
100
AcDbEntity
  8
KC-2B Membrane Sheet UM
  6
Continuous
100
AcDbLine
 10
31054.71309055167
 20
15090.10000000044
 30
0.0
 11
31054.71309055167
 21
16170.10000000044
 31
0.0
  0
LWPOLYLINE
  5
5B2
330
23
100
AcDbEntity
  8
KC-2B Membrane Sheet
100
AcDbPolyline
 90
        5
 70
     0
 43
0.0
 10
28894.71309055167
 20
19050.10000000044
 10
29974.71309055167
 20
19050.10000000044
 10
29974.71309055167
 20
16170.10000000044
 10
28894.71309055167
 20
16170.10000000044
 10
28894.71309055167
 20
19050.10000000044
  0
LINE
  5
5B3
330
23
100
AcDbEntity
  8
KC-2B Membrane Sheet UM
  6
Continuous
100
AcDbLine
 10
28894.71309055167
 20
16170.10000000044
 30
0.0
 11
28894.71309055167
 21
15090.10000000044
 31
0.0
  0
LINE
  5
5B4
330
23
100
AcDbEntity
  8
KC-2B Membrane Sheet UM
  6
Continuous
100
AcDbLine
 10
29974.71309055167
 20
15090.10000000044
 30
0.0
 11
29974.71309055167
 21
16170.10000000044
 31
0.0
  0
LWPOLYLINE
  5
5B5
330
23
100
AcDbEntity
  8
KC-2B Membrane Sheet
100
AcDbPolyline
 90
        5
 70
     0
 43
0.0
 10
27814.71309055167
 20
19050.10000000044
 10
28894.71309055167
 20
19050.10000000044
 10
28894.71309055167
 20
16170.10000000044
 10
27814.71309055167
 20
16170.10000000044
 10
27814.71309055167
 20
19050.10000000044
  0
LINE
  5
5B6
330
23
100
AcDbEntity
  8
KC-2B Membrane Sheet UM
  6
Continuous
100
AcDbLine
 10
27814.71309055167
 20
16170.10000000044
 30
0.0
 11
27814.71309055167
 21
15090.10000000044
 31
0.0
  0
LINE
  5
5B7
330
23
100
AcDbEntity
  8
KC-2B Membrane Sheet UM
  6
Continuous
100
AcDbLine
 10
28894.71309055167
 20
15090.10000000044
 30
0.0
 11
28894.71309055167
 21
16170.10000000044
 31
0.0
  0
LWPOLYLINE
  5
5B8
330
23
100
AcDbEntity
  8
KC-2B Membrane Sheet
100
AcDbPolyline
 90
        5
 70
     0
 43
0.0
 10
25654.71309055167
 20
16170.10000000044
 10
24574.71309055167
 20
16170.10000000044
 10
24574.71309055167
 20
19050.10000000044
 10
25654.71309055167
 20
19050.10000000044
 10
25654.71309055167
 20
16170.10000000044
  0
LINE
  5
5B9
330
23
100
AcDbEntity
  8
KC-2B Membrane Sheet UM
  6
Continuous
100
AcDbLine
 10
26734.71309055167
 20
16170.10000000044
 30
0.0
 11
26734.71309055167
 21
15090.10000000044
 31
0.0
  0
LINE
  5
5BA
330
23
100
AcDbEntity
  8
KC-2B Membrane Sheet UM
  6
Continuous
100
AcDbLine
 10
27814.71309055167
 20
15090.10000000044
 30
0.0
 11
27814.71309055167
 21
16170.10000000044
 31
0.0
  0
LWPOLYLINE
  5
5BB
330
23
100
AcDbEntity
  8
KC-2B Membrane Sheet
100
AcDbPolyline
 90
        5
 70
     0
 43
0.0
 10
26734.71309055167
 20
16170.10000000044
 10
25654.71309055167
 20
16170.10000000044
 10
25654.71309055167
 20
19050.10000000044
 10
26734.71309055167
 20
19050.10000000044
 10
26734.71309055167
 20
16170.10000000044
  0
LINE
  5
5BC
330
23
100
AcDbEntity
  8
KC-2B Membrane Sheet UM
  6
Continuous
100
AcDbLine
 10
25654.7130905517
 20
16170.10000000044
 30
0.0
 11
25654.71309055167
 21
15090.10000000044
 31
0.0
  0
LINE
  5
5BD
330
23
100
AcDbEntity
  8
KC-2B Membrane Sheet UM
  6
Continuous
100
AcDbLine
 10
26734.71309055167
 20
15090.10000000044
 30
0.0
 11
26734.7130905517
 21
16170.10000000044
 31
0.0
  0
LWPOLYLINE
  5
5BE
330
23
100
AcDbEntity
  8
KC-2B Membrane Sheet
100
AcDbPolyline
 90
        5
 70
     0
 43
0.0
 10
26734.71309055167
 20
19050.10000000044
 10
27814.71309055167
 20
19050.10000000044
 10
27814.71309055167
 20
16170.10000000044
 10
26734.71309055167
 20
16170.10000000044
 10
26734.71309055167
 20
19050.10000000044
  0
LINE
  5
5BF
330
23
100
AcDbEntity
  8
KC-2B Membrane Sheet UM
  6
Continuous
100
AcDbLine
 10
25654.71309055167
 20
15090.10000000044
 30
0.0
 11
25654.71309055167
 21
16170.10000000044
 31
0.0
  0
LINE
  5
5C0
330
23
100
AcDbEntity
  8
KC-2B Membrane Sheet UM
  6
Continuous
100
AcDbLine
 10
24574.71309055167
 20
16170.10000000044
 30
0.0
 11
24574.71309055167
 21
15090.10000000044
 31
0.0
  0
LWPOLYLINE
  5
5C1
330
23
100
AcDbEntity
  8
KC-2B Membrane Sheet
100
AcDbPolyline
 90
        5
 70
     0
 43
0.0
 10
24574.71309055167
 20
16170.10000000044
 10
23494.71309055167
 20
16170.10000000044
 10
23494.71309055167
 20
19050.10000000044
 10
24574.71309055167
 20
19050.10000000044
 10
24574.71309055167
 20
16170.10000000044
  0
LINE
  5
5C2
330
23
100
AcDbEntity
  8
KC-2B Membrane Sheet UM
  6
Continuous
100
AcDbLine
 10
24574.71309055167
 20
15090.10000000044
 30
0.0
 11
24574.71309055167
 21
16170.10000000044
 31
0.0
  0
LINE
  5
5C3
330
23
100
AcDbEntity
  8
KC-2B Membrane Sheet UM
  6
Continuous
100
AcDbLine
 10
23494.71309055167
 20
16170.10000000044
 30
0.0
 11
23494.71309055167
 21
15090.10000000044
 31
0.0
  0
LWPOLYLINE
  5
5C4
330
23
100
AcDbEntity
  8
KC-2B Membrane Sheet
100
AcDbPolyline
 90
        5
 70
     0
 43
0.0
 10
23494.71309055167
 20
16170.10000000044
 10
22414.71309055167
 20
16170.10000000044
 10
22414.71309055167
 20
19050.10000000044
 10
23494.71309055167
 20
19050.10000000044
 10
23494.71309055167
 20
16170.10000000044
  0
LINE
  5
5C5
330
23
100
AcDbEntity
  8
KC-2B Membrane Sheet UM
  6
Continuous
100
AcDbLine
 10
23494.71309055167
 20
15090.10000000044
 30
0.0
 11
23494.71309055167
 21
16170.10000000044
 31
0.0
  0
LINE
  5
5C6
330
23
100
AcDbEntity
  8
KC-2B Membrane Sheet UM
  6
Continuous
100
AcDbLine
 10
22414.71309055167
 20
16170.10000000044
 30
0.0
 11
22414.71309055167
 21
15090.10000000044
 31
0.0
  0
LWPOLYLINE
  5
5C7
330
23
100
AcDbEntity
  8
KC-2B Membrane Sheet
100
AcDbPolyline
 90
        5
 70
     0
 43
0.0
 10
22414.71309055167
 20
16170.10000000044
 10
21334.71309055167
 20
16170.10000000044
 10
21334.71309055167
 20
19050.10000000044
 10
22414.71309055167
 20
19050.10000000044
 10
22414.71309055167
 20
16170.10000000044
  0
LINE
  5
5C8
330
23
100
AcDbEntity
  8
KC-2B Membrane Sheet UM
  6
Continuous
100
AcDbLine
 10
22414.71309055167
 20
15090.10000000044
 30
0.0
 11
22414.71309055167
 21
16170.10000000044
 31
0.0
  0
LINE
  5
5C9
330
23
100
AcDbEntity
  8
KC-2B Membrane Sheet UM
  6
Continuous
100
AcDbLine
 10
21334.71309055167
 20
16170.10000000044
 30
0.0
 11
21334.71309055167
 21
15090.10000000044
 31
0.0
  0
LWPOLYLINE
  5
5CA
330
23
100
AcDbEntity
  8
KC-2B Membrane Sheet
100
AcDbPolyline
 90
        5
 70
     0
 43
0.0
 10
21334.71309055167
 20
16170.10000000044
 10
20254.71309055167
 20
16170.10000000044
 10
20254.71309055167
 20
19050.10000000044
 10
21334.71309055167
 20
19050.10000000044
 10
21334.71309055167
 20
16170.10000000044
  0
LINE
  5
5CB
330
23
100
AcDbEntity
  8
KC-2B Membrane Sheet UM
  6
Continuous
100
AcDbLine
 10
21334.71309055167
 20
15090.10000000044
 30
0.0
 11
21334.71309055167
 21
16170.10000000044
 31
0.0
  0
LINE
  5
5CC
330
23
100
AcDbEntity
  8
KC-2B Membrane Sheet UM
  6
Continuous
100
AcDbLine
 10
20254.71309055167
 20
16170.10000000044
 30
0.0
 11
20254.71309055167
 21
15090.10000000044
 31
0.0
  0
LWPOLYLINE
  5
5CD
330
23
100
AcDbEntity
  8
KC-2B Membrane Sheet
100
AcDbPolyline
 90
        5
 70
     0
 43
0.0
 10
20254.71309055167
 20
16170.10000000044
 10
19174.71309055167
 20
16170.10000000044
 10
19174.71309055167
 20
19050.10000000044
 10
20254.71309055167
 20
19050.10000000044
 10
20254.71309055167
 20
16170.10000000044
  0
LINE
  5
5CE
330
23
100
AcDbEntity
  8
KC-2B Membrane Sheet UM
  6
Continuous
100
AcDbLine
 10
20254.71309055167
 20
15090.10000000044
 30
0.0
 11
20254.71309055167
 21
16170.10000000044
 31
0.0
  0
LINE
  5
5CF
330
23
100
AcDbEntity
  8
KC-2B Membrane Sheet UM
  6
Continuous
100
AcDbLine
 10
19174.71309055167
 20
16170.10000000044
 30
0.0
 11
19174.71309055167
 21
15090.10000000044
 31
0.0
  0
LWPOLYLINE
  5
5D0
330
23
100
AcDbEntity
  8
KC-2B Membrane Sheet
100
AcDbPolyline
 90
        5
 70
     0
 43
0.0
 10
19174.71309055167
 20
16170.10000000044
 10
18094.71309055167
 20
16170.10000000044
 10
18094.71309055167
 20
19050.10000000044
 10
19174.71309055167
 20
19050.10000000044
 10
19174.71309055167
 20
16170.10000000044
  0
LINE
  5
5D1
330
23
100
AcDbEntity
  8
KC-2B Membrane Sheet UM
  6
Continuous
100
AcDbLine
 10
19174.71309055167
 20
15090.10000000044
 30
0.0
 11
19174.71309055167
 21
16170.10000000044
 31
0.0
  0
LINE
  5
5D2
330
23
100
AcDbEntity
  8
KC-2B Membrane Sheet UM
  6
Continuous
100
AcDbLine
 10
18094.71309055167
 20
16170.10000000044
 30
0.0
 11
18094.71309055167
 21
15090.10000000044
 31
0.0
  0
LWPOLYLINE
  5
5D3
330
23
100
AcDbEntity
  8
KC-2B Membrane Sheet
100
AcDbPolyline
 90
        5
 70
     0
 43
0.0
 10
18094.71309055167
 20
16170.10000000044
 10
17014.71309055167
 20
16170.10000000044
 10
17014.71309055167
 20
19050.10000000044
 10
18094.71309055167
 20
19050.10000000044
 10
18094.71309055167
 20
16170.10000000044
  0
LWPOLYLINE
  5
5D4
330
23
100
AcDbEntity
  8
KC-2B Membrane Sheet
100
AcDbPolyline
 90
        5
 70
     0
 43
0.0
 10
17014.71309055167
 20
16170.10000000044
 10
15934.71309055167
 20
16170.10000000044
 10
15934.71309055167
 20
19050.10000000044
 10
17014.71309055167
 20
19050.10000000044
 10
17014.71309055167
 20
16170.10000000044
  0
LINE
  5
5D5
330
23
100
AcDbEntity
  8
KC-2B Membrane Sheet UM
  6
Continuous
100
AcDbLine
 10
17014.71309055167
 20
15090.10000000044
 30
0.0
 11
17014.71309055167
 21
16170.10000000044
 31
0.0
  0
LINE
  5
5D6
330
23
100
AcDbEntity
  8
KC-2B Membrane Sheet UM
  6
Continuous
100
AcDbLine
 10
15934.71309055167
 20
16170.10000000044
 30
0.0
 11
15934.71309055167
 21
15090.10000000044
 31
0.0
  0
LWPOLYLINE
  5
5D7
330
23
100
AcDbEntity
  8
KC-2B Membrane Sheet
100
AcDbPolyline
 90
        5
 70
     0
 43
0.0
 10
15934.71309055167
 20
16170.10000000044
 10
14854.71309055167
 20
16170.10000000044
 10
14854.71309055167
 20
19050.10000000044
 10
15934.71309055167
 20
19050.10000000044
 10
15934.71309055167
 20
16170.10000000044
  0
LINE
  5
5D8
330
23
100
AcDbEntity
  8
KC-2B Membrane Sheet UM
  6
Continuous
100
AcDbLine
 10
15934.71309055167
 20
15090.10000000044
 30
0.0
 11
15934.71309055167
 21
16170.10000000044
 31
0.0
  0
LINE
  5
5D9
330
23
100
AcDbEntity
  8
KC-2B Membrane Sheet UM
  6
Continuous
100
AcDbLine
 10
14854.71309055167
 20
16170.10000000044
 30
0.0
 11
14854.71309055167
 21
15090.10000000044
 31
0.0
  0
LWPOLYLINE
  5
5DA
330
23
100
AcDbEntity
  8
KC-2B Membrane Sheet
100
AcDbPolyline
 90
        5
 70
     0
 43
0.0
 10
14854.71309055167
 20
16170.10000000044
 10
13774.71309055167
 20
16170.10000000044
 10
13774.71309055167
 20
19050.10000000044
 10
14854.71309055167
 20
19050.10000000044
 10
14854.71309055167
 20
16170.10000000044
  0
LINE
  5
5DB
330
23
100
AcDbEntity
  8
KC-2B Membrane Sheet UM
  6
Continuous
100
AcDbLine
 10
18094.71309055167
 20
15090.10000000044
 30
0.0
 11
18094.71309055167
 21
16170.10000000044
 31
0.0
  0
LINE
  5
5DC
330
23
100
AcDbEntity
  8
KC-2B Membrane Sheet UM
  6
Continuous
100
AcDbLine
 10
17014.71309055167
 20
16170.10000000044
 30
0.0
 11
17014.71309055167
 21
15090.10000000044
 31
0.0
  0
LINE
  5
5DD
330
23
100
AcDbEntity
  8
KC-2B Membrane Sheet UM
  6
Continuous
100
AcDbLine
 10
13774.71309055167
 20
15090.10000000044
 30
0.0
 11
13774.71309055167
 21
16170.10000000044
 31
0.0
  0
LINE
  5
5DE
330
23
100
AcDbEntity
  8
KC-2B Membrane Sheet UM
  6
Continuous
100
AcDbLine
 10
13774.71309055167
 20
16170.10000000044
 30
0.0
 11
12694.71309055167
 21
16170.10000000044
 31
0.0
  0
LINE
  5
5DF
330
23
100
AcDbEntity
  8
KC-2B Membrane Sheet UM
  6
Continuous
100
AcDbLine
 10
12694.71309055167
 20
16170.10000000044
 30
0.0
 11
12694.71309055167
 21
15090.10000000044
 31
0.0
  0
LINE
  5
5E0
330
23
100
AcDbEntity
  8
KC-2B Membrane Sheet UM
  6
Continuous
100
AcDbLine
 10
10534.71309055167
 20
15090.10000000044
 30
0.0
 11
10534.71309055167
 21
16170.10000000044
 31
0.0
  0
LINE
  5
5E1
330
23
100
AcDbEntity
  8
KC-2B Membrane Sheet UM
  6
Continuous
100
AcDbLine
 10
10534.71309055167
 20
16170.10000000044
 30
0.0
 11
9799.713090551668
 21
16170.10000000044
 31
0.0
  0
LINE
  5
5E2
330
23
100
AcDbEntity
  8
KC-2B Membrane Sheet UM
  6
Continuous
100
AcDbLine
 10
9799.713090551668
 20
16170.10000000044
 30
0.0
 11
9799.713090551668
 21
15090.10000000044
 31
0.0
  0
LINE
  5
5E3
330
23
100
AcDbEntity
  8
KC-2B Membrane Sheet UM
  6
Continuous
100
AcDbLine
 10
9799.713090551668
 20
15090.10000000044
 30
0.0
 11
10534.71309055167
 21
15090.10000000044
 31
0.0
  0
LINE
  5
5E4
330
23
100
AcDbEntity
  8
KC-2B Membrane Sheet UM
  6
Continuous
100
AcDbLine
 10
12694.71309055167
 20
15090.10000000044
 30
0.0
 11
12694.71309055167
 21
16170.10000000044
 31
0.0
  0
LINE
  5
5E5
330
23
100
AcDbEntity
  8
KC-2B Membrane Sheet UM
  6
Continuous
100
AcDbLine
 10
12694.71309055167
 20
16170.10000000044
 30
0.0
 11
11614.71309055167
 21
16170.10000000044
 31
0.0
  0
LINE
  5
5E6
330
23
100
AcDbEntity
  8
KC-2B Membrane Sheet UM
  6
Continuous
100
AcDbLine
 10
11614.71309055167
 20
16170.10000000044
 30
0.0
 11
11614.71309055167
 21
15090.10000000044
 31
0.0
  0
LINE
  5
5E7
330
23
100
AcDbEntity
  8
KC-2B Membrane Sheet UM
  6
Continuous
100
AcDbLine
 10
11614.71309055167
 20
15090.10000000044
 30
0.0
 11
11614.71309055167
 21
16170.10000000044
 31
0.0
  0
LINE
  5
5E8
330
23
100
AcDbEntity
  8
KC-2B Membrane Sheet UM
  6
Continuous
 62
     1
100
AcDbLine
 10
11614.71309055167
 20
16170.10000000044
 30
0.0
 11
10534.71309055167
 21
16170.10000000044
 31
0.0
  0
LINE
  5
5E9
330
23
100
AcDbEntity
  8
KC-2B Membrane Sheet UM
  6
Continuous
100
AcDbLine
 10
10534.71309055167
 20
16170.10000000044
 30
0.0
 11
10534.71309055167
 21
15090.10000000044
 31
0.0
  0
LINE
  5
5EA
330
23
100
AcDbEntity
  8
KC-2B Membrane Sheet UM
  6
Continuous
100
AcDbLine
 10
10534.71309055167
 20
15090.10000000044
 30
0.0
 11
39694.71309055167
 21
15090.09999999986
 31
0.0
  0
LINE
  5
5EB
330
23
100
AcDbEntity
  8
KC-2B Membrane Sheet UM
  6
Continuous
100
AcDbLine
 10
11614.71309055164
 20
17970.10000000056
 30
0.0
 11
11614.71309055167
 21
19050.10000000056
 31
0.0
  0
LINE
  5
5EC
330
23
100
AcDbEntity
  8
KC-2B Membrane Sheet UM
  6
Continuous
100
AcDbLine
 10
10534.71309055167
 20
19050.10000000056
 30
0.0
 11
10534.71309055164
 21
17970.10000000056
 31
0.0
  0
LINE
  5
5ED
330
23
100
AcDbEntity
  8
KC-2B Membrane Sheet UM
  6
Continuous
100
AcDbLine
 10
10534.71309055167
 20
17970.10000000056
 30
0.0
 11
11614.71309055167
 21
17970.10000000056
 31
0.0
  0
LINE
  5
5EE
330
23
100
AcDbEntity
  8
KC-2B Membrane Sheet UM
  6
Continuous
100
AcDbLine
 10
11614.71309055167
 20
19050.10000000044
 30
0.0
 11
11614.71309055167
 21
17970.10000000044
 31
0.0
  0
LINE
  5
5EF
330
23
100
AcDbEntity
  8
KC-2B Membrane Sheet UM
  6
Continuous
100
AcDbLine
 10
11614.71309055167
 20
17970.10000000044
 30
0.0
 11
12694.71309055167
 21
17970.10000000044
 31
0.0
  0
LINE
  5
5F0
330
23
100
AcDbEntity
  8
KC-2B Membrane Sheet UM
  6
Continuous
100
AcDbLine
 10
12694.71309055167
 20
17970.10000000044
 30
0.0
 11
12694.71309055167
 21
19050.10000000044
 31
0.0
  0
TEXT
  5
748
330
23
100
AcDbEntity
  8
KC-2B HHITABLE
100
AcDbText
 10
42936.7103993224
 20
30805.09999999986
 30
0.0
 40
240.0
  1
NUMBER OF MEMBRANE : 116
  7
Default
 72
     1
 11
45160.78024485632
 21
30925.09999999986
 31
0.0
100
AcDbText
 73
     2
  0
LINE
  5
749
330
23
100
AcDbEntity
  8
KC-2B Membrane Sheet UM
  6
Continuous
100
AcDbLine
 10
14854.71309055167
 20
15090.10000000044
 30
0.0
 11
14854.71309055167
 21
16170.10000000044
 31
0.0
  0
LINE
  5
74A
330
23
100
AcDbEntity
  8
KC-2B Membrane Sheet UM
  6
Continuous
100
AcDbLine
 10
13774.71309055167
 20
16170.10000000044
 30
0.0
 11
13774.71309055167
 21
15090.10000000044
 31
0.0
  0
LINE
  5
74B
330
23
100
AcDbEntity
  8
KC-2B Membrane Sheet UM
  6
Continuous
100
AcDbLine
 10
38614.71309055167
 20
16170.10000000044
 30
0.0
 11
38614.71309055167
 21
15090.10000000044
 31
0.0
  0
LINE
  5
74C
330
23
100
AcDbEntity
  8
KC-2B Membrane Sheet UM
  6
Continuous
100
AcDbLine
 10
39694.71309055167
 20
15090.10000000044
 30
0.0
 11
39694.71309055167
 21
16170.10000000044
 31
0.0
  0
LINE
  5
74D
330
23
100
AcDbEntity
  8
KC-2B Membrane Sheet UM
  6
Continuous
100
AcDbLine
 10
38614.71309055167
 20
21879.10000000044
 30
0.0
 11
38614.71309055164
 21
19050.10000000044
 31
0.0
  0
LINE
  5
74E
330
23
100
AcDbEntity
  8
KC-2B Membrane Sheet UM
  6
Continuous
100
AcDbLine
 10
39694.71309055164
 20
19050.10000000044
 30
0.0
 11
39694.71309055167
 21
21879.10000000044
 31
0.0
  0
LINE
  5
74F
330
23
100
AcDbEntity
  8
KC-2B Membrane Sheet UM
  6
Continuous
100
AcDbLine
 10
39694.71309055167
 20
21879.10000000044
 30
0.0
 11
38614.71309055167
 21
21879.10000000044
 31
0.0
  0
LINE
  5
750
330
23
100
AcDbEntity
  8
KC-2B Membrane Sheet UM
  6
Continuous
100
AcDbLine
 10
14854.71309055167
 20
21879.10000000044
 30
0.0
 11
14854.7130905517
 21
19050.10000000044
 31
0.0
  0
LINE
  5
751
330
23
100
AcDbEntity
  8
KC-2B Membrane Sheet UM
  6
Continuous
100
AcDbLine
 10
13774.7130905517
 20
19050.10000000044
 30
0.0
 11
13774.71309055167
 21
21879.10000000044
 31
0.0
  0
LINE
  5
752
330
23
100
AcDbEntity
  8
KC-2B Membrane Sheet UM
  6
Continuous
100
AcDbLine
 10
13774.71309055167
 20
21879.10000000044
 30
0.0
 11
14854.71309055167
 21
21879.10000000044
 31
0.0
  0
LINE
  5
753
330
23
100
AcDbEntity
  8
0
 62
     1
100
AcDbLine
 10
10534.71309055167
 20
17970.10000000044
 30
0.0
 11
12694.71309055167
 21
17970.10000000044
 31
0.0
1001
GENIUS_GENREC_14
1002
{
1000
PYDIR
1011
10534.71309055167
1021
16170.10000000044
1031
0.0
1002
}
1002
{
1000
PXDIR
1011
12694.71309055167
1021
17970.10000000044
1031
0.0
1002
}
1002
{
1000
PORI
1011
10534.71309055167
1021
17970.10000000044
1031
0.0
1002
}
1002
{
1000
PINS
1011
10534.71309055167
1021
17970.10000000044
1031
0.0
1002
}
1002
{
1000
PINS2
1011
12694.71309055167
1021
16170.10000000044
1031
0.0
1002
}
1002
{
1000
C
1070
     1
1002
}
1001
GENIUS_GENOBJ-N-REC_13
1002
{
1000
OWNER
1000
GEN
1002
}
1001
GENIUS_GENODEF_13
1002
{
1000
HIER
1070
     0
1002
}
1002
{
1000
MANEDIT
1070
     0
1002
}
1002
{
1000
NOSEL
1070
     0
1002
}
1002
{
1000
BEHIND
1070
     0
1002
}
1002
{
1000
OTHER
1070
     0
1002
}
1002
{
1000
REACTOR
1002
}
  0
LINE
  5
757
330
23
100
AcDbEntity
  8
0
100
AcDbLine
 10
12694.71309055167
 20
17970.10000000044
 30
0.0
 11
12694.71309055167
 21
16170.10000000044
 31
0.0
1001
GENIUS_GENREC_14
1002
{
1000
PYDIR
1011
10534.71309055167
1021
16170.10000000044
1031
0.0
1002
}
1002
{
1000
PXDIR
1011
12694.71309055167
1021
17970.10000000044
1031
0.0
1002
}
1002
{
1000
PORI
1011
10534.71309055167
1021
17970.10000000044
1031
0.0
1002
}
1002
{
1000
PINS
1011
10534.71309055167
1021
17970.10000000044
1031
0.0
1002
}
1002
{
1000
PINS2
1011
12694.71309055167
1021
16170.10000000044
1031
0.0
1002
}
1002
{
1000
C
1070
     1
1002
}
1001
GENIUS_GENOBJ-N-REC_13
1002
{
1000
OWNER
1000
GEN
1002
}
1001
GENIUS_GENODEF_13
1002
{
1000
HIER
1070
     0
1002
}
1002
{
1000
MANEDIT
1070
     0
1002
}
1002
{
1000
NOSEL
1070
     0
1002
}
1002
{
1000
BEHIND
1070
     0
1002
}
1002
{
1000
OTHER
1070
     0
1002
}
1002
{
1000
REACTOR
1002
}
  0
LINE
  5
758
330
23
100
AcDbEntity
  8
0
 62
     1
100
AcDbLine
 10
12694.71309055167
 20
16170.10000000044
 30
0.0
 11
10534.71309055167
 21
16170.10000000044
 31
0.0
1001
GENIUS_GENREC_14
1002
{
1000
PYDIR
1011
10534.71309055167
1021
16170.10000000044
1031
0.0
1002
}
1002
{
1000
PXDIR
1011
12694.71309055167
1021
17970.10000000044
1031
0.0
1002
}
1002
{
1000
PORI
1011
10534.71309055167
1021
17970.10000000044
1031
0.0
1002
}
1002
{
1000
PINS
1011
10534.71309055167
1021
17970.10000000044
1031
0.0
1002
}
1002
{
1000
PINS2
1011
12694.71309055167
1021
16170.10000000044
1031
0.0
1002
}
1002
{
1000
C
1070
     1
1002
}
1001
GENIUS_GENOBJ-N-REC_13
1002
{
1000
OWNER
1000
GEN
1002
}
1001
GENIUS_GENODEF_13
1002
{
1000
HIER
1070
     0
1002
}
1002
{
1000
MANEDIT
1070
     0
1002
}
1002
{
1000
NOSEL
1070
     0
1002
}
1002
{
1000
BEHIND
1070
     0
1002
}
1002
{
1000
OTHER
1070
     0
1002
}
1002
{
1000
REACTOR
1002
}
  0
LINE
  5
759
330
23
100
AcDbEntity
  8
0
100
AcDbLine
 10
10534.71309055167
 20
16170.10000000044
 30
0.0
 11
10534.71309055167
 21
17970.10000000044
 31
0.0
1001
GENIUS_GENREC_14
1002
{
1000
PYDIR
1011
10534.71309055167
1021
16170.10000000044
1031
0.0
1002
}
1002
{
1000
PXDIR
1011
12694.71309055167
1021
17970.10000000044
1031
0.0
1002
}
1002
{
1000
PORI
1011
10534.71309055167
1021
17970.10000000044
1031
0.0
1002
}
1002
{
1000
PINS
1011
10534.71309055167
1021
17970.10000000044
1031
0.0
1002
}
1002
{
1000
PINS2
1011
12694.71309055167
1021
16170.10000000044
1031
0.0
1002
}
1002
{
1000
C
1070
     1
1002
}
1001
GENIUS_GENOBJ-N-REC_13
1002
{
1000
OWNER
1000
GEN
1002
}
1001
GENIUS_GENODEF_13
1002
{
1000
HIER
1070
     0
1002
}
1002
{
1000
MANEDIT
1070
     0
1002
}
1002
{
1000
NOSEL
1070
     0
1002
}
1002
{
1000
BEHIND
1070
     0
1002
}
1002
{
1000
OTHER
1070
     0
1002
}
1002
{
1000
REACTOR
1002
}
  0
LWPOLYLINE
  5
75A
330
23
100
AcDbEntity
  8
KC-2B Membrane Sheet
100
AcDbPolyline
 90
        5
 70
     0
 43
0.0
 10
9799.713090551639
 20
19050.10000000056
 10
10534.71309055164
 20
19050.10000000056
 10
10534.71309055164
 20
16170.10000000056
 10
9799.713090551639
 20
16170.10000000056
 10
9799.713090551639
 20
19050.10000000056
  0
LWPOLYLINE
  5
75B
330
23
100
AcDbEntity
  8
KC-2B Membrane Sheet
100
AcDbPolyline
 90
        5
 70
     0
 43
0.0
 10
13774.71309055167
 20
16170.10000000044
 10
12694.71309055167
 20
16170.10000000044
 10
12694.71309055167
 20
19050.10000000044
 10
13774.71309055167
 20
19050.10000000044
 10
13774.71309055167
 20
16170.10000000044
  0
LINE
  5
77F
330
23
100
AcDbEntity
  8
KC-2B Wall Name
100
AcDbLine
 10
7636.811181413126
 20
17070.09999999998
 30
0.0
 11
5847.311181413126
 21
17070.09999999998
 31
0.0
  0
LWPOLYLINE
  5
780
330
23
100
AcDbEntity
  8
KC-2B Wall Name
100
AcDbPolyline
 90
        3
 70
     1
 43
0.0
 10
-5847.311181413126
 20
17136.84999999998
 10
-5847.311181413126
 20
17003.34999999998
 10
-5449.811181413126
 20
17070.09999999998
210
0.0
220
0.0
230
-1.0
  0
HATCH
  5
781
330
23
100
AcDbEntity
  8
KC-2B Wall Name
100
AcDbHatch
 10
0.0
 20
0.0
 30
0.0
210
0.0
220
0.0
230
-1.0
  2
SLOPELINE
 70
     0
 71
     0
 91
        1
 92
        3
 72
     0
 73
     1
 93
        3
 10
-5847.311181413126
 20
17136.84999999998
 10
-5847.311181413126
 20
17003.34999999998
 10
-5449.811181413126
 20
17070.09999999998
 97
        0
 75
     0
 76
     2
 52
90.0
 41
0.75
 77
     0
 78
     1
 53
135.0
 43
229438.1888185869
 44
13695.09999999998
 45
-0.5303300858899107
 46
-0.5303300858899106
 79
     2
 49
75.0
 49
-0.0750000011175871
 98
        0
1001
ACAD
1010
174260.0
1020
19260.0
1030
0.0
  0
LINE
  5
782
330
23
100
AcDbEntity
  8
KC-2B Wall Name
100
AcDbLine
 10
25114.7130905517
 20
24183.49462064635
 30
0.0
 11
25114.7130905517
 21
25972.99462064635
 31
0.0
  0
LWPOLYLINE
  5
783
330
23
100
AcDbEntity
  8
KC-2B Wall Name
100
AcDbPolyline
 90
        3
 70
     1
 43
0.0
 10
25047.9630905517
 20
25972.99462064635
 10
25181.4630905517
 20
25972.99462064635
 10
25114.7130905517
 20
26370.49462064635
  0
HATCH
  5
784
330
23
100
AcDbEntity
  8
KC-2B Wall Name
100
AcDbHatch
 10
0.0
 20
0.0
 30
0.0
210
0.0
220
0.0
230
1.0
  2
SLOPELINE
 70
     0
 71
     0
 91
        1
 92
        3
 72
     0
 73
     1
 93
        3
 10
25047.9630905517
 20
25972.99462064635
 10
25181.4630905517
 20
25972.99462064635
 10
25114.7130905517
 20
26370.49462064635
 97
        0
 75
     0
 76
     2
 52
0.0
 41
0.75
 77
     0
 78
     1
 53
45.0
 43
36319.7130905517
 44
15502.34729978722
 45
-0.5303300858899107
 46
0.5303300858899107
 79
     2
 49
75.00000000000001
 49
-0.0750000011175871
 98
        0
1001
ACAD
1010
174260.0
1020
19260.0
1030
0.0
  0
LINE
  5
785
330
23
100
AcDbEntity
  8
KC-2B Wall Name
100
AcDbLine
 10
42267.98751270102
 20
17070.09999999998
 30
0.0
 11
44057.48751270102
 21
17070.09999999998
 31
0.0
  0
LINE
  5
786
330
23
100
AcDbEntity
  8
KC-2B Wall Name
100
AcDbLine
 10
25114.71309055167
 20
10628.49313125887
 30
0.0
 11
25114.71309055167
 21
8838.993131258874
 31
0.0
  0
LWPOLYLINE
  5
787
330
23
100
AcDbEntity
  8
KC-2B Wall Name
100
AcDbPolyline
 90
        3
 70
     1
 43
0.0
 10
25181.46309055167
 20
8838.993131258874
 10
25047.96309055167
 20
8838.993131258874
 10
25114.71309055167
 20
8441.493131258874
  0
HATCH
  5
788
330
23
100
AcDbEntity
  8
KC-2B Wall Name
100
AcDbHatch
 10
0.0
 20
0.0
 30
0.0
210
0.0
220
0.0
230
1.0
  2
SLOPELINE
 70
     0
 71
     0
 91
        1
 92
        3
 72
     0
 73
     1
 93
        3
 10
25181.46309055167
 20
8838.993131258874
 10
25047.96309055167
 20
8838.993131258874
 10
25114.71309055167
 20
8441.493131258874
 97
        0
 75
     0
 76
     2
 52
0.0
 41
0.75
 77
     0
 78
     1
 53
45.0
 43
36319.71309055167
 44
12559.64045211801
 45
-0.5303300858899107
 46
0.5303300858899107
 79
     2
 49
75.00000000000001
 49
-0.0750000011175871
 98
        0
1001
ACAD
1010
174260.0
1020
19260.0
1030
0.0
  0
TEXT
  5
789
330
23
100
AcDbEntity
  8
KC-2B Wall Name
100
AcDbText
 10
5922.311181413126
 20
17155.32498321019
 30
0.0
 40
300.0
  1
WALL A
  7
Default
 11
5922.311181413126
 21
17070.09999999998
 31
0.0
100
AcDbText
 73
     1
  0
TEXT
  5
78A
330
23
100
AcDbEntity
  8
KC-2B Wall Name
100
AcDbText
 10
42342.98751270102
 20
17155.32498321019
 30
0.0
 40
300.0
  1
WALL F
  7
Default
 11
42342.98751270102
 21
17070.09999999998
 31
0.0
100
AcDbText
 73
     1
  0
TEXT
  5
78B
330
23
100
AcDbEntity
  8
KC-2B Wall Name
100
AcDbText
 10
25029.48810734149
 20
24258.49462064635
 30
0.0
 40
300.0
  1
WALL PL
 50
90.0
  7
Default
 11
25114.7130905517
 21
24258.49462064635
 31
0.0
100
AcDbText
 73
     1
  0
TEXT
  5
78C
330
23
100
AcDbEntity
  8
KC-2B Wall Name
100
AcDbText
 10
25029.48810734146
 20
8913.993131258874
 30
0.0
 40
300.0
  1
WALL SL
 50
90.0
  7
Default
 11
25114.71309055167
 21
8913.993131258874
 31
0.0
100
AcDbText
 73
     1
  0
LWPOLYLINE
  5
78D
330
23
100
AcDbEntity
  8
KC-2B Wall Name
100
AcDbPolyline
 90
        3
 70
     1
 43
0.0
 10
-44057.48751270102
 20
17003.34999999998
 10
-44057.48751270102
 20
17136.84999999998
 10
-44454.98751270102
 20
17070.09999999998
210
0.0
220
0.0
230
-1.0
  0
HATCH
  5
78E
330
23
100
AcDbEntity
  8
KC-2B Wall Name
100
AcDbHatch
 10
0.0
 20
0.0
 30
0.0
210
0.0
220
0.0
230
-1.0
  2
SLOPELINE
 70
     0
 71
     0
 91
        1
 92
        3
 72
     0
 73
     1
 93
        3
 10
-44057.48751270102
 20
17003.34999999998
 10
-44057.48751270102
 20
17136.84999999998
 10
-44454.98751270102
 20
17070.09999999998
 97
        0
 75
     0
 76
     2
 52
90.0
 41
0.75
 77
     0
 78
     1
 53
135.0
 43
104201.387487299
 44
12210.09999999998
 45
-0.5303300858899107
 46
-0.5303300858899106
 79
     2
 49
75.0
 49
-0.0750000011175871
 98
        0
1001
ACAD
1010
92120.0
1020
17820.0
1030
0.0
  0
MTEXT
  5
791
330
23
100
AcDbEntity
  8
0
100
AcDbMText
 10
1664.909592520766
 20
2849.847753604176
 30
0.0
 40
200.0
 41
552900.8872599497
 46
0.0
 71
     1
 72
     5
  3
CAUTION:\PTHIS DRAWING CONSTITUTES A TRADE SECRET OF HD HYUNDAI HEAVY INDUSTRIES AND CONTAINS NATIONAL CORE TECHNOLOGY DATA PROTECTED UNDER THE LAWS OF THE REPUBLIC OF KOREA.^JANY MODIFICATION, DISTRIBUTION, OR DISCLOSURE OF THIS DRAWING, IN WHOLE OF 
  3
IN PART, WITHOUT THE PRIOR WRITTEN CONSENT OF HD HYUNDAI HEAVY INDUSTIRES IS STRICTLY^JPROHIBITED AND MAY RESULT IN PENALTIES, FINES, AND IMPRISONMENT, INDER THE LAWS OF THE REPUBLIC OF KOREA AND THE LAWS IN ANY APPLICABLE JURISDICTIONS. ALL RIGHTS RE
  1
SERVED
 73
     1
 44
1.0
101
Embedded Object
 70
     1
 10
1.0
 20
0.0
 30
0.0
 11
1664.909592520766
 21
2849.847753604176
 31
0.0
 40
552900.8872599497
 41
0.0
 42
32700.0
 43
1233.333333333333
 71
     2
 72
     1
 44
552900.8872599497
 45
16935.76098083579
 73
     0
 74
     0
 46
-1233.333333333334
  0
LINE
  5
792
330
23
100
AcDbEntity
  8
KC-2B Membrane Sheet UM
  6
Continuous
100
AcDbLine
 10
10534.7130905517
 20
19050.10000000044
 30
0.0
 11
12694.7130905517
 21
19050.10000000056
 31
0.0
  0
LINE
  5
876
330
23
100
AcDbEntity
  8
KC-2B Steel Wall
  6
CENTER2
 48
5.0
100
AcDbLine
 10
9994.75550392011
 20
22644.9630944794
 30
0.0
 11
9994.75550392011
 21
11495.23690552113
 31
0.0
  0
LINE
  5
877
330
23
100
AcDbEntity
  8
KC-2B Steel Wall
  6
CENTER2
 48
5.0
100
AcDbLine
 10
10354.75550392011
 20
22644.9630944794
 30
0.0
 11
10354.75550392011
 21
11495.23690552113
 31
0.0
  0
LINE
  5
878
330
23
100
AcDbEntity
  8
KC-2B Steel Wall
  6
CENTER2
 48
5.0
100
AcDbLine
 10
10714.75550392011
 20
22644.9630944794
 30
0.0
 11
10714.75550392011
 21
17970.10000000056
 31
0.0
  0
LINE
  5
879
330
23
100
AcDbEntity
  8
KC-2B Steel Wall
  6
CENTER2
 48
5.0
100
AcDbLine
 10
10714.75550392011
 20
16170.10000000044
 30
0.0
 11
10714.75550392011
 21
11495.23690552113
 31
0.0
  0
LINE
  5
87A
330
23
100
AcDbEntity
  8
KC-2B Steel Wall
  6
CENTER2
 48
5.0
100
AcDbLine
 10
11074.75550392011
 20
22644.9630944794
 30
0.0
 11
11074.75550392011
 21
17970.10000000056
 31
0.0
  0
LINE
  5
87B
330
23
100
AcDbEntity
  8
KC-2B Steel Wall
  6
CENTER2
 48
5.0
100
AcDbLine
 10
11074.75550392011
 20
16170.10000000044
 30
0.0
 11
11074.75550392011
 21
11495.23690552113
 31
0.0
  0
LINE
  5
87C
330
23
100
AcDbEntity
  8
KC-2B Steel Wall
  6
CENTER2
 48
5.0
100
AcDbLine
 10
11434.75550392011
 20
22644.9630944794
 30
0.0
 11
11434.75550392011
 21
17970.10000000056
 31
0.0
  0
LINE
  5
87D
330
23
100
AcDbEntity
  8
KC-2B Steel Wall
  6
CENTER2
 48
5.0
100
AcDbLine
 10
11434.75550392011
 20
16170.10000000044
 30
0.0
 11
11434.75550392011
 21
11495.23690552113
 31
0.0
  0
LINE
  5
87E
330
23
100
AcDbEntity
  8
KC-2B Steel Wall
  6
CENTER2
 48
5.0
100
AcDbLine
 10
11794.75550392011
 20
22644.9630944794
 30
0.0
 11
11794.75550392011
 21
17970.10000000044
 31
0.0
  0
LINE
  5
87F
330
23
100
AcDbEntity
  8
KC-2B Steel Wall
  6
CENTER2
 48
5.0
100
AcDbLine
 10
11794.75550392011
 20
16170.10000000044
 30
0.0
 11
11794.75550392011
 21
11495.23690552113
 31
0.0
  0
LINE
  5
880
330
23
100
AcDbEntity
  8
KC-2B Steel Wall
  6
CENTER2
 48
5.0
100
AcDbLine
 10
12154.75550392011
 20
22644.9630944794
 30
0.0
 11
12154.75550392011
 21
17970.10000000044
 31
0.0
  0
LINE
  5
881
330
23
100
AcDbEntity
  8
KC-2B Steel Wall
  6
CENTER2
 48
5.0
100
AcDbLine
 10
12154.75550392011
 20
16170.10000000044
 30
0.0
 11
12154.75550392011
 21
11495.23690552113
 31
0.0
  0
LINE
  5
882
330
23
100
AcDbEntity
  8
KC-2B Steel Wall
  6
CENTER2
 48
5.0
100
AcDbLine
 10
12514.75550392011
 20
22644.9630944794
 30
0.0
 11
12514.75550392011
 21
17970.10000000044
 31
0.0
  0
LINE
  5
883
330
23
100
AcDbEntity
  8
KC-2B Steel Wall
  6
CENTER2
 48
5.0
100
AcDbLine
 10
12514.75550392011
 20
16170.10000000044
 30
0.0
 11
12514.75550392011
 21
11495.23690552113
 31
0.0
  0
LINE
  5
884
330
23
100
AcDbEntity
  8
KC-2B Steel Wall
  6
CENTER2
 48
5.0
100
AcDbLine
 10
12874.75550392011
 20
22644.9630944794
 30
0.0
 11
12874.75550392011
 21
11495.23690552113
 31
0.0
  0
LINE
  5
885
330
23
100
AcDbEntity
  8
KC-2B Steel Wall
  6
CENTER2
 48
5.0
100
AcDbLine
 10
13234.75550392011
 20
22644.9630944794
 30
0.0
 11
13234.75550392011
 21
11495.23690552113
 31
0.0
  0
LINE
  5
886
330
23
100
AcDbEntity
  8
KC-2B Steel Wall
  6
CENTER2
 48
5.0
100
AcDbLine
 10
13594.75550392011
 20
22644.9630944794
 30
0.0
 11
13594.75550392011
 21
11495.23690552113
 31
0.0
  0
LINE
  5
887
330
23
100
AcDbEntity
  8
KC-2B Steel Wall
  6
CENTER2
 48
5.0
100
AcDbLine
 10
13954.75550392011
 20
22644.9630944794
 30
0.0
 11
13954.75550392011
 21
11495.23690552113
 31
0.0
  0
LINE
  5
888
330
23
100
AcDbEntity
  8
KC-2B Steel Wall
  6
CENTER2
 48
5.0
100
AcDbLine
 10
14314.75550392011
 20
22644.9630944794
 30
0.0
 11
14314.75550392011
 21
11495.23690552113
 31
0.0
  0
LINE
  5
889
330
23
100
AcDbEntity
  8
KC-2B Steel Wall
  6
CENTER2
 48
5.0
100
AcDbLine
 10
14674.75550392011
 20
22644.9630944794
 30
0.0
 11
14674.75550392011
 21
11495.23690552113
 31
0.0
  0
LINE
  5
88A
330
23
100
AcDbEntity
  8
KC-2B Steel Wall
  6
CENTER2
 48
5.0
100
AcDbLine
 10
15034.75550392011
 20
22644.9630944794
 30
0.0
 11
15034.75550392011
 21
11495.23690552113
 31
0.0
  0
LINE
  5
88B
330
23
100
AcDbEntity
  8
KC-2B Steel Wall
  6
CENTER2
 48
5.0
100
AcDbLine
 10
15394.75550392011
 20
22644.9630944794
 30
0.0
 11
15394.75550392011
 21
11495.23690552113
 31
0.0
  0
LINE
  5
88C
330
23
100
AcDbEntity
  8
KC-2B Steel Wall
  6
CENTER2
 48
5.0
100
AcDbLine
 10
15754.75550392011
 20
22644.9630944794
 30
0.0
 11
15754.75550392011
 21
11495.23690552113
 31
0.0
  0
LINE
  5
88D
330
23
100
AcDbEntity
  8
KC-2B Steel Wall
  6
CENTER2
 48
5.0
100
AcDbLine
 10
16114.75550392011
 20
22644.9630944794
 30
0.0
 11
16114.75550392011
 21
11495.23690552113
 31
0.0
  0
LINE
  5
88E
330
23
100
AcDbEntity
  8
KC-2B Steel Wall
  6
CENTER2
 48
5.0
100
AcDbLine
 10
16474.75550392011
 20
22644.9630944794
 30
0.0
 11
16474.75550392011
 21
11495.23690552113
 31
0.0
  0
LINE
  5
88F
330
23
100
AcDbEntity
  8
KC-2B Steel Wall
  6
CENTER2
 48
5.0
100
AcDbLine
 10
16834.75550392011
 20
22644.9630944794
 30
0.0
 11
16834.75550392011
 21
11495.23690552113
 31
0.0
  0
LINE
  5
890
330
23
100
AcDbEntity
  8
KC-2B Steel Wall
  6
CENTER2
 48
5.0
100
AcDbLine
 10
17194.75550392011
 20
22644.9630944794
 30
0.0
 11
17194.75550392011
 21
11495.23690552113
 31
0.0
  0
LINE
  5
891
330
23
100
AcDbEntity
  8
KC-2B Steel Wall
  6
CENTER2
 48
5.0
100
AcDbLine
 10
17554.75550392011
 20
22644.9630944794
 30
0.0
 11
17554.75550392011
 21
11495.23690552113
 31
0.0
  0
LINE
  5
892
330
23
100
AcDbEntity
  8
KC-2B Steel Wall
  6
CENTER2
 48
5.0
100
AcDbLine
 10
17914.75550392011
 20
22644.9630944794
 30
0.0
 11
17914.75550392011
 21
11495.23690552113
 31
0.0
  0
LINE
  5
893
330
23
100
AcDbEntity
  8
KC-2B Steel Wall
  6
CENTER2
 48
5.0
100
AcDbLine
 10
18274.75550392011
 20
22644.9630944794
 30
0.0
 11
18274.75550392011
 21
11495.23690552113
 31
0.0
  0
LINE
  5
894
330
23
100
AcDbEntity
  8
KC-2B Steel Wall
  6
CENTER2
 48
5.0
100
AcDbLine
 10
18634.75550392011
 20
22644.9630944794
 30
0.0
 11
18634.75550392011
 21
11495.23690552113
 31
0.0
  0
LINE
  5
895
330
23
100
AcDbEntity
  8
KC-2B Steel Wall
  6
CENTER2
 48
5.0
100
AcDbLine
 10
18994.75550392011
 20
22644.9630944794
 30
0.0
 11
18994.75550392011
 21
11495.23690552113
 31
0.0
  0
LINE
  5
896
330
23
100
AcDbEntity
  8
KC-2B Steel Wall
  6
CENTER2
 48
5.0
100
AcDbLine
 10
19354.75550392011
 20
22644.9630944794
 30
0.0
 11
19354.75550392011
 21
11495.23690552113
 31
0.0
  0
LINE
  5
897
330
23
100
AcDbEntity
  8
KC-2B Steel Wall
  6
CENTER2
 48
5.0
100
AcDbLine
 10
19714.75550392011
 20
22644.9630944794
 30
0.0
 11
19714.75550392011
 21
11495.23690552113
 31
0.0
  0
LINE
  5
898
330
23
100
AcDbEntity
  8
KC-2B Steel Wall
  6
CENTER2
 48
5.0
100
AcDbLine
 10
20074.75550392011
 20
22644.9630944794
 30
0.0
 11
20074.75550392011
 21
11495.23690552113
 31
0.0
  0
LINE
  5
899
330
23
100
AcDbEntity
  8
KC-2B Steel Wall
  6
CENTER2
 48
5.0
100
AcDbLine
 10
20434.75550392011
 20
22644.9630944794
 30
0.0
 11
20434.75550392011
 21
11495.23690552113
 31
0.0
  0
LINE
  5
89A
330
23
100
AcDbEntity
  8
KC-2B Steel Wall
  6
CENTER2
 48
5.0
100
AcDbLine
 10
20794.75550392011
 20
22644.9630944794
 30
0.0
 11
20794.75550392011
 21
11495.23690552113
 31
0.0
  0
LINE
  5
89B
330
23
100
AcDbEntity
  8
KC-2B Steel Wall
  6
CENTER2
 48
5.0
100
AcDbLine
 10
21154.75550392011
 20
22644.9630944794
 30
0.0
 11
21154.75550392011
 21
11495.23690552113
 31
0.0
  0
LINE
  5
89C
330
23
100
AcDbEntity
  8
KC-2B Steel Wall
  6
CENTER2
 48
5.0
100
AcDbLine
 10
21514.75550392011
 20
22644.9630944794
 30
0.0
 11
21514.75550392011
 21
11495.23690552113
 31
0.0
  0
LINE
  5
89D
330
23
100
AcDbEntity
  8
KC-2B Steel Wall
  6
CENTER2
 48
5.0
100
AcDbLine
 10
21874.75550392011
 20
22644.9630944794
 30
0.0
 11
21874.75550392011
 21
11495.23690552113
 31
0.0
  0
LINE
  5
89E
330
23
100
AcDbEntity
  8
KC-2B Steel Wall
  6
CENTER2
 48
5.0
100
AcDbLine
 10
22234.75550392011
 20
22644.9630944794
 30
0.0
 11
22234.75550392011
 21
11495.23690552113
 31
0.0
  0
LINE
  5
89F
330
23
100
AcDbEntity
  8
KC-2B Steel Wall
  6
CENTER2
 48
5.0
100
AcDbLine
 10
22594.75550392011
 20
22644.9630944794
 30
0.0
 11
22594.75550392011
 21
11495.23690552113
 31
0.0
  0
LINE
  5
8A0
330
23
100
AcDbEntity
  8
KC-2B Steel Wall
  6
CENTER2
 48
5.0
100
AcDbLine
 10
22954.75550392011
 20
22644.9630944794
 30
0.0
 11
22954.75550392011
 21
11495.23690552113
 31
0.0
  0
LINE
  5
8A1
330
23
100
AcDbEntity
  8
KC-2B Steel Wall
  6
CENTER2
 48
5.0
100
AcDbLine
 10
23314.75550392011
 20
22644.9630944794
 30
0.0
 11
23314.75550392011
 21
11495.23690552113
 31
0.0
  0
LINE
  5
8A2
330
23
100
AcDbEntity
  8
KC-2B Steel Wall
  6
CENTER2
 48
5.0
100
AcDbLine
 10
23674.75550392011
 20
22644.9630944794
 30
0.0
 11
23674.75550392011
 21
11495.23690552113
 31
0.0
  0
LINE
  5
8A3
330
23
100
AcDbEntity
  8
KC-2B Steel Wall
  6
CENTER2
 48
5.0
100
AcDbLine
 10
24034.75550392011
 20
22644.9630944794
 30
0.0
 11
24034.75550392011
 21
11495.23690552113
 31
0.0
  0
LINE
  5
8A4
330
23
100
AcDbEntity
  8
KC-2B Steel Wall
  6
CENTER2
 48
5.0
100
AcDbLine
 10
24394.75550392011
 20
22644.9630944794
 30
0.0
 11
24394.75550392011
 21
11495.23690552113
 31
0.0
  0
LINE
  5
8A5
330
23
100
AcDbEntity
  8
KC-2B Steel Wall
  6
CENTER2
 48
5.0
100
AcDbLine
 10
24754.75550392011
 20
22644.9630944794
 30
0.0
 11
24754.75550392011
 21
11495.23690552113
 31
0.0
  0
LINE
  5
8A6
330
23
100
AcDbEntity
  8
KC-2B Steel Wall
  6
CENTER2
 48
5.0
100
AcDbLine
 10
24754.75550392011
 20
10584.99716080888
 30
0.0
 11
24754.75550392011
 21
9335.236905521713
 31
0.0
  0
LINE
  5
8A7
330
23
100
AcDbEntity
  8
KC-2B Steel Wall
  6
CENTER2
 48
5.0
100
AcDbLine
 10
25114.75550392011
 20
22644.9630944794
 30
0.0
 11
25114.75550392011
 21
11495.23690552113
 31
0.0
  0
LINE
  5
8A8
330
23
100
AcDbEntity
  8
KC-2B Steel Wall
  6
CENTER2
 48
5.0
100
AcDbLine
 10
25474.75550392011
 20
22644.9630944794
 30
0.0
 11
25474.75550392011
 21
11495.23690552113
 31
0.0
  0
LINE
  5
8A9
330
23
100
AcDbEntity
  8
KC-2B Steel Wall
  6
CENTER2
 48
5.0
100
AcDbLine
 10
25834.75550392011
 20
22644.9630944794
 30
0.0
 11
25834.75550392011
 21
11495.23690552113
 31
0.0
  0
LINE
  5
8AA
330
23
100
AcDbEntity
  8
KC-2B Steel Wall
  6
CENTER2
 48
5.0
100
AcDbLine
 10
26194.75550392011
 20
22644.9630944794
 30
0.0
 11
26194.75550392011
 21
11495.23690552113
 31
0.0
  0
LINE
  5
8AB
330
23
100
AcDbEntity
  8
KC-2B Steel Wall
  6
CENTER2
 48
5.0
100
AcDbLine
 10
26554.75550392011
 20
22644.9630944794
 30
0.0
 11
26554.75550392011
 21
11495.23690552113
 31
0.0
  0
LINE
  5
8AC
330
23
100
AcDbEntity
  8
KC-2B Steel Wall
  6
CENTER2
 48
5.0
100
AcDbLine
 10
26914.75550392011
 20
22644.9630944794
 30
0.0
 11
26914.75550392011
 21
11495.23690552113
 31
0.0
  0
LINE
  5
8AD
330
23
100
AcDbEntity
  8
KC-2B Steel Wall
  6
CENTER2
 48
5.0
100
AcDbLine
 10
27274.75550392011
 20
22644.9630944794
 30
0.0
 11
27274.75550392011
 21
11495.23690552113
 31
0.0
  0
LINE
  5
8AE
330
23
100
AcDbEntity
  8
KC-2B Steel Wall
  6
CENTER2
 48
5.0
100
AcDbLine
 10
27634.75550392011
 20
22644.9630944794
 30
0.0
 11
27634.75550392011
 21
11495.23690552113
 31
0.0
  0
LINE
  5
8AF
330
23
100
AcDbEntity
  8
KC-2B Steel Wall
  6
CENTER2
 48
5.0
100
AcDbLine
 10
27994.75550392011
 20
22644.9630944794
 30
0.0
 11
27994.75550392011
 21
11495.23690552113
 31
0.0
  0
LINE
  5
8B0
330
23
100
AcDbEntity
  8
KC-2B Steel Wall
  6
CENTER2
 48
5.0
100
AcDbLine
 10
28354.75550392011
 20
22644.9630944794
 30
0.0
 11
28354.75550392011
 21
11495.23690552113
 31
0.0
  0
LINE
  5
8B1
330
23
100
AcDbEntity
  8
KC-2B Steel Wall
  6
CENTER2
 48
5.0
100
AcDbLine
 10
28714.75550392011
 20
22644.9630944794
 30
0.0
 11
28714.75550392011
 21
11495.23690552113
 31
0.0
  0
LINE
  5
8B2
330
23
100
AcDbEntity
  8
KC-2B Steel Wall
  6
CENTER2
 48
5.0
100
AcDbLine
 10
29074.75550392011
 20
22644.9630944794
 30
0.0
 11
29074.75550392011
 21
11495.23690552113
 31
0.0
  0
LINE
  5
8B3
330
23
100
AcDbEntity
  8
KC-2B Steel Wall
  6
CENTER2
 48
5.0
100
AcDbLine
 10
29434.75550392011
 20
22644.9630944794
 30
0.0
 11
29434.75550392011
 21
11495.23690552113
 31
0.0
  0
LINE
  5
8B4
330
23
100
AcDbEntity
  8
KC-2B Steel Wall
  6
CENTER2
 48
5.0
100
AcDbLine
 10
29794.75550392011
 20
22644.9630944794
 30
0.0
 11
29794.75550392011
 21
11495.23690552113
 31
0.0
  0
LINE
  5
8B5
330
23
100
AcDbEntity
  8
KC-2B Steel Wall
  6
CENTER2
 48
5.0
100
AcDbLine
 10
30154.75550392011
 20
22644.9630944794
 30
0.0
 11
30154.75550392011
 21
11495.23690552113
 31
0.0
  0
LINE
  5
8B6
330
23
100
AcDbEntity
  8
KC-2B Steel Wall
  6
CENTER2
 48
5.0
100
AcDbLine
 10
30514.75550392011
 20
22644.9630944794
 30
0.0
 11
30514.75550392011
 21
11495.23690552113
 31
0.0
  0
LINE
  5
8B7
330
23
100
AcDbEntity
  8
KC-2B Steel Wall
  6
CENTER2
 48
5.0
100
AcDbLine
 10
30874.75550392011
 20
22644.9630944794
 30
0.0
 11
30874.75550392011
 21
11495.23690552113
 31
0.0
  0
LINE
  5
8B8
330
23
100
AcDbEntity
  8
KC-2B Steel Wall
  6
CENTER2
 48
5.0
100
AcDbLine
 10
31234.75550392011
 20
22644.9630944794
 30
0.0
 11
31234.75550392011
 21
11495.23690552113
 31
0.0
  0
LINE
  5
8B9
330
23
100
AcDbEntity
  8
KC-2B Steel Wall
  6
CENTER2
 48
5.0
100
AcDbLine
 10
31594.75550392011
 20
22644.9630944794
 30
0.0
 11
31594.75550392011
 21
11495.23690552113
 31
0.0
  0
LINE
  5
8BA
330
23
100
AcDbEntity
  8
KC-2B Steel Wall
  6
CENTER2
 48
5.0
100
AcDbLine
 10
31954.75550392011
 20
22644.9630944794
 30
0.0
 11
31954.75550392011
 21
11495.23690552113
 31
0.0
  0
LINE
  5
8BB
330
23
100
AcDbEntity
  8
KC-2B Steel Wall
  6
CENTER2
 48
5.0
100
AcDbLine
 10
32314.75550392011
 20
22644.9630944794
 30
0.0
 11
32314.75550392011
 21
11495.23690552113
 31
0.0
  0
LINE
  5
8BC
330
23
100
AcDbEntity
  8
KC-2B Steel Wall
  6
CENTER2
 48
5.0
100
AcDbLine
 10
32674.75550392011
 20
22644.9630944794
 30
0.0
 11
32674.75550392011
 21
11495.23690552113
 31
0.0
  0
LINE
  5
8BD
330
23
100
AcDbEntity
  8
KC-2B Steel Wall
  6
CENTER2
 48
5.0
100
AcDbLine
 10
33034.75550392011
 20
22644.9630944794
 30
0.0
 11
33034.75550392011
 21
11495.23690552113
 31
0.0
  0
LINE
  5
8BE
330
23
100
AcDbEntity
  8
KC-2B Steel Wall
  6
CENTER2
 48
5.0
100
AcDbLine
 10
33394.75550392011
 20
22644.9630944794
 30
0.0
 11
33394.75550392011
 21
11495.23690552113
 31
0.0
  0
LINE
  5
8BF
330
23
100
AcDbEntity
  8
KC-2B Steel Wall
  6
CENTER2
 48
5.0
100
AcDbLine
 10
33754.75550392011
 20
22644.9630944794
 30
0.0
 11
33754.75550392011
 21
11495.23690552113
 31
0.0
  0
LINE
  5
8C0
330
23
100
AcDbEntity
  8
KC-2B Steel Wall
  6
CENTER2
 48
5.0
100
AcDbLine
 10
34114.75550392011
 20
22644.9630944794
 30
0.0
 11
34114.75550392011
 21
11495.23690552113
 31
0.0
  0
LINE
  5
8C1
330
23
100
AcDbEntity
  8
KC-2B Steel Wall
  6
CENTER2
 48
5.0
100
AcDbLine
 10
34474.75550392011
 20
22644.9630944794
 30
0.0
 11
34474.75550392011
 21
11495.23690552113
 31
0.0
  0
LINE
  5
8C2
330
23
100
AcDbEntity
  8
KC-2B Steel Wall
  6
CENTER2
 48
5.0
100
AcDbLine
 10
34834.75550392011
 20
22644.9630944794
 30
0.0
 11
34834.75550392011
 21
11495.23690552113
 31
0.0
  0
LINE
  5
8C3
330
23
100
AcDbEntity
  8
KC-2B Steel Wall
  6
CENTER2
 48
5.0
100
AcDbLine
 10
35194.75550392011
 20
22644.9630944794
 30
0.0
 11
35194.75550392011
 21
11495.23690552113
 31
0.0
  0
LINE
  5
8C4
330
23
100
AcDbEntity
  8
KC-2B Steel Wall
  6
CENTER2
 48
5.0
100
AcDbLine
 10
35554.75550392011
 20
22644.9630944794
 30
0.0
 11
35554.75550392011
 21
11495.23690552113
 31
0.0
  0
LINE
  5
8C5
330
23
100
AcDbEntity
  8
KC-2B Steel Wall
  6
CENTER2
 48
5.0
100
AcDbLine
 10
35914.75550392011
 20
22644.9630944794
 30
0.0
 11
35914.75550392011
 21
11495.23690552113
 31
0.0
  0
LINE
  5
8C6
330
23
100
AcDbEntity
  8
KC-2B Steel Wall
  6
CENTER2
 48
5.0
100
AcDbLine
 10
36274.75550392011
 20
22644.9630944794
 30
0.0
 11
36274.75550392011
 21
11495.23690552113
 31
0.0
  0
LINE
  5
8C7
330
23
100
AcDbEntity
  8
KC-2B Steel Wall
  6
CENTER2
 48
5.0
100
AcDbLine
 10
36634.75550392011
 20
22644.9630944794
 30
0.0
 11
36634.75550392011
 21
11495.23690552113
 31
0.0
  0
LINE
  5
8C8
330
23
100
AcDbEntity
  8
KC-2B Steel Wall
  6
CENTER2
 48
5.0
100
AcDbLine
 10
36994.75550392011
 20
22644.9630944794
 30
0.0
 11
36994.75550392011
 21
11495.23690552113
 31
0.0
  0
LINE
  5
8C9
330
23
100
AcDbEntity
  8
KC-2B Steel Wall
  6
CENTER2
 48
5.0
100
AcDbLine
 10
37354.75550392011
 20
22644.9630944794
 30
0.0
 11
37354.75550392011
 21
11495.23690552113
 31
0.0
  0
LINE
  5
8CA
330
23
100
AcDbEntity
  8
KC-2B Steel Wall
  6
CENTER2
 48
5.0
100
AcDbLine
 10
37714.75550392011
 20
22644.9630944794
 30
0.0
 11
37714.75550392011
 21
11495.23690552113
 31
0.0
  0
LINE
  5
8CB
330
23
100
AcDbEntity
  8
KC-2B Steel Wall
  6
CENTER2
 48
5.0
100
AcDbLine
 10
38074.75550392011
 20
22644.9630944794
 30
0.0
 11
38074.75550392011
 21
11495.23690552113
 31
0.0
  0
LINE
  5
8CC
330
23
100
AcDbEntity
  8
KC-2B Steel Wall
  6
CENTER2
 48
5.0
100
AcDbLine
 10
38434.75550392011
 20
22644.9630944794
 30
0.0
 11
38434.75550392011
 21
11495.23690552113
 31
0.0
  0
LINE
  5
8CD
330
23
100
AcDbEntity
  8
KC-2B Steel Wall
  6
CENTER2
 48
5.0
100
AcDbLine
 10
38794.75550392011
 20
22644.9630944794
 30
0.0
 11
38794.75550392011
 21
11495.23690552113
 31
0.0
  0
LINE
  5
8CE
330
23
100
AcDbEntity
  8
KC-2B Steel Wall
  6
CENTER2
 48
5.0
100
AcDbLine
 10
39154.75550392011
 20
22644.9630944794
 30
0.0
 11
39154.75550392011
 21
11495.23690552113
 31
0.0
  0
LINE
  5
8CF
330
23
100
AcDbEntity
  8
KC-2B Steel Wall
  6
CENTER2
 48
5.0
100
AcDbLine
 10
39514.75550392011
 20
22644.9630944794
 30
0.0
 11
39514.75550392011
 21
11495.23690552113
 31
0.0
  0
LINE
  5
8D0
330
23
100
AcDbEntity
  8
KC-2B Steel Wall
  6
CENTER2
 48
5.0
100
AcDbLine
 10
39874.75550392011
 20
22644.9630944794
 30
0.0
 11
39874.75550392011
 21
11495.23690552113
 31
0.0
  0
LINE
  5
8D1
330
23
100
AcDbEntity
  8
KC-2B Steel Wall
  6
CENTER2
 48
5.0
100
AcDbLine
 10
40234.75550392011
 20
22644.9630944794
 30
0.0
 11
40234.75550392011
 21
11495.23690552113
 31
0.0
  0
LINE
  5
8D2
330
23
100
AcDbEntity
  8
KC-2B Steel Wall
  6
CENTER2
 48
5.0
100
AcDbLine
 10
8722.213090551668
 20
21750.08120273717
 30
0.0
 11
41507.21309055167
 21
21750.08120273717
 31
0.0
  0
LINE
  5
8D3
330
23
100
AcDbEntity
  8
KC-2B Steel Wall
  6
CENTER2
 48
5.0
100
AcDbLine
 10
8722.213090551668
 20
21390.08120273717
 30
0.0
 11
41507.21309055167
 21
21390.08120273717
 31
0.0
  0
LINE
  5
8D4
330
23
100
AcDbEntity
  8
KC-2B Steel Wall
  6
CENTER2
 48
5.0
100
AcDbLine
 10
8722.213090551668
 20
21030.08120273717
 30
0.0
 11
41507.21309055167
 21
21030.08120273717
 31
0.0
  0
LINE
  5
8D5
330
23
100
AcDbEntity
  8
KC-2B Steel Wall
  6
CENTER2
 48
5.0
100
AcDbLine
 10
8722.213090551668
 20
20670.08120273717
 30
0.0
 11
41507.21309055167
 21
20670.08120273717
 31
0.0
  0
LINE
  5
8D6
330
23
100
AcDbEntity
  8
KC-2B Steel Wall
  6
CENTER2
 48
5.0
100
AcDbLine
 10
8722.213090551668
 20
20310.08120273717
 30
0.0
 11
41507.21309055167
 21
20310.08120273717
 31
0.0
  0
LINE
  5
8D7
330
23
100
AcDbEntity
  8
KC-2B Steel Wall
  6
CENTER2
 48
5.0
100
AcDbLine
 10
8722.213090551668
 20
19950.08120273717
 30
0.0
 11
41507.21309055167
 21
19950.08120273717
 31
0.0
  0
LINE
  5
8D8
330
23
100
AcDbEntity
  8
KC-2B Steel Wall
  6
CENTER2
 48
5.0
100
AcDbLine
 10
8722.213090551668
 20
19590.08120273717
 30
0.0
 11
41507.21309055167
 21
19590.08120273717
 31
0.0
  0
LINE
  5
8D9
330
23
100
AcDbEntity
  8
KC-2B Steel Wall
  6
CENTER2
 48
5.0
100
AcDbLine
 10
8722.213090551668
 20
19230.08120273717
 30
0.0
 11
41507.21309055167
 21
19230.08120273717
 31
0.0
  0
LINE
  5
8DA
330
23
100
AcDbEntity
  8
KC-2B Steel Wall
  6
CENTER2
 48
5.0
100
AcDbLine
 10
8722.213090551668
 20
18870.08120273717
 30
0.0
 11
41507.21309055167
 21
18870.08120273717
 31
0.0
  0
LINE
  5
8DB
330
23
100
AcDbEntity
  8
KC-2B Steel Wall
  6
CENTER2
 48
5.0
100
AcDbLine
 10
8722.213090551668
 20
18510.08120273717
 30
0.0
 11
41507.21309055167
 21
18510.08120273717
 31
0.0
  0
LINE
  5
8DC
330
23
100
AcDbEntity
  8
KC-2B Steel Wall
  6
CENTER2
 48
5.0
100
AcDbLine
 10
8722.213090551668
 20
18150.08120273717
 30
0.0
 11
41507.21309055167
 21
18150.08120273717
 31
0.0
  0
LINE
  5
8DD
330
23
100
AcDbEntity
  8
KC-2B Steel Wall
  6
CENTER2
 48
5.0
100
AcDbLine
 10
8722.213090551668
 20
17790.08120273717
 30
0.0
 11
10534.71309055164
 21
17790.08120273717
 31
0.0
  0
LINE
  5
8DE
330
23
100
AcDbEntity
  8
KC-2B Steel Wall
  6
CENTER2
 48
5.0
100
AcDbLine
 10
12694.71309055167
 20
17790.08120273717
 30
0.0
 11
41507.21309055167
 21
17790.08120273717
 31
0.0
  0
LINE
  5
8DF
330
23
100
AcDbEntity
  8
KC-2B Steel Wall
  6
CENTER2
 48
5.0
100
AcDbLine
 10
8722.213090551668
 20
17430.08120273717
 30
0.0
 11
10534.71309055164
 21
17430.08120273717
 31
0.0
  0
LINE
  5
8E0
330
23
100
AcDbEntity
  8
KC-2B Steel Wall
  6
CENTER2
 48
5.0
100
AcDbLine
 10
12694.71309055167
 20
17430.08120273717
 30
0.0
 11
41507.21309055167
 21
17430.08120273717
 31
0.0
  0
LINE
  5
8E1
330
23
100
AcDbEntity
  8
KC-2B Steel Wall
  6
CENTER2
 48
5.0
100
AcDbLine
 10
8722.213090551668
 20
17070.08120273717
 30
0.0
 11
10534.71309055164
 21
17070.08120273717
 31
0.0
  0
LINE
  5
8E2
330
23
100
AcDbEntity
  8
KC-2B Steel Wall
  6
CENTER2
 48
5.0
100
AcDbLine
 10
12694.71309055167
 20
17070.08120273717
 30
0.0
 11
41507.21309055167
 21
17070.08120273717
 31
0.0
  0
LINE
  5
8E3
330
23
100
AcDbEntity
  8
KC-2B Steel Wall
  6
CENTER2
 48
5.0
100
AcDbLine
 10
8722.213090551668
 20
16710.08120273717
 30
0.0
 11
10534.71309055164
 21
16710.08120273717
 31
0.0
  0
LINE
  5
8E4
330
23
100
AcDbEntity
  8
KC-2B Steel Wall
  6
CENTER2
 48
5.0
100
AcDbLine
 10
12694.71309055167
 20
16710.08120273717
 30
0.0
 11
41507.21309055167
 21
16710.08120273717
 31
0.0
  0
LINE
  5
8E5
330
23
100
AcDbEntity
  8
KC-2B Steel Wall
  6
CENTER2
 48
5.0
100
AcDbLine
 10
8722.213090551668
 20
16350.08120273717
 30
0.0
 11
10534.71309055164
 21
16350.08120273717
 31
0.0
  0
LINE
  5
8E6
330
23
100
AcDbEntity
  8
KC-2B Steel Wall
  6
CENTER2
 48
5.0
100
AcDbLine
 10
12694.71309055167
 20
16350.08120273717
 30
0.0
 11
41507.21309055167
 21
16350.08120273717
 31
0.0
  0
LINE
  5
8E7
330
23
100
AcDbEntity
  8
KC-2B Steel Wall
  6
CENTER2
 48
5.0
100
AcDbLine
 10
8722.213090551668
 20
15990.08120273717
 30
0.0
 11
41507.21309055167
 21
15990.08120273717
 31
0.0
  0
LINE
  5
8E8
330
23
100
AcDbEntity
  8
KC-2B Steel Wall
  6
CENTER2
 48
5.0
100
AcDbLine
 10
8722.213090551668
 20
15630.08120273717
 30
0.0
 11
41507.21309055167
 21
15630.08120273717
 31
0.0
  0
LINE
  5
8E9
330
23
100
AcDbEntity
  8
KC-2B Steel Wall
  6
CENTER2
 48
5.0
100
AcDbLine
 10
8722.213090551668
 20
15270.08120273717
 30
0.0
 11
41507.21309055167
 21
15270.08120273717
 31
0.0
  0
LINE
  5
8EA
330
23
100
AcDbEntity
  8
KC-2B Steel Wall
  6
CENTER2
 48
5.0
100
AcDbLine
 10
8722.213090551668
 20
14910.08120273717
 30
0.0
 11
41507.21309055167
 21
14910.08120273717
 31
0.0
  0
LINE
  5
8EB
330
23
100
AcDbEntity
  8
KC-2B Steel Wall
  6
CENTER2
 48
5.0
100
AcDbLine
 10
8722.213090551668
 20
14550.08120273717
 30
0.0
 11
41507.21309055167
 21
14550.08120273717
 31
0.0
  0
LINE
  5
8EC
330
23
100
AcDbEntity
  8
KC-2B Steel Wall
  6
CENTER2
 48
5.0
100
AcDbLine
 10
8722.213090551668
 20
14190.08120273717
 30
0.0
 11
41507.21309055167
 21
14190.08120273717
 31
0.0
  0
LINE
  5
8ED
330
23
100
AcDbEntity
  8
KC-2B Steel Wall
  6
CENTER2
 48
5.0
100
AcDbLine
 10
8722.213090551668
 20
13830.08120273717
 30
0.0
 11
41507.21309055167
 21
13830.08120273717
 31
0.0
  0
LINE
  5
8EE
330
23
100
AcDbEntity
  8
KC-2B Steel Wall
  6
CENTER2
 48
5.0
100
AcDbLine
 10
8722.213090551668
 20
13470.08120273717
 30
0.0
 11
41507.21309055167
 21
13470.08120273717
 31
0.0
  0
LINE
  5
8EF
330
23
100
AcDbEntity
  8
KC-2B Steel Wall
  6
CENTER2
 48
5.0
100
AcDbLine
 10
8722.213090551668
 20
13110.08120273717
 30
0.0
 11
41507.21309055167
 21
13110.08120273717
 31
0.0
  0
LINE
  5
8F0
330
23
100
AcDbEntity
  8
KC-2B Steel Wall
  6
CENTER2
 48
5.0
100
AcDbLine
 10
8722.213090551668
 20
12750.08120273717
 30
0.0
 11
41507.21309055167
 21
12750.08120273717
 31
0.0
  0
LINE
  5
8F1
330
23
100
AcDbEntity
  8
KC-2B Steel Wall
  6
CENTER2
 48
5.0
100
AcDbLine
 10
8722.213090551668
 20
12390.08120273717
 30
0.0
 11
41507.21309055167
 21
12390.08120273717
 31
0.0
  0
ENDSEC
  0
SECTION
  2
OBJECTS
  0
DICTIONARY
  5
8
330
0
100
AcDbDictionary
281
     1
  3
ACAD_COLOR
350
37
  3
ACAD_DETAILVIEWSTYLE
350
918
  3
ACAD_GROUP
350
35
  3
ACAD_LAYOUT
350
2C
  3
ACAD_MATERIAL
350
B
  3
ACAD_MLEADERSTYLE
350
917
  3
ACAD_MLINESTYLE
350
20
  3
ACAD_PLOTSETTINGS
350
36
  3
ACAD_PLOTSTYLENAME
350
9
  3
ACAD_SCALELIST
350
42
  3
ACAD_SECTIONVIEWSTYLE
350
919
  3
ACAD_TABLESTYLE
350
916
  3
ACAD_VISUALSTYLE
350
38
  3
ACDB_RECOMPOSE_DATA
350
936
  3
AcDbVariableDictionary
350
914
  0
SUN
  5
3F
330
3D
100
AcDbSun
 90
        1
290
     1
 63
     7
421
 16777215
 40
1.0
291
     1
 91
  2455826
 92
 54000000
292
     0
 70
     0
 71
   256
280
     1
  0
DICTIONARY
  5
2
330
1
100
AcDbDictionary
280
     1
281
     1
  3
ACAD_LAYERSTATES
360
3
  3
AMLAYER_GROUPCOLORS
360
4
  3
AMLAYER_GROUPLINETYPES
360
5
  3
AMLAYER_GROUPLINEWEIGHTS
360
6
  0
DICTIONARY
  5
29
330
28
100
AcDbDictionary
280
     1
281
     1
  3
ADSK_XREC_LAYER_RECONCILED
360
2A
  0
DICTIONARY
  5
C4
330
C3
100
AcDbDictionary
280
     1
281
     1
  3
ADSK_XREC_LAYER_RECONCILED
360
C5
  0
DICTIONARY
  5
322
330
321
100
AcDbDictionary
280
     1
281
     1
  3
ADSK_XREC_LAYER_RECONCILED
360
323
  0
DICTIONARY
  5
BD
330
BC
100
AcDbDictionary
280
     1
281
     1
  3
ADSK_XREC_LAYER_RECONCILED
360
BE
  0
DICTIONARY
  5
75E
330
75D
100
AcDbDictionary
280
     1
281
     1
  3
ADSK_XREC_LAYER_RECONCILED
360
75F
  0
DICTIONARY
  5
144
330
143
100
AcDbDictionary
280
     1
281
     1
  3
ADSK_XREC_LAYER_RECONCILED
360
145
  0
DICTIONARY
  5
745
330
744
100
AcDbDictionary
280
     1
281
     1
  3
ADSK_XREC_LAYER_RECONCILED
360
746
  0
DICTIONARY
  5
69
330
68
100
AcDbDictionary
280
     1
281
     1
  3
ADSK_XREC_LAYER_RECONCILED
360
6A
  0
DICTIONARY
  5
CC
330
CB
100
AcDbDictionary
280
     1
281
     1
  3
ADSK_XREC_LAYER_RECONCILED
360
CD
  0
DICTIONARY
  5
24
330
23
100
AcDbDictionary
280
     1
281
     1
  3
ACAD_ASSOCNETWORK
360
26
  3
ACAD_SORTENTS
360
25
  0
DICTIONARY
  5
37
102
{ACAD_REACTORS
330
8
102
}
330
8
100
AcDbDictionary
281
     1
  0
DICTIONARY
  5
918
102
{ACAD_REACTORS
330
8
102
}
330
8
100
AcDbDictionary
281
     1
  0
DICTIONARY
  5
35
102
{ACAD_REACTORS
330
8
102
}
330
8
100
AcDbDictionary
281
     1
  0
DICTIONARY
  5
2C
102
{ACAD_REACTORS
330
8
102
}
330
8
100
AcDbDictionary
281
     1
  3
Layout1
350
31
  3
Model
350
2D
  0
DICTIONARY
  5
B
102
{ACAD_REACTORS
330
8
102
}
330
8
100
AcDbDictionary
281
     1
  3
ByBlock
350
66
  3
ByLayer
350
1A
  3
Global
350
C
  0
DICTIONARY
  5
917
102
{ACAD_REACTORS
330
8
102
}
330
8
100
AcDbDictionary
281
     1
  3
Standard
350
930
  0
DICTIONARY
  5
20
102
{ACAD_REACTORS
330
8
102
}
330
8
100
AcDbDictionary
281
     1
  3
Standard
350
21
  0
DICTIONARY
  5
36
102
{ACAD_REACTORS
330
8
102
}
330
8
100
AcDbDictionary
281
     1
  0
ACDBDICTIONARYWDFLT
  5
9
102
{ACAD_REACTORS
330
8
102
}
330
8
100
AcDbDictionary
281
     1
  3
Normal
350
A
100
AcDbDictionaryWithDefault
340
A
  0
DICTIONARY
  5
42
102
{ACAD_REACTORS
330
8
102
}
330
8
100
AcDbDictionary
281
     1
  3
*A1
350
54
  3
*A10
350
5D
  3
*A11
350
5E
  3
*A12
350
5F
  3
*A13
350
60
  3
*A14
350
61
  3
*A15
350
62
  3
*A16
350
63
  3
*A17
350
64
  3
*A18
350
65
  3
*A2
350
55
  3
*A3
350
56
  3
*A4
350
57
  3
*A5
350
58
  3
*A6
350
59
  3
*A7
350
5A
  3
*A8
350
5B
  3
*A9
350
5C
  0
DICTIONARY
  5
919
102
{ACAD_REACTORS
330
8
102
}
330
8
100
AcDbDictionary
281
     1
  0
DICTIONARY
  5
916
102
{ACAD_REACTORS
330
8
102
}
330
8
100
AcDbDictionary
281
     1
  3
Standard
350
92F
  0
DICTIONARY
  5
38
102
{ACAD_REACTORS
330
8
102
}
330
8
100
AcDbDictionary
281
     1
  3
2dWireframe
350
3E
  3
Basic
350
91F
  3
Brighten
350
922
  3
ColorChange
350
926
  3
Conceptual
350
920
  3
Dim
350
921
  3
EdgeColorOff
350
929
  3
Facepattern
350
925
  3
Flat
350
91A
  3
FlatWithEdges
350
91B
  3
Gouraud
350
91C
  3
GouraudWithEdges
350
91D
  3
Hidden
350
91E
  3
JitterOff
350
927
  3
Linepattern
350
924
  3
OverhangOff
350
928
  3
Realistic
350
39
  3
Shaded
350
92E
  3
Shaded with edges
350
92D
  3
Shades of Gray
350
92A
  3
Sketchy
350
92B
  3
Thicken
350
923
  3
Wireframe
350
3A
  3
X-Ray
350
92C
  0
XRECORD
  5
936
102
{ACAD_REACTORS
330
8
102
}
330
8
100
AcDbXrecord
280
     1
 90
        1
330
92F
  0
DICTIONARY
  5
914
102
{ACAD_REACTORS
330
8
102
}
330
8
100
AcDbDictionary
281
     1
  3
CANNOSCALE
350
915
  3
CMLEADERSTYLE
350
932
  3
CTABLESTYLE
350
931
  0
DICTIONARY
  5
3
102
{ACAD_REACTORS
330
2
102
}
330
2
100
AcDbDictionary
281
     1
  0
DICTIONARY
  5
4
102
{ACAD_REACTORS
330
2
102
}
330
2
100
AcDbDictionary
280
     1
281
     1
  0
DICTIONARY
  5
5
102
{ACAD_REACTORS
330
2
102
}
330
2
100
AcDbDictionary
280
     1
281
     1
  0
DICTIONARY
  5
6
102
{ACAD_REACTORS
330
2
102
}
330
2
100
AcDbDictionary
280
     1
281
     1
  0
XRECORD
  5
2A
102
{ACAD_REACTORS
330
29
102
}
330
29
100
AcDbXrecord
280
     1
290
     1
  0
XRECORD
  5
C5
102
{ACAD_REACTORS
330
C4
102
}
330
C4
100
AcDbXrecord
280
     1
290
     1
  0
XRECORD
  5
323
102
{ACAD_REACTORS
330
322
102
}
330
322
100
AcDbXrecord
280
     1
290
     1
  0
XRECORD
  5
BE
102
{ACAD_REACTORS
330
BD
102
}
330
BD
100
AcDbXrecord
280
     1
290
     1
  0
XRECORD
  5
75F
102
{ACAD_REACTORS
330
75E
102
}
330
75E
100
AcDbXrecord
280
     1
290
     1
  0
XRECORD
  5
145
102
{ACAD_REACTORS
330
144
102
}
330
144
100
AcDbXrecord
280
     1
290
     1
  0
XRECORD
  5
746
102
{ACAD_REACTORS
330
745
102
}
330
745
100
AcDbXrecord
280
     1
290
     1
  0
XRECORD
  5
6A
102
{ACAD_REACTORS
330
69
102
}
330
69
100
AcDbXrecord
280
     1
290
     1
  0
XRECORD
  5
CD
102
{ACAD_REACTORS
330
CC
102
}
330
CC
100
AcDbXrecord
280
     1
290
     1
  0
DICTIONARY
  5
26
102
{ACAD_REACTORS
330
24
102
}
330
24
100
AcDbDictionary
281
     1
  0
SORTENTSTABLE
  5
25
102
{ACAD_REACTORS
330
24
102
}
330
24
100
AcDbSortentsTable
330
23
  0
LAYOUT
  5
31
102
{ACAD_REACTORS
330
2C
102
}
330
2C
100
AcDbPlotSettings
  1

  2
none_device
  4

  6

 40
0.0
 41
0.0
 42
0.0
 43
0.0
 44
0.0
 45
0.0
 46
0.0
 47
0.0
 48
0.0
 49
0.0
140
0.0
141
0.0
142
1.0
143
1.0
 70
   688
 72
     0
 73
     0
 74
     5
  7

 75
    16
 76
     0
 77
     2
 78
   300
147
1.0
148
0.0
149
0.0
100
AcDbLayout
  1
Layout1
 70
     1
 71
     1
 10
0.0
 20
0.0
 11
12.0
 21
9.0
 12
0.0
 22
0.0
 32
0.0
 14
0.0
 24
0.0
 34
-0.0000000000340386
 15
50400.0
 25
35639.99999999999
 35
0.0
146
0.0
 13
0.0
 23
0.0
 33
0.0
 16
1.0
 26
0.0
 36
0.0
 17
0.0
 27
1.0
 37
0.0
 76
     0
330
2E
  0
LAYOUT
  5
2D
102
{ACAD_REACTORS
330
2C
102
}
330
2C
100
AcDbPlotSettings
  1

  2
none_device
  4
Letter_(8.50_x_11.00_Inches)
  6

 40
6.349999904632568
 41
6.349999904632568
 42
6.350006103515625
 43
6.350006103515625
 44
215.8999938964844
 45
279.3999938964844
 46
0.0
 47
0.0
 48
0.0
 49
0.0
140
0.0
141
0.0
142
1.0
143
1269.822939330443
 70
  1712
 72
     1
 73
     0
 74
     0
  7

 75
     0
 76
     0
 77
     2
 78
   300
147
0.000787511367945
148
285238.8887450378
149
238529.3515259842
100
AcDbLayout
  1
Model
 70
     1
 71
     0
 10
0.0
 20
0.0
 11
12.0
 21
9.0
 12
0.0
 22
0.0
 32
0.0
 14
1.000000000000000E+20
 24
1.000000000000000E+20
 34
1.000000000000000E+20
 15
-1.000000000000000E+20
 25
-1.000000000000000E+20
 35
-1.000000000000000E+20
146
0.0
 13
0.0
 23
0.0
 33
0.0
 16
1.0
 26
0.0
 36
0.0
 17
0.0
 27
1.0
 37
0.0
 76
     0
330
23
331
3D
  0
MATERIAL
  5
66
102
{ACAD_REACTORS
330
B
102
}
330
B
100
AcDbMaterial
  1
ByBlock
 72
     1
 73
     2
 78
     2
172
     2
176
     2
270
     2
274
     2
 94
      127
  0
MATERIAL
  5
1A
102
{ACAD_REACTORS
330
B
102
}
330
B
100
AcDbMaterial
  1
ByLayer
 72
     1
 73
     2
 78
     2
172
     2
176
     2
270
     2
274
     2
 94
      127
  0
MATERIAL
  5
C
102
{ACAD_REACTORS
330
B
102
}
102
{ACAD_XDICTIONARY
360
D
102
}
330
B
100
AcDbMaterial
  1
Global
 72
     1
 73
     2
 78
     2
172
     2
176
     2
270
     2
274
     2
 94
      127
1001
ACAD
1070
    -1
1070
     3
1070
     0
1000

1071
        0
  0
MLEADERSTYLE
  5
930
102
{ACAD_REACTORS
330
917
102
}
330
917
100
AcDbMLeaderStyle
179
     2
170
     2
171
     1
172
     0
 90
        2
 40
0.0
 41
0.0
173
     1
 91
-1056964608
340
12
 92
       -2
290
     1
 42
2.0
291
     1
 43
8.0
  3
Standard
341
0
 44
4.0
300

342
3B
174
     1
178
     6
175
     1
176
     0
 93
-1056964608
 45
4.0
292
     0
297
     0
 46
4.0
343
0
 94
-1056964608
 47
1.0
 49
1.0
140
1.0
293
     1
141
0.0
294
     1
177
     0
142
1.0
295
     0
296
     0
143
3.75
271
     0
272
     9
273
     9
298
     0
  0
MLINESTYLE
  5
21
102
{ACAD_REACTORS
330
20
102
}
330
20
100
AcDbMlineStyle
  2
STANDARD
 70
     0
  3

 62
   256
 51
90.0
 52
90.0
 71
     2
 49
0.5
 62
   256
  6
BYLAYER
 49
-0.5
 62
   256
  6
BYLAYER
  0
ACDBPLACEHOLDER
  5
A
102
{ACAD_REACTORS
330
9
102
}
330
9
  0
SCALE
  5
54
102
{ACAD_REACTORS
330
42
102
}
330
42
100
AcDbScale
 70
     0
300
1:2
140
1.0
141
2.0
290
     0
  0
SCALE
  5
5D
102
{ACAD_REACTORS
330
42
102
}
330
42
100
AcDbScale
 70
     0
300
1/4" = 1'-0"
140
0.25
141
12.0
290
     0
  0
SCALE
  5
5E
102
{ACAD_REACTORS
330
42
102
}
330
42
100
AcDbScale
 70
     0
300
3/8" = 1'-0"
140
0.375
141
12.0
290
     0
  0
SCALE
  5
5F
102
{ACAD_REACTORS
330
42
102
}
330
42
100
AcDbScale
 70
     0
300
1/2" = 1'-0"
140
0.5
141
12.0
290
     0
  0
SCALE
  5
60
102
{ACAD_REACTORS
330
42
102
}
330
42
100
AcDbScale
 70
     0
300
3/4" = 1'-0"
140
0.75
141
12.0
290
     0
  0
SCALE
  5
61
102
{ACAD_REACTORS
330
42
102
}
330
42
100
AcDbScale
 70
     0
300
1" = 1'-0"
140
1.0
141
12.0
290
     0
  0
SCALE
  5
62
102
{ACAD_REACTORS
330
42
102
}
330
42
100
AcDbScale
 70
     0
300
1-1/2" = 1'-0"
140
1.5
141
12.0
290
     0
  0
SCALE
  5
63
102
{ACAD_REACTORS
330
42
102
}
330
42
100
AcDbScale
 70
     0
300
3" = 1'-0"
140
3.0
141
12.0
290
     0
  0
SCALE
  5
64
102
{ACAD_REACTORS
330
42
102
}
330
42
100
AcDbScale
 70
     0
300
6" = 1'-0"
140
6.0
141
12.0
290
     0
  0
SCALE
  5
65
102
{ACAD_REACTORS
330
42
102
}
330
42
100
AcDbScale
 70
     0
300
1'-0" = 1'-0"
140
12.0
141
12.0
290
     0
  0
SCALE
  5
55
102
{ACAD_REACTORS
330
42
102
}
330
42
100
AcDbScale
 70
     0
300
1:1
140
1.0
141
1.0
290
     1
  0
SCALE
  5
56
102
{ACAD_REACTORS
330
42
102
}
330
42
100
AcDbScale
 70
     0
300
1/128" = 1'-0"
140
0.0078125
141
12.0
290
     0
  0
SCALE
  5
57
102
{ACAD_REACTORS
330
42
102
}
330
42
100
AcDbScale
 70
     0
300
1/64" = 1'-0"
140
0.015625
141
12.0
290
     0
  0
SCALE
  5
58
102
{ACAD_REACTORS
330
42
102
}
330
42
100
AcDbScale
 70
     0
300
1/32" = 1'-0"
140
0.03125
141
12.0
290
     0
  0
SCALE
  5
59
102
{ACAD_REACTORS
330
42
102
}
330
42
100
AcDbScale
 70
     0
300
1/16" = 1'-0"
140
0.0625
141
12.0
290
     0
  0
SCALE
  5
5A
102
{ACAD_REACTORS
330
42
102
}
330
42
100
AcDbScale
 70
     0
300
3/32" = 1'-0"
140
0.09375
141
12.0
290
     0
  0
SCALE
  5
5B
102
{ACAD_REACTORS
330
42
102
}
330
42
100
AcDbScale
 70
     0
300
1/8" = 1'-0"
140
0.125
141
12.0
290
     0
  0
SCALE
  5
5C
102
{ACAD_REACTORS
330
42
102
}
330
42
100
AcDbScale
 70
     0
300
3/16" = 1'-0"
140
0.1875
141
12.0
290
     0
  0
TABLESTYLE
  5
92F
102
{ACAD_REACTORS
330
916
102
}
102
{ACAD_XDICTIONARY
360
934
102
}
330
916
100
AcDbTableStyle
  3
Standard
 70
     0
 71
     0
 40
1.5
 41
1.5
280
     0
281
     0
  7
Standard
140
4.5
170
     2
 62
     0
 63
   257
283
     0
 90
      512
 91
        0
  1

274
    -2
284
     1
 64
     0
275
    -2
285
     1
 65
     0
276
    -2
286
     1
 66
     0
277
    -2
287
     1
 67
     0
278
    -2
288
     1
 68
     0
279
    -2
289
     1
 69
     0
  7
Standard
140
6.0
170
     5
 62
     0
 63
   257
283
     0
 90
      512
 91
        0
  1

274
    -2
284
     1
 64
     0
275
    -2
285
     1
 65
     0
276
    -2
286
     1
 66
     0
277
    -2
287
     1
 67
     0
278
    -2
288
     1
 68
     0
279
    -2
289
     1
 69
     0
  7
Standard
140
4.5
170
     5
 62
     0
 63
   257
283
     0
 90
      512
 91
        0
  1

274
    -2
284
     1
 64
     0
275
    -2
285
     1
 65
     0
276
    -2
286
     1
 66
     0
277
    -2
287
     1
 67
     0
278
    -2
288
     1
 68
     0
279
    -2
289
     1
 69
     0
  0
VISUALSTYLE
  5
3E
102
{ACAD_REACTORS
330
38
102
}
330
38
100
AcDbVisualStyle
  2

 70
     4
177
     3
291
     0
 70
    58
 90
        0
176
     1
 90
        2
176
     1
 90
        0
176
     1
 90
        0
176
     1
 40
0.6
176
     1
 40
30.0
176
     1
 62
     7
420
 16777215
176
     1
 90
        1
176
     1
 90
        4
176
     1
 62
     7
176
     1
 62
   257
176
     1
 90
        1
176
     1
 90
        1
176
     1
 40
1.0
176
     1
 90
        0
176
     1
 62
   257
176
     1
 40
1.0
176
     1
 90
        1
176
     1
 90
        6
176
     1
 90
        2
176
     1
 62
     7
176
     1
 90
        5
176
     1
 90
        0
176
     1
 90
        0
176
     1
290
     0
176
     1
 90
        1
176
     1
 40
0.0
176
     1
 90
        0
176
     1
290
     1
176
     1
290
     1
176
     1
290
     0
176
     1
290
     0
176
     1
290
     0
176
     1
290
     0
176
     1
290
     0
176
     1
290
     0
176
     1
290
     0
176
     1
 90
       50
176
     1
 40
0.0
176
     1
 40
1.0
176
     1
 90
        0
176
     1
 62
    18
420
        0
176
     1
 90
       50
176
     1
 90
        3
176
     1
 62
     5
420
      255
176
     1
290
     0
176
     1
 90
       50
176
     1
 90
       50
176
     1
 90
       50
176
     1
290
     0
176
     1
 90
       50
176
     1
 62
   256
176
     0
 40
1.0
176
     0
 90
        2
176
     1
  1
strokes_ogs.tif
176
     1
290
     0
176
     1
 40
1.0
176
     1
 40
1.0
176
     1
  0
VISUALSTYLE
  5
91F
102
{ACAD_REACTORS
330
38
102
}
330
38
100
AcDbVisualStyle
  2
Basic
 70
     7
177
     3
291
     1
 70
    58
 90
        1
176
     1
 90
        0
176
     1
 90
        1
176
     1
 90
        0
176
     1
 40
0.6
176
     1
 40
30.0
176
     1
 62
     7
420
 16777215
176
     1
 90
        0
176
     1
 90
        4
176
     1
 62
     7
176
     1
 62
   257
176
     1
 90
        1
176
     1
 90
        1
176
     1
 40
1.0
176
     1
 90
        8
176
     1
 62
     7
176
     1
 40
1.0
176
     1
 90
        1
176
     1
 90
        6
176
     1
 90
        2
176
     1
 62
     7
176
     1
 90
        5
176
     1
 90
        0
176
     1
 90
        0
176
     1
290
     0
176
     1
 90
        1
176
     1
 40
0.0
176
     1
 90
        0
176
     1
290
     0
176
     1
290
     1
176
     1
290
     1
176
     1
290
     0
176
     1
290
     0
176
     1
290
     0
176
     1
290
     0
176
     1
290
     0
176
     1
290
     0
176
     1
 90
       50
176
     1
 40
0.0
176
     1
 40
1.0
176
     1
 90
        0
176
     1
 62
    18
420
        0
176
     1
 90
       50
176
     1
 90
        3
176
     1
 62
     5
420
      255
176
     1
290
     0
176
     1
 90
       50
176
     1
 90
       50
176
     1
 90
       50
176
     1
290
     0
176
     1
 90
       50
176
     1
 62
   256
176
     0
 40
1.0
176
     0
 90
        2
176
     1
  1
strokes_ogs.tif
176
     1
290
     0
176
     1
 40
1.0
176
     1
 40
1.0
176
     1
  0
VISUALSTYLE
  5
922
102
{ACAD_REACTORS
330
38
102
}
330
38
100
AcDbVisualStyle
  2
Brighten
 70
    12
177
     3
291
     1
 70
    58
 90
        2
176
     1
 90
        2
176
     1
 90
        0
176
     1
 90
        0
176
     1
 40
0.6
176
     1
 40
30.0
176
     1
 62
     7
420
 16777215
176
     1
 90
        1
176
     1
 90
        4
176
     1
 62
     7
176
     1
 62
   257
176
     1
 90
        1
176
     1
 90
        1
176
     1
 40
1.0
176
     1
 90
        8
176
     1
 62
     7
176
     1
 40
1.0
176
     1
 90
        1
176
     1
 90
        6
176
     1
 90
        2
176
     1
 62
     7
176
     1
 90
        5
176
     1
 90
        0
176
     1
 90
        0
176
     1
290
     0
176
     1
 90
        1
176
     1
 40
50.0
176
     1
 90
        0
176
     1
290
     0
176
     1
290
     1
176
     1
290
     1
176
     1
290
     0
176
     1
290
     0
176
     1
290
     0
176
     1
290
     0
176
     1
290
     0
176
     1
290
     0
176
     1
 90
       50
176
     1
 40
0.0
176
     1
 40
1.0
176
     1
 90
        0
176
     1
 62
    18
420
        0
176
     1
 90
       50
176
     1
 90
        3
176
     1
 62
     5
420
      255
176
     1
290
     0
176
     1
 90
       50
176
     1
 90
       50
176
     1
 90
       50
176
     1
290
     0
176
     1
 90
       50
176
     1
 62
   256
176
     0
 40
1.0
176
     0
 90
        2
176
     1
  1
strokes_ogs.tif
176
     1
290
     0
176
     1
 40
1.0
176
     1
 40
1.0
176
     1
  0
VISUALSTYLE
  5
926
102
{ACAD_REACTORS
330
38
102
}
330
38
100
AcDbVisualStyle
  2
ColorChange
 70
    16
177
     3
291
     1
 70
    58
 90
        2
176
     1
 90
        2
176
     1
 90
        3
176
     1
 90
        0
176
     1
 40
0.6
176
     1
 40
30.0
176
     1
 62
     8
420
  8421504
176
     1
 90
        1
176
     1
 90
        4
176
     1
 62
     7
176
     1
 62
   257
176
     1
 90
        1
176
     1
 90
        1
176
     1
 40
1.0
176
     1
 90
        8
176
     1
 62
     8
420
  8421504
176
     1
 40
1.0
176
     1
 90
        1
176
     1
 90
        6
176
     1
 90
        2
176
     1
 62
     7
176
     1
 90
        5
176
     1
 90
        0
176
     1
 90
        0
176
     1
290
     0
176
     1
 90
        1
176
     1
 40
0.0
176
     1
 90
        0
176
     1
290
     0
176
     1
290
     1
176
     1
290
     1
176
     1
290
     0
176
     1
290
     0
176
     1
290
     0
176
     1
290
     0
176
     1
290
     0
176
     1
290
     0
176
     1
 90
       50
176
     1
 40
0.0
176
     1
 40
1.0
176
     1
 90
        0
176
     1
 62
    18
420
        0
176
     1
 90
       50
176
     1
 90
        3
176
     1
 62
     5
420
      255
176
     1
290
     0
176
     1
 90
       50
176
     1
 90
       50
176
     1
 90
       50
176
     1
290
     0
176
     1
 90
       50
176
     1
 62
   256
176
     0
 40
1.0
176
     0
 90
        2
176
     1
  1
strokes_ogs.tif
176
     1
290
     0
176
     1
 40
1.0
176
     1
 40
1.0
176
     1
  0
VISUALSTYLE
  5
920
102
{ACAD_REACTORS
330
38
102
}
330
38
100
AcDbVisualStyle
  2
Conceptual
 70
     9
177
     3
291
     0
 70
    58
 90
        3
176
     1
 90
        2
176
     1
 90
        0
176
     1
 90
        0
176
     1
 40
0.6
176
     1
 40
30.0
176
     1
 62
     7
420
 16777215
176
     1
 90
        2
176
     1
 90
        2
176
     1
 62
     7
176
     1
 62
   257
176
     1
 90
        1
176
     1
 90
        1
176
     1
 40
179.0
176
     1
 90
        8
176
     1
 62
     7
176
     1
 40
1.0
176
     1
 90
        1
176
     1
 90
        6
176
     1
 90
        2
176
     1
 62
     7
176
     1
 90
        3
176
     1
 90
        0
176
     1
 90
        0
176
     1
290
     0
176
     1
 90
        1
176
     1
 40
0.0
176
     1
 90
        0
176
     1
290
     0
176
     1
290
     1
176
     1
290
     1
176
     1
290
     0
176
     1
290
     0
176
     1
290
     0
176
     1
290
     0
176
     1
290
     0
176
     1
290
     0
176
     1
 90
       50
176
     1
 40
0.0
176
     1
 40
1.0
176
     1
 90
        0
176
     1
 62
    18
420
        0
176
     1
 90
       50
176
     1
 90
        3
176
     1
 62
     5
420
      255
176
     1
290
     0
176
     1
 90
       50
176
     1
 90
       50
176
     1
 90
       50
176
     1
290
     0
176
     1
 90
       50
176
     1
 62
   256
176
     0
 40
1.0
176
     0
 90
        2
176
     1
  1
strokes_ogs.tif
176
     1
290
     0
176
     1
 40
1.0
176
     1
 40
1.0
176
     1
  0
VISUALSTYLE
  5
921
102
{ACAD_REACTORS
330
38
102
}
330
38
100
AcDbVisualStyle
  2
Dim
 70
    11
177
     3
291
     1
 70
    58
 90
        2
176
     1
 90
        2
176
     1
 90
        0
176
     1
 90
        0
176
     1
 40
0.6
176
     1
 40
30.0
176
     1
 62
     7
420
 16777215
176
     1
 90
        1
176
     1
 90
        4
176
     1
 62
     7
176
     1
 62
   257
176
     1
 90
        1
176
     1
 90
        1
176
     1
 40
1.0
176
     1
 90
        8
176
     1
 62
     7
176
     1
 40
1.0
176
     1
 90
        1
176
     1
 90
        6
176
     1
 90
        2
176
     1
 62
     7
176
     1
 90
        5
176
     1
 90
        0
176
     1
 90
        0
176
     1
290
     0
176
     1
 90
        1
176
     1
 40
-50.0
176
     1
 90
        0
176
     1
290
     0
176
     1
290
     1
176
     1
290
     1
176
     1
290
     0
176
     1
290
     0
176
     1
290
     0
176
     1
290
     0
176
     1
290
     0
176
     1
290
     0
176
     1
 90
       50
176
     1
 40
0.0
176
     1
 40
1.0
176
     1
 90
        0
176
     1
 62
    18
420
        0
176
     1
 90
       50
176
     1
 90
        3
176
     1
 62
     5
420
      255
176
     1
290
     0
176
     1
 90
       50
176
     1
 90
       50
176
     1
 90
       50
176
     1
290
     0
176
     1
 90
       50
176
     1
 62
   256
176
     0
 40
1.0
176
     0
 90
        2
176
     1
  1
strokes_ogs.tif
176
     1
290
     0
176
     1
 40
1.0
176
     1
 40
1.0
176
     1
  0
VISUALSTYLE
  5
929
102
{ACAD_REACTORS
330
38
102
}
330
38
100
AcDbVisualStyle
  2
EdgeColorOff
 70
    22
177
     3
291
     1
 70
    58
 90
        2
176
     0
 90
        2
176
     0
 90
        0
176
     0
 90
        0
176
     0
 40
0.6
176
     0
 40
30.0
176
     0
 62
     7
420
 16777215
176
     0
 90
        1
176
     0
 90
        4
176
     0
 62
     7
176
     0
 62
   257
176
     0
 90
        1
176
     0
 90
        1
176
     0
 40
1.0
176
     0
 90
        8
176
     2
 62
     7
176
     0
 40
1.0
176
     0
 90
        1
176
     0
 90
        6
176
     0
 90
        2
176
     0
 62
     7
176
     0
 90
        5
176
     0
 90
        0
176
     0
 90
        0
176
     0
290
     0
176
     0
 90
        1
176
     0
 40
0.0
176
     0
 90
        0
176
     0
290
     0
176
     0
290
     1
176
     0
290
     1
176
     0
290
     0
176
     0
290
     0
176
     0
290
     0
176
     0
290
     0
176
     0
290
     0
176
     0
290
     0
176
     0
 90
       50
176
     0
 40
0.0
176
     0
 40
1.0
176
     0
 90
        0
176
     0
 62
    18
420
        0
176
     0
 90
       50
176
     0
 90
        3
176
     0
 62
     5
420
      255
176
     0
290
     0
176
     0
 90
       50
176
     0
 90
       50
176
     0
 90
       50
176
     0
290
     0
176
     0
 90
       50
176
     0
 62
   256
176
     0
 40
1.0
176
     0
 90
        2
176
     0
  1
strokes_ogs.tif
176
     0
290
     0
176
     0
 40
1.0
176
     0
 40
1.0
176
     0
  0
VISUALSTYLE
  5
925
102
{ACAD_REACTORS
330
38
102
}
330
38
100
AcDbVisualStyle
  2
Facepattern
 70
    15
177
     3
291
     1
 70
    58
 90
        2
176
     1
 90
        2
176
     1
 90
        0
176
     1
 90
        0
176
     1
 40
0.6
176
     1
 40
30.0
176
     1
 62
     7
420
 16777215
176
     1
 90
        1
176
     1
 90
        4
176
     1
 62
     7
176
     1
 62
   257
176
     1
 90
        1
176
     1
 90
        1
176
     1
 40
1.0
176
     1
 90
        8
176
     1
 62
     7
176
     1
 40
1.0
176
     1
 90
        1
176
     1
 90
        6
176
     1
 90
        2
176
     1
 62
     7
176
     1
 90
        5
176
     1
 90
        0
176
     1
 90
        0
176
     1
290
     0
176
     1
 90
        1
176
     1
 40
0.0
176
     1
 90
        0
176
     1
290
     0
176
     1
290
     1
176
     1
290
     1
176
     1
290
     0
176
     1
290
     0
176
     1
290
     0
176
     1
290
     0
176
     1
290
     0
176
     1
290
     0
176
     1
 90
       50
176
     1
 40
0.0
176
     1
 40
1.0
176
     1
 90
        0
176
     1
 62
    18
420
        0
176
     1
 90
       50
176
     1
 90
        3
176
     1
 62
     5
420
      255
176
     1
290
     0
176
     1
 90
       50
176
     1
 90
       50
176
     1
 90
       50
176
     1
290
     0
176
     1
 90
       50
176
     1
 62
   256
176
     0
 40
1.0
176
     0
 90
        2
176
     1
  1
strokes_ogs.tif
176
     1
290
     0
176
     1
 40
1.0
176
     1
 40
1.0
176
     1
  0
VISUALSTYLE
  5
91A
102
{ACAD_REACTORS
330
38
102
}
330
38
100
AcDbVisualStyle
  2
Flat
 70
     0
177
     3
291
     1
 70
    58
 90
        2
176
     1
 90
        1
176
     1
 90
        1
176
     1
 90
        2
176
     1
 40
0.6
176
     1
 40
30.0
176
     1
 62
     7
420
 16777215
176
     1
 90
        0
176
     1
 90
        0
176
     1
 62
     7
176
     1
 62
   257
176
     1
 90
        1
176
     1
 90
        1
176
     1
 40
1.0
176
     1
 90
        8
176
     1
 62
     7
176
     1
 40
1.0
176
     1
 90
        1
176
     1
 90
        6
176
     1
 90
        2
176
     1
 62
     7
176
     1
 90
        5
176
     1
 90
        0
176
     1
 90
        0
176
     1
290
     0
176
     1
 90
       13
176
     1
 40
0.0
176
     1
 90
        0
176
     1
290
     0
176
     1
290
     1
176
     1
290
     1
176
     1
290
     0
176
     1
290
     0
176
     1
290
     0
176
     1
290
     0
176
     1
290
     0
176
     1
290
     0
176
     1
 90
       50
176
     1
 40
0.0
176
     1
 40
1.0
176
     1
 90
        0
176
     1
 62
    18
420
        0
176
     1
 90
       50
176
     1
 90
        3
176
     1
 62
     5
420
      255
176
     1
290
     0
176
     1
 90
       50
176
     1
 90
       50
176
     1
 90
       50
176
     1
290
     0
176
     1
 90
       50
176
     1
 62
   256
176
     0
 40
1.0
176
     0
 90
        2
176
     1
  1
strokes_ogs.tif
176
     1
290
     0
176
     1
 40
1.0
176
     1
 40
1.0
176
     1
  0
VISUALSTYLE
  5
91B
102
{ACAD_REACTORS
330
38
102
}
330
38
100
AcDbVisualStyle
  2
FlatWithEdges
 70
     1
177
     3
291
     1
 70
    58
 90
        2
176
     1
 90
        1
176
     1
 90
        1
176
     1
 90
        2
176
     1
 40
0.6
176
     1
 40
30.0
176
     1
 62
     7
420
 16777215
176
     1
 90
        1
176
     1
 90
        0
176
     1
 62
     7
176
     1
 62
   257
176
     1
 90
        1
176
     1
 90
        1
176
     1
 40
1.0
176
     1
 90
        0
176
     1
 62
   257
176
     1
 40
1.0
176
     1
 90
        1
176
     1
 90
        6
176
     1
 90
        2
176
     1
 62
     7
176
     1
 90
        5
176
     1
 90
        0
176
     1
 90
        0
176
     1
290
     0
176
     1
 90
       13
176
     1
 40
0.0
176
     1
 90
        0
176
     1
290
     0
176
     1
290
     1
176
     1
290
     1
176
     1
290
     0
176
     1
290
     0
176
     1
290
     0
176
     1
290
     0
176
     1
290
     0
176
     1
290
     0
176
     1
 90
       50
176
     1
 40
0.0
176
     1
 40
1.0
176
     1
 90
        0
176
     1
 62
    18
420
        0
176
     1
 90
       50
176
     1
 90
        3
176
     1
 62
     5
420
      255
176
     1
290
     0
176
     1
 90
       50
176
     1
 90
       50
176
     1
 90
       50
176
     1
290
     0
176
     1
 90
       50
176
     1
 62
   256
176
     0
 40
1.0
176
     0
 90
        2
176
     1
  1
strokes_ogs.tif
176
     1
290
     0
176
     1
 40
1.0
176
     1
 40
1.0
176
     1
  0
VISUALSTYLE
  5
91C
102
{ACAD_REACTORS
330
38
102
}
330
38
100
AcDbVisualStyle
  2
Gouraud
 70
     2
177
     3
291
     1
 70
    58
 90
        2
176
     1
 90
        2
176
     1
 90
        1
176
     1
 90
        2
176
     1
 40
0.6
176
     1
 40
30.0
176
     1
 62
     7
420
 16777215
176
     1
 90
        0
176
     1
 90
        0
176
     1
 62
     7
176
     1
 62
   257
176
     1
 90
        1
176
     1
 90
        1
176
     1
 40
1.0
176
     1
 90
        0
176
     1
 62
     7
176
     1
 40
1.0
176
     1
 90
        1
176
     1
 90
        6
176
     1
 90
        2
176
     1
 62
     7
176
     1
 90
        5
176
     1
 90
        0
176
     1
 90
        0
176
     1
290
     0
176
     1
 90
       13
176
     1
 40
0.0
176
     1
 90
        0
176
     1
290
     0
176
     1
290
     1
176
     1
290
     1
176
     1
290
     0
176
     1
290
     0
176
     1
290
     0
176
     1
290
     0
176
     1
290
     0
176
     1
290
     0
176
     1
 90
       50
176
     1
 40
0.0
176
     1
 40
1.0
176
     1
 90
        0
176
     1
 62
    18
420
        0
176
     1
 90
       50
176
     1
 90
        3
176
     1
 62
     5
420
      255
176
     1
290
     0
176
     1
 90
       50
176
     1
 90
       50
176
     1
 90
       50
176
     1
290
     0
176
     1
 90
       50
176
     1
 62
   256
176
     0
 40
1.0
176
     0
 90
        2
176
     1
  1
strokes_ogs.tif
176
     1
290
     0
176
     1
 40
1.0
176
     1
 40
1.0
176
     1
  0
VISUALSTYLE
  5
91D
102
{ACAD_REACTORS
330
38
102
}
330
38
100
AcDbVisualStyle
  2
GouraudWithEdges
 70
     3
177
     3
291
     1
 70
    58
 90
        2
176
     1
 90
        2
176
     1
 90
        1
176
     1
 90
        2
176
     1
 40
0.6
176
     1
 40
30.0
176
     1
 62
     7
420
 16777215
176
     1
 90
        1
176
     1
 90
        0
176
     1
 62
     7
176
     1
 62
   257
176
     1
 90
        1
176
     1
 90
        1
176
     1
 40
1.0
176
     1
 90
        0
176
     1
 62
   257
176
     1
 40
1.0
176
     1
 90
        1
176
     1
 90
        6
176
     1
 90
        2
176
     1
 62
     7
176
     1
 90
        5
176
     1
 90
        0
176
     1
 90
        0
176
     1
290
     0
176
     1
 90
       13
176
     1
 40
0.0
176
     1
 90
        0
176
     1
290
     0
176
     1
290
     1
176
     1
290
     1
176
     1
290
     0
176
     1
290
     0
176
     1
290
     0
176
     1
290
     0
176
     1
290
     0
176
     1
290
     0
176
     1
 90
       50
176
     1
 40
0.0
176
     1
 40
1.0
176
     1
 90
        0
176
     1
 62
    18
420
        0
176
     1
 90
       50
176
     1
 90
        3
176
     1
 62
     5
420
      255
176
     1
290
     0
176
     1
 90
       50
176
     1
 90
       50
176
     1
 90
       50
176
     1
290
     0
176
     1
 90
       50
176
     1
 62
   256
176
     0
 40
1.0
176
     0
 90
        2
176
     1
  1
strokes_ogs.tif
176
     1
290
     0
176
     1
 40
1.0
176
     1
 40
1.0
176
     1
  0
VISUALSTYLE
  5
91E
102
{ACAD_REACTORS
330
38
102
}
330
38
100
AcDbVisualStyle
  2
Hidden
 70
     6
177
     3
291
     0
 70
    58
 90
        1
176
     1
 90
        2
176
     1
 90
        2
176
     1
 90
        0
176
     1
 40
0.6
176
     1
 40
30.0
176
     1
 62
     7
420
 16777215
176
     1
 90
        2
176
     1
 90
        2
176
     1
 62
     7
176
     1
 62
   257
176
     1
 90
        2
176
     1
 90
        1
176
     1
 40
40.0
176
     1
 90
        0
176
     1
 62
   257
176
     1
 40
1.0
176
     1
 90
        1
176
     1
 90
        6
176
     1
 90
        2
176
     1
 62
     7
176
     1
 90
        3
176
     1
 90
        0
176
     1
 90
        0
176
     1
290
     0
176
     1
 90
        1
176
     1
 40
0.0
176
     1
 90
        0
176
     1
290
     0
176
     1
290
     1
176
     1
290
     1
176
     1
290
     0
176
     1
290
     0
176
     1
290
     0
176
     1
290
     0
176
     1
290
     0
176
     1
290
     0
176
     1
 90
       50
176
     1
 40
0.0
176
     1
 40
1.0
176
     1
 90
        0
176
     1
 62
    18
420
        0
176
     1
 90
       50
176
     1
 90
        3
176
     1
 62
     5
420
      255
176
     1
290
     0
176
     1
 90
       50
176
     1
 90
       50
176
     1
 90
       50
176
     1
290
     0
176
     1
 90
       50
176
     1
 62
   256
176
     0
 40
1.0
176
     0
 90
        2
176
     1
  1
strokes_ogs.tif
176
     1
290
     0
176
     1
 40
1.0
176
     1
 40
1.0
176
     1
  0
VISUALSTYLE
  5
927
102
{ACAD_REACTORS
330
38
102
}
330
38
100
AcDbVisualStyle
  2
JitterOff
 70
    20
177
     3
291
     1
 70
    58
 90
        2
176
     0
 90
        2
176
     0
 90
        0
176
     0
 90
        0
176
     0
 40
0.6
176
     0
 40
30.0
176
     0
 62
     7
420
 16777215
176
     0
 90
        1
176
     0
 90
        4
176
     0
 62
     7
176
     0
 62
   257
176
     0
 90
        1
176
     0
 90
        1
176
     0
 40
1.0
176
     0
 90
       10
176
     2
 62
     7
176
     0
 40
1.0
176
     0
 90
        1
176
     0
 90
        6
176
     0
 90
        2
176
     0
 62
     7
176
     0
 90
        5
176
     0
 90
        0
176
     0
 90
        0
176
     0
290
     0
176
     0
 90
        1
176
     0
 40
0.0
176
     0
 90
        0
176
     0
290
     0
176
     0
290
     1
176
     0
290
     1
176
     0
290
     0
176
     0
290
     0
176
     0
290
     0
176
     0
290
     0
176
     0
290
     0
176
     0
290
     0
176
     0
 90
       50
176
     0
 40
0.0
176
     0
 40
1.0
176
     0
 90
        0
176
     0
 62
    18
420
        0
176
     0
 90
       50
176
     0
 90
        3
176
     0
 62
     5
420
      255
176
     0
290
     0
176
     0
 90
       50
176
     0
 90
       50
176
     0
 90
       50
176
     0
290
     0
176
     0
 90
       50
176
     0
 62
   256
176
     0
 40
1.0
176
     0
 90
        2
176
     0
  1
strokes_ogs.tif
176
     0
290
     0
176
     0
 40
1.0
176
     0
 40
1.0
176
     0
  0
VISUALSTYLE
  5
924
102
{ACAD_REACTORS
330
38
102
}
330
38
100
AcDbVisualStyle
  2
Linepattern
 70
    14
177
     3
291
     1
 70
    58
 90
        2
176
     1
 90
        2
176
     1
 90
        0
176
     1
 90
        0
176
     1
 40
0.6
176
     1
 40
30.0
176
     1
 62
     7
420
 16777215
176
     1
 90
        1
176
     1
 90
        4
176
     1
 62
     7
176
     1
 62
   257
176
     1
 90
        7
176
     1
 90
        7
176
     1
 40
1.0
176
     1
 90
        8
176
     1
 62
     7
176
     1
 40
1.0
176
     1
 90
        1
176
     1
 90
        6
176
     1
 90
        2
176
     1
 62
     7
176
     1
 90
        5
176
     1
 90
        0
176
     1
 90
        0
176
     1
290
     0
176
     1
 90
        1
176
     1
 40
0.0
176
     1
 90
        0
176
     1
290
     0
176
     1
290
     1
176
     1
290
     1
176
     1
290
     0
176
     1
290
     0
176
     1
290
     0
176
     1
290
     0
176
     1
290
     0
176
     1
290
     0
176
     1
 90
       50
176
     1
 40
0.0
176
     1
 40
1.0
176
     1
 90
        0
176
     1
 62
    18
420
        0
176
     1
 90
       50
176
     1
 90
        3
176
     1
 62
     5
420
      255
176
     1
290
     0
176
     1
 90
       50
176
     1
 90
       50
176
     1
 90
       50
176
     1
290
     0
176
     1
 90
       50
176
     1
 62
   256
176
     0
 40
1.0
176
     0
 90
        2
176
     1
  1
strokes_ogs.tif
176
     1
290
     0
176
     1
 40
1.0
176
     1
 40
1.0
176
     1
  0
VISUALSTYLE
  5
928
102
{ACAD_REACTORS
330
38
102
}
330
38
100
AcDbVisualStyle
  2
OverhangOff
 70
    21
177
     3
291
     1
 70
    58
 90
        2
176
     0
 90
        2
176
     0
 90
        0
176
     0
 90
        0
176
     0
 40
0.6
176
     0
 40
30.0
176
     0
 62
     7
420
 16777215
176
     0
 90
        1
176
     0
 90
        4
176
     0
 62
     7
176
     0
 62
   257
176
     0
 90
        1
176
     0
 90
        1
176
     0
 40
1.0
176
     0
 90
        9
176
     2
 62
     7
176
     0
 40
1.0
176
     0
 90
        1
176
     0
 90
        6
176
     0
 90
        2
176
     0
 62
     7
176
     0
 90
        5
176
     0
 90
        0
176
     0
 90
        0
176
     0
290
     0
176
     0
 90
        1
176
     0
 40
0.0
176
     0
 90
        0
176
     0
290
     0
176
     0
290
     1
176
     0
290
     1
176
     0
290
     0
176
     0
290
     0
176
     0
290
     0
176
     0
290
     0
176
     0
290
     0
176
     0
290
     0
176
     0
 90
       50
176
     0
 40
0.0
176
     0
 40
1.0
176
     0
 90
        0
176
     0
 62
    18
420
        0
176
     0
 90
       50
176
     0
 90
        3
176
     0
 62
     5
420
      255
176
     0
290
     0
176
     0
 90
       50
176
     0
 90
       50
176
     0
 90
       50
176
     0
290
     0
176
     0
 90
       50
176
     0
 62
   256
176
     0
 40
1.0
176
     0
 90
        2
176
     0
  1
strokes_ogs.tif
176
     0
290
     0
176
     0
 40
1.0
176
     0
 40
1.0
176
     0
  0
VISUALSTYLE
  5
39
102
{ACAD_REACTORS
330
38
102
}
330
38
100
AcDbVisualStyle
  2

 70
     8
177
     3
291
     0
 70
    58
 90
        2
176
     1
 90
        3
176
     1
 90
        0
176
     1
 90
        2
176
     1
 40
0.6
176
     1
 40
30.0
176
     1
 62
     7
420
 16777215
176
     1
 90
        0
176
     1
 90
        0
176
     1
 62
     7
176
     1
 62
   257
176
     1
 90
        1
176
     1
 90
        1
176
     1
 40
1.0
176
     1
 90
        8
176
     1
 62
   257
176
     1
 40
1.0
176
     1
 90
        1
176
     1
 90
        6
176
     1
 90
        2
176
     1
 62
     7
176
     1
 90
        3
176
     1
 90
        0
176
     1
 90
        0
176
     1
290
     0
176
     1
 90
       13
176
     1
 40
0.0
176
     1
 90
        0
176
     1
290
     0
176
     1
290
     1
176
     1
290
     1
176
     1
290
     0
176
     1
290
     0
176
     1
290
     0
176
     1
290
     0
176
     1
290
     0
176
     1
290
     0
176
     1
 90
       50
176
     1
 40
0.0
176
     1
 40
1.0
176
     1
 90
        0
176
     1
 62
    18
420
        0
176
     1
 90
       50
176
     1
 90
        3
176
     1
 62
     5
420
      255
176
     1
290
     0
176
     1
 90
       50
176
     1
 90
       50
176
     1
 90
       50
176
     1
290
     0
176
     1
 90
       50
176
     1
 62
   256
176
     0
 40
1.0
176
     0
 90
        2
176
     1
  1
strokes_ogs.tif
176
     1
290
     0
176
     1
 40
1.0
176
     1
 40
1.0
176
     1
  0
VISUALSTYLE
  5
92E
102
{ACAD_REACTORS
330
38
102
}
330
38
100
AcDbVisualStyle
  2
Shaded
 70
    27
177
     3
291
     0
 70
    58
 90
        2
176
     1
 90
        2
176
     1
 90
        1
176
     1
 90
        2
176
     1
 40
0.6
176
     1
 40
30.0
176
     1
 62
     7
420
 16777215
176
     1
 90
        0
176
     1
 90
        4
176
     1
 62
     7
176
     1
 62
   257
176
     1
 90
        1
176
     1
 90
        1
176
     1
 40
1.0
176
     1
 90
        8
176
     1
 62
   257
176
     1
 40
1.0
176
     1
 90
        1
176
     1
 90
        6
176
     1
 90
        2
176
     1
 62
     8
420
  7895160
176
     1
 90
        3
176
     1
 90
        0
176
     1
 90
        0
176
     1
290
     0
176
     1
 90
        5
176
     1
 40
0.0
176
     1
 90
        0
176
     1
290
     0
176
     1
290
     1
176
     1
290
     1
176
     1
290
     0
176
     1
290
     0
176
     1
290
     0
176
     1
290
     0
176
     1
290
     0
176
     1
290
     0
176
     1
 90
       50
176
     1
 40
0.0
176
     1
 40
1.0
176
     1
 90
        0
176
     1
 62
    18
420
        0
176
     1
 90
       50
176
     1
 90
        3
176
     1
 62
     5
420
      255
176
     1
290
     0
176
     1
 90
       50
176
     1
 90
       50
176
     1
 90
       50
176
     1
290
     0
176
     1
 90
       50
176
     1
 62
   256
176
     0
 40
1.0
176
     0
 90
        2
176
     1
  1
strokes_ogs.tif
176
     1
290
     0
176
     1
 40
1.0
176
     1
 40
1.0
176
     1
  0
VISUALSTYLE
  5
92D
102
{ACAD_REACTORS
330
38
102
}
330
38
100
AcDbVisualStyle
  2
Shaded with edges
 70
    26
177
     3
291
     0
 70
    58
 90
        2
176
     1
 90
        2
176
     1
 90
        1
176
     1
 90
        2
176
     1
 40
0.6
176
     1
 40
30.0
176
     1
 62
     7
420
 16777215
176
     1
 90
        1
176
     1
 90
       10
176
     1
 62
     7
176
     1
 62
   257
176
     1
 90
        2
176
     1
 90
        1
176
     1
 40
1.0
176
     1
 90
        8
176
     1
 62
   257
176
     1
 40
1.0
176
     1
 90
        1
176
     1
 90
        6
176
     1
 90
        2
176
     1
 62
     7
176
     1
 90
        3
176
     1
 90
        0
176
     1
 90
        0
176
     1
290
     0
176
     1
 90
        5
176
     1
 40
0.0
176
     1
 90
        0
176
     1
290
     0
176
     1
290
     1
176
     1
290
     1
176
     1
290
     0
176
     1
290
     0
176
     1
290
     0
176
     1
290
     0
176
     1
290
     0
176
     1
290
     0
176
     1
 90
       50
176
     1
 40
0.0
176
     1
 40
1.0
176
     1
 90
        0
176
     1
 62
    18
420
        0
176
     1
 90
       50
176
     1
 90
        3
176
     1
 62
     5
420
      255
176
     1
290
     0
176
     1
 90
       50
176
     1
 90
       50
176
     1
 90
       50
176
     1
290
     0
176
     1
 90
       50
176
     1
 62
   256
176
     0
 40
1.0
176
     0
 90
        2
176
     1
  1
strokes_ogs.tif
176
     1
290
     0
176
     1
 40
1.0
176
     1
 40
1.0
176
     1
  0
VISUALSTYLE
  5
92A
102
{ACAD_REACTORS
330
38
102
}
330
38
100
AcDbVisualStyle
  2
Shades of Gray
 70
    23
177
     3
291
     0
 70
    58
 90
        2
176
     1
 90
        2
176
     1
 90
        3
176
     1
 90
        0
176
     1
 40
0.6
176
     1
 40
30.0
176
     1
 62
     7
420
 16777215
176
     1
 90
        2
176
     1
 90
        2
176
     1
 62
     7
176
     1
 62
     7
176
     1
 90
        1
176
     1
 90
        1
176
     1
 40
40.0
176
     1
 90
        8
176
     1
 62
     7
176
     1
 40
1.0
176
     1
 90
        1
176
     1
 90
        6
176
     1
 90
        2
176
     1
 62
     7
176
     1
 90
        3
176
     1
 90
        0
176
     1
 90
        0
176
     1
290
     0
176
     1
 90
        1
176
     1
 40
0.0
176
     1
 90
        0
176
     1
290
     0
176
     1
290
     1
176
     1
290
     1
176
     1
290
     0
176
     1
290
     0
176
     1
290
     0
176
     1
290
     0
176
     1
290
     0
176
     1
290
     0
176
     1
 90
       50
176
     1
 40
0.0
176
     1
 40
1.0
176
     1
 90
        0
176
     1
 62
    18
420
        0
176
     1
 90
       50
176
     1
 90
        3
176
     1
 62
     5
420
      255
176
     1
290
     0
176
     1
 90
       50
176
     1
 90
       50
176
     1
 90
       50
176
     1
290
     0
176
     1
 90
       50
176
     1
 62
   256
176
     0
 40
1.0
176
     0
 90
        2
176
     1
  1
strokes_ogs.tif
176
     1
290
     0
176
     1
 40
1.0
176
     1
 40
1.0
176
     1
  0
VISUALSTYLE
  5
92B
102
{ACAD_REACTORS
330
38
102
}
330
38
100
AcDbVisualStyle
  2
Sketchy
 70
    24
177
     3
291
     0
 70
    58
 90
        1
176
     1
 90
        2
176
     1
 90
        2
176
     1
 90
        0
176
     1
 40
0.6
176
     1
 40
30.0
176
     1
 62
     7
420
 16777215
176
     1
 90
        2
176
     1
 90
        2
176
     1
 62
     7
176
     1
 62
     7
176
     1
 90
        1
176
     1
 90
        1
176
     1
 40
40.0
176
     1
 90
       11
176
     1
 62
     7
176
     1
 40
1.0
176
     1
 90
        1
176
     1
 90
        6
176
     1
 90
        2
176
     1
 62
     7
176
     1
 90
        6
176
     1
 90
        0
176
     1
 90
        0
176
     1
290
     0
176
     1
 90
        1
176
     1
 40
0.0
176
     1
 90
        0
176
     1
290
     0
176
     1
290
     1
176
     1
290
     1
176
     1
290
     0
176
     1
290
     0
176
     1
290
     0
176
     1
290
     0
176
     1
290
     0
176
     1
290
     0
176
     1
 90
       50
176
     1
 40
0.0
176
     1
 40
1.0
176
     1
 90
        0
176
     1
 62
    18
420
        0
176
     1
 90
       50
176
     1
 90
        3
176
     1
 62
     5
420
      255
176
     1
290
     0
176
     1
 90
       50
176
     1
 90
       50
176
     1
 90
       50
176
     1
290
     0
176
     1
 90
       50
176
     1
 62
   256
176
     0
 40
1.0
176
     0
 90
        2
176
     1
  1
strokes_ogs.tif
176
     1
290
     0
176
     1
 40
1.0
176
     1
 40
1.0
176
     1
  0
VISUALSTYLE
  5
923
102
{ACAD_REACTORS
330
38
102
}
330
38
100
AcDbVisualStyle
  2
Thicken
 70
    13
177
     3
291
     1
 70
    58
 90
        2
176
     1
 90
        2
176
     1
 90
        0
176
     1
 90
        0
176
     1
 40
0.6
176
     1
 40
30.0
176
     1
 62
     7
420
 16777215
176
     1
 90
        1
176
     1
 90
        4
176
     1
 62
     7
176
     1
 62
   257
176
     1
 90
        1
176
     1
 90
        1
176
     1
 40
1.0
176
     1
 90
       12
176
     1
 62
     7
176
     1
 40
1.0
176
     1
 90
        1
176
     1
 90
        6
176
     1
 90
        2
176
     1
 62
     7
176
     1
 90
        5
176
     1
 90
        0
176
     1
 90
        0
176
     1
290
     0
176
     1
 90
        1
176
     1
 40
0.0
176
     1
 90
        0
176
     1
290
     0
176
     1
290
     1
176
     1
290
     1
176
     1
290
     0
176
     1
290
     0
176
     1
290
     0
176
     1
290
     0
176
     1
290
     0
176
     1
290
     0
176
     1
 90
       50
176
     1
 40
0.0
176
     1
 40
1.0
176
     1
 90
        0
176
     1
 62
    18
420
        0
176
     1
 90
       50
176
     1
 90
        3
176
     1
 62
     5
420
      255
176
     1
290
     0
176
     1
 90
       50
176
     1
 90
       50
176
     1
 90
       50
176
     1
290
     0
176
     1
 90
       50
176
     1
 62
   256
176
     0
 40
1.0
176
     0
 90
        2
176
     1
  1
strokes_ogs.tif
176
     1
290
     0
176
     1
 40
1.0
176
     1
 40
1.0
176
     1
  0
VISUALSTYLE
  5
3A
102
{ACAD_REACTORS
330
38
102
}
330
38
100
AcDbVisualStyle
  2

 70
     5
177
     3
291
     0
 70
    58
 90
        0
176
     1
 90
        2
176
     1
 90
        0
176
     1
 90
        0
176
     1
 40
0.6
176
     1
 40
30.0
176
     1
 62
     7
420
 16777215
176
     1
 90
        1
176
     1
 90
        4
176
     1
 62
     7
176
     1
 62
   257
176
     1
 90
        1
176
     1
 90
        1
176
     1
 40
1.0
176
     1
 90
        0
176
     1
 62
   257
176
     1
 40
1.0
176
     1
 90
        1
176
     1
 90
        6
176
     1
 90
        2
176
     1
 62
     7
176
     1
 90
        3
176
     1
 90
        0
176
     1
 90
        0
176
     1
290
     0
176
     1
 90
        1
176
     1
 40
0.0
176
     1
 90
        0
176
     1
290
     0
176
     1
290
     1
176
     1
290
     1
176
     1
290
     0
176
     1
290
     0
176
     1
290
     0
176
     1
290
     0
176
     1
290
     0
176
     1
290
     0
176
     1
 90
       50
176
     1
 40
0.0
176
     1
 40
1.0
176
     1
 90
        0
176
     1
 62
    18
420
        0
176
     1
 90
       50
176
     1
 90
        3
176
     1
 62
     5
420
      255
176
     1
290
     0
176
     1
 90
       50
176
     1
 90
       50
176
     1
 90
       50
176
     1
290
     0
176
     1
 90
       50
176
     1
 62
   256
176
     0
 40
1.0
176
     0
 90
        2
176
     1
  1
strokes_ogs.tif
176
     1
290
     0
176
     1
 40
1.0
176
     1
 40
1.0
176
     1
  0
VISUALSTYLE
  5
92C
102
{ACAD_REACTORS
330
38
102
}
330
38
100
AcDbVisualStyle
  2
X-Ray
 70
    25
177
     3
291
     0
 70
    58
 90
        2
176
     1
 90
        2
176
     1
 90
        1
176
     1
 90
        1
176
     1
 40
0.5
176
     1
 40
30.0
176
     1
 62
     7
420
 16777215
176
     1
 90
        1
176
     1
 90
        0
176
     1
 62
     7
176
     1
 62
   257
176
     1
 90
        1
176
     1
 90
        1
176
     1
 40
1.0
176
     1
 90
        8
176
     1
 62
     7
176
     1
 40
1.0
176
     1
 90
        1
176
     1
 90
        6
176
     1
 90
        2
176
     1
 62
     7
176
     1
 90
        3
176
     1
 90
        0
176
     1
 90
        0
176
     1
290
     0
176
     1
 90
       13
176
     1
 40
0.0
176
     1
 90
        0
176
     1
290
     0
176
     1
290
     1
176
     1
290
     1
176
     1
290
     0
176
     1
290
     0
176
     1
290
     0
176
     1
290
     0
176
     1
290
     0
176
     1
290
     0
176
     1
 90
       50
176
     1
 40
0.0
176
     1
 40
1.0
176
     1
 90
        0
176
     1
 62
    18
420
        0
176
     1
 90
       50
176
     1
 90
        3
176
     1
 62
     5
420
      255
176
     1
290
     0
176
     1
 90
       50
176
     1
 90
       50
176
     1
 90
       50
176
     1
290
     0
176
     1
 90
       50
176
     1
 62
   256
176
     0
 40
1.0
176
     0
 90
        2
176
     1
  1
strokes_ogs.tif
176
     1
290
     0
176
     1
 40
1.0
176
     1
 40
1.0
176
     1
  0
DICTIONARYVAR
  5
915
102
{ACAD_REACTORS
330
914
102
}
330
914
100
DictionaryVariables
280
     0
  1
1:1
  0
DICTIONARYVAR
  5
932
102
{ACAD_REACTORS
330
914
102
}
330
914
100
DictionaryVariables
280
     0
  1
Standard
  0
DICTIONARYVAR
  5
931
102
{ACAD_REACTORS
330
914
102
}
330
914
100
DictionaryVariables
280
     0
  1
Standard
  0
DICTIONARY
  5
D
330
C
100
AcDbDictionary
280
     1
281
     1
  3
FBXASSET
360
E
  0
DICTIONARY
  5
934
330
92F
100
AcDbDictionary
280
     1
281
     1
  3
ACAD_ROUNDTRIP_2008_TABLESTYLE_CELLSTYLEMAP
360
935
  0
XRECORD
  5
E
102
{ACAD_REACTORS
330
D
102
}
330
D
100
AcDbXrecord
280
     1
 70
     1
 90
1029527441
 71
     1
  1
4634FF8B-3254-4633-9A9F-4FB65D0AEE55
311
504B0304140006080800AB5C295A8BF8664913010000A80100004F00000037454438314233432D383345412D343031352D413641382D3444363736424436334446452F4173736574446174612F446566696E6974696F6E4974657261746F7250726F706572746965732E62696E75504B4EC33010352C4048B0A8C40158B075
311
9DC49F2448089CDA66C5060E80DC60DA486E52D589D876C9E9380C0700C610A40AC448CF33F3C69E799E1784D0C76810A23DC016CE13F037AE759BA6BEAF976E65D141647C37B7FE1CA24AD0D42446E199543966892871A9328D539D5559468BBCA47C1FEE1D02947BB283EF63CBDB26D4CE7BDBBA6E081320C619672BDBC3
311
2CEBA7F1D11142D16D01E8A71062A7C5B7A228F219601FD717573604D75F925CAB22ADE80C17544B1094722C852C30532217951254194DEE5CE8864DED02618232638A0AD38C330C19C5A52C0D66A6125C25526BCE49BF1CE26A4EA38C796B1B4F12324A7858B70BA0FFD8EE2E778BD79048C0EBF1F48B7E9FBCC55FFC6BBF
311
FB7C02504B0304140006080800AB5C295AA354ADEEEE000000300200004500000037454438314233432D383345412D343031352D413641382D3444363736424436334446452F4173736574446174612F496E7374616E636550726F706572746965732E62696EEB606060F80F0540260323103700495E20ED9E9A975A94991C
311
9C9C919A9BA80214303133367173B370D235363235D105F28C752D1D2DDD744DDC9CCC4C5D0C1C5D5D4D4DD9111A415A8C0D4D5C5C8D4C2D754D4D4C8C815A8C0C759DDC9C5C740DCD8D0D9CCD9C9D2D1D5D2D81CAC0F63268C6F41FFAAA71C51E483301C51A8018C607D3403E107CB087A8666010706010000B8109150704
311
1B2B0BA81102E00CACCA808270051F9881BC0620866A7D00A57980429800148E0819B821180A53763A6088A108606A0519AD81A4E6833D0B90078A2D3E200E2E4F2C49CED0752A4ACC4B494D01C904BB58FFA7050600504B0304140006080800AB5C295AB5A795FFE3790000DE7900006B00000037454438314233432D3833
311
45412D343031352D413641382D3444363736424436334446452F5265736F75726365732F34363334464638422D333235342D343633332D394139462D3446423635443041454535352F7468756D626E61696C2F302F67656E657269635F706E6701DE79218689504E470D0A1A0A0000000D4948445200000100000001000803
311
0000006BAC58540000000467414D410000B18F0BFC6105000000017352474200AECE1CE900000192504C5445818181B3B3B35A5A5A4848486060605C5C5C6464648383835E5E5E6262624E4E4EAFAFAF4A4A4AB5B5B54C4C4CB1B1B1858585B7B7B7585858ADADAD7C7C7C464646787878ABABAB747474A7A7A76868687070
311
70B9B9B96E6E6E6A6A6A8B8B8B666666545454565656A5A5A5505050A1A1A1BBBBBB8F8F8F9F9F9F4242425252527676764040403E3E3E9B9B9B7A7A7A8989897E7E7E9393939797974444448787873C3C3C727272BDBDBD3A3A3A6C6C6CA9A9A9A3A3A32020209D9D9DBFBFBF8D8D8D959595919191262626999999222222
311
2424241E1E1EC1C1C1282828C3C3C32C2C2C2A2A2A2E2E2E303030C5C5C53232321C1C1C363636383838343434C7C7C71A1A1A0E0E0E121212484A484C4E4C1616160A0A0A4A4C4A787A781414147C7E7C9193915E605E464846838583878987B1B3B18587856668665A5C5A626462818381A7A7A5A3A3A1B1B1AFADAFAD70
311
72705C5E5C9D9D9BABADAB7E817EB7B9B7585A58BBBDBB4C4C4A8D8F8D747674B5B5B3B7B7B59FA19F606260ABABA9A5A5A39B9B99A9A9A78F8F8D6C6C6AC7C7C5451AD12700002000494441547801DCBD89771BD7B5A70B8EE04C702641712605CE034890E220088028C93245451215B713AF388E7DFD9EEDB8DDCE6ABFF4
311
B57D97137BE50FEFEFDBA74049B6AEED74869B7E87404D2814EBB7F76F0F67A8835CEEBFA0E42B854AA5B2BB5B6BCC951A8D52A93657A914FE0BEEE39FFE2FF395B9B9C6CAD2D4C4606F4B7FFF8D1B37EEDCB97587F7CD9B4343BD134BABE7DB48E3FFA7A228ECD6F6574E4786C0FC8B5FFCE2CD5FFCE297BF7CF3CD5FFC92
311
B52FFE58BFF9E69B776E0EF5F79E55CBBBF9FC3F5D3DFFB07F5898ABAF7CDA3B74E74EC0CE20230561BF096E97E05712BFFCC59BC80539DCE83DDD6E54FE61B7747DE17FB8980BBBFB2BBD4337DF487881AAE6C5ACC6AF25207877B2B527BFF1CB3B77FA47561ABBD7F7FA7FE146A5B6BD74E3164C7F51449AE95DB412200E
311
C539418717E7F2F11B376FF62E95FEAF1442BED0581DBCA1BD2780D23F506AFA16E1A7AD974EF17876F00DD7BCB187A1A97AE51FCED5BF2BC1F2BBE5B3C19BE27B43CF26DE00933658FE129B109C2FFF922CC22C4260FA01BEFB462A77DEBC35F42F600C3F5B0795D2E9E02DAD5E650B4438A92801B65C35CBAB7B1EE5041C
311
E69D3B6F1822DFB873EBD6AD3B6FBC71EBC6C86AE967DFC2DFA4CEBFF1BF54F6276EBC114E2F43FEC60B01A0D440A868B2920E5C4BC10D60931ADCB871F3268B21D3851B08E1D6AD9BFD4BF57F7577909FAB86F29B982571136AF01DF5FE32AC3BD9406CAAF2440A54CF176EDD01FBADA1FEFEFE21FE4C9858DFF4183458A9
311
FD2B6708A5A5A137E0EE1D11A9EC0C7C58B2C73C0AD6B479BD76B7790CF899E287FA5B06FB7B07C9195B7851FA8794031EF1FC5F9406BBFB23375420286399B631E93B08022A785C4DBF9996EC3551874094D71B6F487E80F6837E50F483BDBDBD83232323AC420A18C68DA196EDDADF68A77F938F78FD972BABBDB7B87FB1
311
64AC6FC2CB760365821ACB74AED44FFAD7E7431ECD7E08AC421F391D199998989A383D9D98E8E56F84A318C58D9BFD2DAB73FF5222C8EFAEF4DE7AF30D756E5108683DA471E70D0502099A7240F19E4089D3FD203E620F1B47BF43501E85031AE44B4B9F2E4D2D9D4D51D8970983FA861B3706FF950CA170DE82F6B312CC4F
311
42C8966295F7D725ED29882415DC055F36DEA1FE96FEC141493F05FAA9A9A5A595B333DED5B3D5A533F62183323032F46EFF13EA0AAFA5FBF7C8976F8C10F7280A014832593B90004D52341980D907EAEB73411EB2F1EBC9F507F92746C40E7AE0AFAE54292BAB2BAB67CAE0746264A277B06508168C94BF772BE9765F7BF0
311
B548FE1E07F3B5A521340A5CB5297C4B12811B89E82191ECF3E41B3259C529F135E23CF4C7F961FB13537F5A02ECCAEA76B5BA5D3D3FDF3F2FEFEFB3AA22053E5008833428DC6C59FA2F770595F311F235D427F379BB8A121BD901B96076A388DC4C3C61C7933CCCD770FF375A6E0CE9F535FE2534BF5ADD3E3FAFD71BF57A
311
A951B6D4CFEBFB8864758A26154430080B06ABFF557610ECC93726224F155D1471041E0D42F82F4891C926C1355B0831649FF365F46FF05300A7A790BD8ADEEB0D4AA9569A9BDBADCCD56AA55AE377F5F3F3EA2A34983A1DE91D810543138D7F28E57FF4E2B5335A3928B76EA1CB9B00BF158C8F63A2E788826896D0B5E7C4
311
61949ECE089144F8EBEFC7FB4D8C9C4E9DAD60F7FBE572B416C2F2423ECF8B86C439E450DA970634ACFDA977629098D0B2FAF313A36B3869E37AF7853378CDA1171FBEBA95DF1E44FD5144A420588641B0055A79ED91CC0DC41E27064512FB33F1F04D09D0D2DF0203A646A6CECE80DF28356A348CED8C4F1EF137B9319E1B
311
CD29867CA556AA97F7B757567006A447FD375A26CAAFDED9CFDCFB2BB0BEEE8AA5911BC2C7F85DF88A3775389990AA72219D582409210F85A4E66F2987D875C30848023088FDF77E87F96FD7CBA5B9DCCEF4F4C9FC7C676777577B7B7B67E7ECCCE4E8DEE85E81A6D55AA3BC7FBEB242589CE8ED4770E785D7DDE23FF2587E
311
BF57F50B9E820527316488E5C32D50F979BCA58207297E2B6D658702FFCD211840FE43FC9F3A5BAD9E97E6F21B9FCF16BBBB3A3A5A175B5B1787875B5B3B86DFEFFC687A72674F19D46A8DFDF3EACA59E405375ACE76FFA922C817CE86A89BDD92F400F2C55B7462F610459837D3A61ACF50C7471C8F2F2A9D38C3DA2F0680
311
07F80EFCDBFBE5DCC674B1D83EBCBEB8BCBCBC3ED0D3D333D0B3DE33BCBEB0D8DA35FBF9F8CECE68AE020BCE61C112A4C1138CD47F9AD13F7DC6AB9CF9CFCFAF9D0E01FFE6CD503F5B91C5218E2899CA15098714848B04FCE5654884ABF0E554F11F6C21D73D5D5AADD64B7B9327DDAD8B0B7D7D6D6D07070763BC0F3E38E8
311
EB4310EBEB8BC3DDB347E3E37B5842B97C4E44A0C630427E5CFDFB71E03F471E12CA9FF70E055AE141042DD81234B879EB4606361D9328149037D7D76A571A7E974FA20AD0323832713AB5BA7ABE3B3E3D3FBC30307070B0B9B645D93C3CDC3CDCA41CFC6AAC2D64D0D579B4B1B397A7C1BDBEBD7D36657A3CD4B2F44F4909
311
F2B9CA597F4245C59DEC354316F0587020D0C661742BC02869435FD12CF195C422DB3C5A3E2305C000CE6B7B27ED8B7D63079B5B5B878787C787C7C7C757C76C51B60ED60EDAFA06D67B965B3B672677080BB5329E60E9B477847AE2E9EB53E35779FD37EFCD2D0DDD68AA355B6B0D81860502B8B68C801F5C697E9AD62F4B
311
406244CB975560BAC756AAA577675B07C6D03778C17E7C95CAF1B3ABABE3E3ADADE3CDB1B1B6B681014470343EBA979F8B90383545727C63E43549D14FD0F927E5F1FDEFD7263058FE02EBCD1BDCBCA053496BD58E69BC44F9F854D4D979AE9ADB908824382AC1D4014E9756EAF9CE85B6B54DB01F02F8EA5908E0D9D5F1B3
311
E72188C3C3AB67879B07C8A0A767B8B831FE5E7EB754DEAE5261460243FFF07858D8EF0D658BDC563A2C5EF5833C13C90B69248C4DD97842B61DFA7F210A2F6108A0F96B62E2D3B3F3DD939EA47E30ABF5AB2B903F4BE5F9B36757CF65021E616DAC6F60A1FB647274B4B05B2E5341B082D43278F67D8DFDA48AFF9A13F22B
311
34C7586C9992BA6E66CABC190E313E7C811AA57304B421A75B289B9D174CC868C24548823E230B9A5A2DCD2CAFE1F98E61C015CA7E96B083FC59F3ED06EE60F360B3AD6F79787ED278D0A86FAFE00BA9220EAEFE1D5DE1F7855939C3FCC1332426B377F692406E022C010DB437EF009803F0DCFD3B7C94440571D8F2C328F1
311
15F47FD324802070BAB43FBA80EFDB92FCA1F7E7CF9FA875CBB327CF9EB08C4DE4815BC4210E2CB7CF1CEDECEDCED5B757490968286899FAF95583BF46F9393CEE6A86D6F618CAAD9BFF0BE22B042412C5CFB50556815CC5BBE33E9F61ECEC26A9BCB8145FD10590078F9C9E953B513FAE1FE387FAC246E14F9E3CE7F5F819
311
4BD6594140876B6B84C5D6799C61A16434201E5237582AFD75C07EEED9863F463284E2E13425A036BD41061259289B6BDC1ED656FC8B8592C9D00701E27CEA749F0D8EF44EAD8C1F80FFF8F8F9D513191F6803384C800097F24069C407CFAE88136B7DCB3D5D4A60B711F19070D83235F77331FD35E715966889038E2E0B34
311
6EAB7936C4162043E1A1F144093695443A570144898BC4079CEF1912809A3035A1D3F361235F90FFF1E3E0FB93C7E2750719F88E7D8E68123883ADB5B18185AE99F1D11C1238A792DC4BEDE8EC6FF503DF377E0445F68FAF4E08D43082D02170F30131A154206CC559A8D9CFDD762B31273E4947A581E0D9BB71E33FFA07CD
311
02CE2A6BE1EC80167497F2A81CFA3F7EFE58D0CF5D5D170DE4F89070B0BC4040CC17BEAC6B0586C3D3FF0309BC06F44B04A1E13729929B4DF73C44070692C810B08AC3012E8EE9EAE22067796288C193B2139B970B86F47FAD0F98382B1E035D9C32FD318A4FAFCB274F2E1FA772F94411B0CD42493C23393A685B5FEF3E1A
311
CF554AF5F3552A478383374E6B2FDDFC4F6DFE38F4F4ED7A7FE838F488EA852482F412D3CB07E293D02C9F074F12E84C5AAC423271450572A385449844706475FD38DC3C22486A0639E5F1E38B0CFE93CB4B25910EF309A2224BD8DAD40C682C28341AD69047E8539A6AFC14EC573F7FAD10AE0FE6EB13E87B28E093B513B5
311
803514DE408809BC12A14876DE0A25F643009E9176D9F0C330164285A7444DC8CAF0E9FE41429EE0A2F6A6DE91C0856C501272404A8468822E24C807030B1D33D40D4AFBDBABB411D093D88C86D7205E05FC57EDD1F805FA4CED5920F0CED39157E007CE21757C5DE440ECBCB46CD283E378029B43FB077B4F47E60E9F61E8
311
D01BE017D7E843EB49F50A2028F1E442FCC90C9EE308E4C0C2C94EAE30B75FAD3A0EAFA57FE9EF960F14BE15638840EAF3BA490BB6850EDB38EECAFD21A0C746D0C4234DBD035EFC7EDD121FA585FAB73DB89FE6A03CF833AB0730E5E2F1A36CE3F202A128934B44E396961121E1F2C9F32BFCC0C140CFE22C1CA8E109B182
311
919696BFB98120234F61B59F7BF46EC30CF067B21A33B0FB3E402448EE266CCD93135A8E823DB31F85E677434E608F53F8100BC0098EA2FD6BC01770E0F2F2D1E5452A711C4BB8486248FAD756D852026B6DC90A2AA5C6B69E9068B8F27AFABFFEE8AB36F1D23985D5960014FD711940800B560250D2272CC54FF1D3A660B2
311
75AC3881E349689C1616E1E9044129D032313509DE4700BC867C71F128C400159407C761022BA8A040F40A244788808C60B3AD67A17576279F6F946923191921B0545FC2F12AC0EFEFBD7262B6935679FC7F80629160ABFAEC88E8430E76D82A8DE62ACE50BD4A42FBF03B387B37FD321B37E31C3F063D99703F5160E6C9E5
311
A300CF32A91E0A085A29C0FC507F6C21012303C6104B82C1F1E156DB3229D1A855A32A8352C9077AF733A0AFE0FB3EF81FDF2F0F82C21B0EB06998866878B103305E31EC17F4FD43831E570A2118D1667632D4FFFFB125782F96168A833DBE78C3F11F8383A79D49F58F1E3DBC780417AE6581381E8610604888E2913E1249
311
2881274822C221AD04CB0B1D273B8542837460898C686864FF6F801E8269F40AD0481DFAF5E6E9C1F3BE391C325004DF0746A4E4448F7B52C0D5EAD39EC46896B888C4210D68E99DFA2820DF7FF850EC407EB55C3EBC5028611409BFCB8889C90F1C52355AEF98B18100094C9D0EF6F64FD47E5CBF3FF5293DDFB4B50DDD54
311
F351446FA1F14580DC3902C085F593CB24ACC917B213BBC11B3F0A61042FD8B24F4FB9C4556D0CB9E1A880DE89934CE9607F18F81FDD950DD0E1D143F41D56110E227C250621FF098838042BC85B5B6BCBCBC31DD37B34966E9FFD9936A2FEFEA9EBA4182E5CD3E17AE35501FCE0707E5525A7DBC64DFD077825BE37CE0BBE
311
1BBEC061410C660B6E49912665E2B3749C7C9F93834022F74CDE6CA5EB501D9CBC04B768292C5CCB84478F3CA83074092C6082169015E5800D5839DC6C1B58EFE83ECA513BDE3EFB8EF1242D2D4B3FD55AFE03D42F8492AF8A3F21444FA2FA9ABBF525EAF84C09F0168527B0138A85D1EC0443C467B28BF844EAF76323BE13
311
D7C11F72FED783837B970FEFDE7D7817E077C17EF7E2A1C2C0FE851FE4C008388C15E818958746129E1009D054B67530D6B3D8DA3D59D82D9D57CF70039FF50FFE0DE94089DB269C3655A4F25B38C49D0BD48E59F1526887C18FC5272197F85CA72862A593A4843CD25F920487DDF7AA0441A2C0600D062001F103FCEEA3D8
311
560CEC3EBACB01CAE5A51E420349F602191E5F901893142381351CE17047E764BE50DEAF9E4D8C38B6ECFFACEB141E54A6865A88A60133EE9CBB4C256930B0B168C1C3AB59FE1743FB422C7166082E934AFA5EFA3E4BCE0B69362FA7041818B7FDECE1DDFB4D022007CA23E521F0700AAEB5888BBBF08023E128B404538154
311
2FA256B0D04E28A0C3804E233A1BFB476A2F48FD135BAF9843BEDA3264EB42BA499601F16B566E72C7EA35908ABCB9176BBED43204C696AFD3D7B24B08D3AFA44BE243D88A6D9D0B6562B52F741E1610C0EFBBAF2B0829289A640EC4C8A4FF66A24430786CEBE1E1E61AF9507BFB496EAEB64F8F49B4129EBDEC065EC1F8A3
311
F228A3CD0950883B41BEC6D1944AE06147289600A7726313AC69A3F91197F1438BCB743E76F01F6EF1D1C854071670FFFE43FF1EDED702EE5A14C85D0C42DF90B86068800659AC88981855E3E774A71C0CAC2F76754EE7CC87C808D1E1E0F6CF47FD4224731337BE1E39C5010823EE997B1491BBD99FC8D8EF77482BEB5EB2
311
CF66499A8E0F7511B19B3EFBDACB6507BC78731B1B383D02FFDD7BE8DD9256F7D0BA7B46015941097B80018F700FFA024CC08078F51806100ADBFA163ABA8A3B95B9D2F92AC30BC908ED31FABE0CBEBFFF0279B675868F9AA24E9530B08C174055B7F48E4F58002F3E82F0BDFA003E8B431EB6C4A91E4D9B5FFB791265BA88
311
27BBE5F1BCFA7F789F72F75EC800F8AE43FFAEC42F13009FB905A9A0132015D0068ED7682AC608BA6771038DEDB3B33082891FAB1ABF5614F93238079726B833958796B845B731FCB86316713C1DC581B1E19B424EE32674093F80776F7E27C6FBFAC85C536CD955B96EDA2A3FBF770FF4BE11845470EB3E42D022000E0FE0
311
7D161811020742162444668308801E133A4C163BE68F6826A5523071CA78B2FED51F28F8C70FE4190073A3E5D3259D7A288CD19BDE623F10021BAB0C6E327FD507B2741627727EA00D31856492F9F009D7F152D930704E642795C1C1B336E0DEBB7F0FDCB79318543B25341F36802D64A981A690B94259607DE0B19D466BF8
311
C1C5E1CEF9A3FC5C639FD6117B4BAEAB453F8EFBDA500A67E8BAF76C8A06566E36EE1184E8329419161F83D843D5DE7D8221163E145F56921C3EE383978072129E290A9B7166E63D26BAB1FCDBF710009E4051842390031845F20077CD079407C575F20364C4910ED2A574BC357630B0BCD8DE39335EB175646A698458F6A3
311
46F003A93002E846FFE0C459B8006E506D79BF902908A0AA05CB5E73530E33BA1D3C2EF99C712B7C8B41DF4D2A7830BE8707485FCFAEEB85A09AB6D39BBF7B4F23E00509C20DB04E240822A4B810E04D8D53D10D504C059ED86BB8697F514777717A8F8144D48A4C89077F7EDB00E2D89DC02A7B975640A282C49A4AA84B70
311
B12BFED8EA6584860DFB7EE23FCB00C6BAF7332FF259FA3C9346508813E372F1DDE425065BB61FDF8300F7EEDDBE8D0C6EDF46F7D8823478590AE23759D60DA6B7A9F125EDE8F4A5D2B37470D0B63C30DCDE3D3D59A8D1501EB1B0A5377517BDD6E301F995E3F955F0F58FAC2E81CE172A8344AC03DC6781939D2484B8FFC1
311
5E8F3ACCD3954CE19576B942D0A029188EC7013FE59AE90B71292DE774F1F63D60230180B30A2EDC65291B6211B4081128856001A680015CE000708254891851D4B3BED0FA4D7166B466BFF1D2A924885AD12B387FC0FCE6819AC3AE06A7AA4B715F0927B74D119D4A668FB54B8A8C268D8B038A207D10A7B1E95E42195B69
311
5BE0240F7408B311257C23F581E987C180140C584A02B1670CB817CEC0A080F259F1360E58452013200E3EC107AC1DF4FD7B0F6D23F33347F9527D9F51E6138E31AF35F1BDAAEEEBA3D71BB402E2FB47CECEE96B4DB85536772B07C82A34F3E66D0BCEC207FEB9E70643761276F7B50D5EE963CFF80C7AF4A2130F5BF8C4EB
311
FB5F07B709840480DBD8007FB7EF3F90104908BA457D43AA2A6A02C91422285E5AAC143F3313A0CB74D9D164933B86C25587134E8D342B453FC982860D09FD13ABE72055ED020E85D3E312F74C25CB0293D978A1C4001927C80B86FD06349126EC219F0C735C8053D8F5F310817EA01F1B7851F406144C211C6362C27DD51F
311
1E310C0102280ADB891E9B085CC528A2B1369A46BA195B9A2B351862CE43174BA73FB7CBB430A5798F4C54B7333B96C3224A9863AD02B9FBD8E63092191924E77C199D92887DA594B6DCF0112857162FD0949FE6A441F5E62E42FB2105BC405A2301A3424601DC807912CB2C39C604A27908021CDA30C4C8C2019A883B3A8B
311
D393BB3546136EAF561980FB63E9E035FF73B96D09A905ACB2C11D79571C5159026227DDBDB81396EB03F14100BEB66DE1FA9EF82C3ECCBE318119C4269FD014E66361FC8BB0B4EA9A98EF3D8848A01360430284335004C183CC25BCA82D2302EB03B8419241C64DF4F5ADAF77B533BE786334BFCBB8DA72BDBEFFC36103AF
311
B30608A0B39B58D93F0BF42180841DD26BDC22CF0A770E90240006BAC65197D90920131C7B2EB3CFD3C71C6378A305EE8488FC1FF8D391E2BDDB0F6E3F45E7C8207C419800DB410073A3173942CA8D5242642A74496FF115832A6314D9FA4257577BF7FCF8F8E8CEE8DEDE5EBE76DD3CF892BA7FB8B90F629431B5525E92A1
311
5A3A4A6FEA3FDD73136172060959206591F4C927196CF645AA285CF3014630121754261C0D31E1A7E3DA2DBDB54B04703BDE3A4209F02045C4BB0F529A14BED07098A2A1CD47513DA64B512F409BC01663090796D787173B5AA141B1B39BB470EEBCF1E30F9D263ACC4D05110797CEF7B923B027F089F74D1D06F0A4D8C0CD
311
A6604023FCA45B76C5CDE0BF3845ECBE13E0C0ED73700A8A753C1AC8AEFFF1B407FC8A20F42F0D94019121DE304077A027D4112283BB8FF0072444D68AAD111D6F591BC0061854BBC048EBBE9E81F6A33A95C21BFD13AF3C7E7DCDFFEB0DE8903F77B41DF178E99C289895B0EA8CD640549D68935BA7C5294E0A1D66DA0CC4
311
19BD398E6265789CA1241441AC94532A3C19C95340BEFC68703077EFC1D307B71F3C500859C11494838E902203A2BE90EACC5135B80B078804340C920C2300BCC06F7A1C71B875DC572C9BD1D84BD5FB9363CA6BA7D03E5C40FDFC54FC23C9B4B9DDD028787D89219038523BF64E638BB37CC25335937A00DFD32869C5B390
311
C8C32FF25C8C47A7181B4A599A224A9DADB0E0406FEFF9F183B7448F081E3C55024FB33828784AB61704482CD0160C04174F9E33BA9291D58C2F1F1B1B3B5863B0D9F3E51C35C253D54A23E560E2C0CB3A6F7A81382601C2079CAE96B7B1560D20A341E85A928A4E01083256420576C2ED477E2E565FD9223BCC691CF394D3
311
D8E281501E0EE5C1C8159E92585D255CF30CC854C75318006EA4A01028EC853F9407C6053910BE105348324002260254886C156260F9189EE0F8C9A3CBAE9D5A992184568A69D5183A7DB97DB089FDC57AEE54F858FE54F577DBA85309640290F2D220952620750C5811FB772A7876D1E4040FBFC6474D51246D8B3FB37828
311
3FB514F8AB3C20B8BF7DBE5DE541C9A5D3D38DDB30E00151E02523081BC89C2214103E0BC1B3D0199A08E002681A2613A2616CEDF0F0F9C5DDC75DA395C25C0309C03DEC8091A4AFD3FEB504AAC6633930556DAC86EE3561941E862C4A75DD6B6BB3A0C59BE153DFA73EDFCBC3CE2188D3D378FC976D0EF9A95B7C8532F527
311
CE3CF539581E0FE501291E9139FFB65EFF5DBD8E0C18DE3077170A64E033FD278F18068028802F156C3809FDEB11B1019C208D020C9BA2870457F0F8E1FDC7EDD393E3B9FC9C4308E9315704233F960E554802C14716B0B45DAB5EAB5E25AB7830EBB8D25E6CA94E4AA01794FB1EE164FE9F040FE82C940A4BCEF913075D08
311
7E85A7237D3CF29C47E4E676777779528C4781761F0BFBC1D3A77880E40C9A2E5109180D5255317890394229F0F082010354082D574F1E3FBAB7D6553C2113DACB97BEB5526C7C6F69F9310A94C46CD89FF8F379AD1AA035FD00FF3F320180F01417A6F255A3A8D86319FE0C0B0E06A0DCD33F79841339C01E5BBE1911AFCF
311
F7C1E0A540BFBDBFCF2372352686D863F83F59CB6865F43104007EE06F52406F680341102048A01BB048823082CBCB0B6AC48C313F3E7CFEF8F2D1FDC3D6F6F9F9D9E98D9D7CAE5EADE2A6512FAD7AB526E17F600C85550DDE9ACFE9D97E694513103BC69F8A2813176032C890C1E9C49FC09C61670FF8705B1D7386260E7C
311
8E7122C7F8208A55139E8C8D4763F7EBF5728DF9C34677364E3A3F9AEFDEC9CD95470788834F9FBEC512379890B38C94205B2557987C4186DF5C0837608DF0F9F3CB87B7EF6E920475752A01460E556919B2B64296FB9FB70DD5F47232A0F77465BF140CD001F00ADCA175090E2665A14E6329B62660E02A1CB50C6025E3DA
311
252A670B3F0FFAA5EAD94A509FE7036B159E0D1D9F2E76B7AE1FD5A606198D3A747AF450023CBDFD162278B9446688111009B4029B0F2180AE20A542D40610C073B47FEFE1416B2B12200F3C991C2F54EC2491027A816B0A34A9D05C6F437AC23462385DADD75642EDDA738AF1600DBE07EE8437804D2D011A94DF71C2085E
311
DD40266A407FFA1D1C00B0C03927E60338E3B9D8C47D1F8CAED578E06F7CFAA4BB63B175FA7C301B747CB377F45192003CB8FD34B12009224543D8604494011A80C1903CE0518C986208E1C5FDDB8FDA161686873BBABABAE74FA637BEA894A44078C19696F326E057D7F95D061A6B0394A9D5F2DCAAFE4C2388D8A6E9AB76
311
95CB0BDD0A332430F1A9333DA41D1FFB97FA09AE84E738C75C407C260408F8DBD5EDED7DE1570A7BE333C54F16963B46AB0C2B71208EA3D16EF4EEDCD7005241166C005A73C03164792151205C007288AE337B4D7103741BDE7B7AC913350B348B2D767515674EC6F72A0402BBCB41C81305AFCF05F2758D3ECAC8D26AB976
311
06DB9581A4B7A8FFB068CD5C0604E6849046B70C2B60FF0CDDF93C13822B4E82FA0479A68220E66D9FD775FB3C1A9CDBDB9829B6AF2F77EC9E0678FB20ED8D1B1A1A39D10F9812E20D6281F5673121AACAA9C53424000DAC173F7E18C3052EEE3E78E7F1160F5AAEAFB70E0F7775CFCE4EF384DDEEBEB9C0889D5243BDF557
311
559FEDE5F17AB21E118C4C31A3DF6A96B56AC62180293910ECD6B721047664BCFCC6B2DD3C65CA0F0C823DFEF84083C7ECCDF05898EEF158F4FEF97EB9C123F1B9D1D1A3D9F9AEC5F5CEDA84A3C96C14A55584D62893D6A54D8D2028D05C8B1F124884543F3223B29D208B04910D3FC43F5C52196AEB5B5F5E58E8E82610F0
311
8C21BD443801233C0CE8BD1E40F84A1CA86001990048031ABBAB11EF83F9283EA89F181F2A0D9A9F62D94B7F625FD727E6A93F63F200F614F7CF100D4511C07DB45FC5F0CB4CA359ABE4774631FDAE85E599EA0878A3C33D5AD6430CF4C055EE5FDB80629000D7855DED3F436F3B61B3DC7FFACEFD2B1BC6FB0696312CFA47
311
7CE87A87070C7998E04FBA78AE3F915A065E819FCF35B410321D9ABB308146A11AD5196CDDD7C477A171C8AFC74B45CBC6F641AB53C8D4ADA5870C02379BC0470CF83DB55F073E29CF5CE5F7A3F8FD62EB7AEB1774C2C6780B9523F9287193FD23DDB79FBEA513B45200E2E0C1B51350163AC19043C600F2C1DBF7DEBA7BB9
311
B5457BC0D840CF325EB0BBABBB786D301437000020004944415472B491ABCCEDAFC0591201CAC8EBFACBF367FE7B6E40E69F551BBBE7123E3C00AC560CE20C62436E8C3C54CC225EE08C0D74CE26148877689EDD004FB2BFBFFFBB984035373A7954EC5EE8591FE531348654514DB1D1C56411DFA2A7C212BE5ED91278F285
311
1A432244C6822C29C85A8B320ADCBDFDD63BF71FD32648E7D098CD018BC35D7FE89E250EF2AC75F96C15271602687965C844B8807C6E7729D93F22E81D39ABD62A0820C1FE9F11CFA7208125D33E96FD69E83AF6052DD32D49FF0802CD9F9DFD39260389A950887A647CCC99BAB17132DFB5DED35138FB3A060F6295AA5E19
311
5BF0BB56495A5A4A8FA440026E46A047D40ED2520A441C302D240F201FB8F7E0EDDB0E12A04D8816215A0579E8FE1B1281E9F19C9900DE79842E2A7CCD48E9876EB01C75DBA0E0C8D44AB5512947A00BE7CF5DE9E1A6A6BE43CF1A78783DFD5A404E4477336C1ED8B18908B2A847B2AFE9839E891137A6673BBB96FBBA2A4B
311
8E9373B001F08369BA11BE8ABC4302FD2345FD6014A127068427D007BE28B41D9B0D40FFB7EE531FA673C8870A69135B1CEEE8D009C08042A5B4EDA314920B635BF941E7487E45256439DFE9D276295F87E698389CD49FB394FE19720412DEDDC40E9CE9C6DD605E0B719FADC416CB15AB3A61F9B5B9B9426E54F81D8B03DD
311
950946D432B40CEDAB7BB5AF11213CBA73C9BCCCDAFBCF06127C7980FE6D1DC9B4DF14832D6568FEAEEBA76FBF438300B541064ED33F3AC0B0D10505306FD370AED02859234402F6C3FED006766DDED2034D90D119057225EEE3DAF787EBF30EC51ACB4F551678BD6728E1944730C095F13E4D81A4DFFBF67C5BEE37E62A85
311
FCCEC6CC6C7BC77A5B477E22223ECA4FCC0F87E2A5E3EB782BDB25B8CFC6736A044DE5A7CDA604526361D650484FE283B77EFBD65D52C1C73C4F48E7D0D81ACF572F2E2280F98FB230508FA906B42DE240ED651B301CEC83DE1790C9FD96B6CBF986BECF3BD332C18EF627A0B6EECD5B152E02088D03D828AFFAD26B05BF67
311
1B4F9A09A8CE0CD2707F67F2A4B3BB75B9ADA331C1305BBAC182FB4A79820B7EEAF73199B8404C0B81231CDCBB871B80FC41FF5860E8E108222A1A076C29E6E03B6F3FBD4F1F295DC457573C7ADED636D6B7B8C88413DDF3B327E1046AA51040B40CB50C7E3F1D2E44DAD34CFA604029BFFBE714DF0C069908027EB275F1F3
311
66C132E1A7450B04011CF82B2B647CE754F650FF6E25BF37AAF65B7BDA16CAA791F1D09F6CAB989EC5AB7809BE145FA459E8D3E4B0FB47DAEF093B946FED585B80FE1A0305FD5330FEDB4FDF79FBF6BDE81D8300CF6815E5F9896552412A03F31FCDCC7CB5E32365550CD9365FDCCEC8752E943161D78047336F8AF6539840
311
A1F2E764FDA2970999F205CD2BD1F5CF496571F76EAEFA0E1CF8FD2A55FD06391F9EEF8B9DC9994E72BEBEE1FC928E2F223EBA0FBFBFB4F2DF137BC894B8087643D64ADE6EDED67F7680FAC9060239E845FC94AE93D880F994FBF71FBCF5F66F9F32C292EA900F9C1E6F1105E81C5B5F58A067A448143842008D7275EA3BBA
311
3D2516FDF02FF79260020D6B3C714711F3CFB61BFF56A826E627E82256F7400FB387FEF23C1C1E77FD6A21EBB1B2B35F2F95E7760BE1FA3ABB3A981423477517EEE36FF96F122B942F6FB64D9502BD1B9089162532A2FEFED255028FE653C9F46FA321E0B588B7DE79FBED07C44106CC85133CA65190543004D01D02D8181D
311
DDA5A9C91A7110805B7875B689FC3902200FB192E7DFD936B37B57D9C338BD49E99E181F4E5FCAB2ABC1CA7AAB382CBC7D515457CFABE6FBC63D525E5CDF74B16378B9AD6774A58531912D232DF01BAA913DFB7D3AAFF912984302B84D0500077800D26C60A4742101DE420C610C2E92FA93056022EFBCFD5BB6B38651470C
311
D33BD87630C05831BA864C85997B8754B05167F0706499DC442FCD22592AEC2ABF3FF13F950039BF159FA9B36ABDB2778EFF83F70972B83BFD3F4899E64DD8346AA495CB155A7499F2CE39B0AAE755125EB84FD8CF8D8E4F4E9FB4B72E8F1DBCCB98B31BC4607C2CFF21C8145FB48EA0F2159F86A3098415609554DEFA7B27
311
EF1301033DD06D274BAF6821D220DEF96FA4CBB60B3CA241C021D38E1AA76B4406B4767576166766A6C7F77273F5F395291BBA19F64F2E3095C14F3E60371827741CB27E89543857D6D96BF9A47C6A9A26057840332EB843717AAD171880217B71FCCC0355AED3D4819911F79D0EA8AD6DA31A83E36C5DC2D470295C011302
311
387069158F6C9966022367ECF1D00BA9BB95C389AE7B6105A1FB640689033A7FCCFFEDB762189103A61C3A4FEFE0D6A6B5A19EC5755A443AE78BC5E9235B047890A65919A0D2F96AA3C01CEE913BB3ED239C3E0CD8DDAB99E4348BF3F8B977B6C43DEBEFBD7721A839A63B94C06A10DB87FCBFA3C2932F8C26F88B6D6BB30C
311
3C4E09AFE40FAB52EFAA1EC0316920E031A46D65A0FFE45A673432E907FBCF86717AC04F2CD0EF512D665FF53F05BFCDC43489F150890C60A8E0314E70A06F619D30D841189CA15D3417F3CD50191AE4396543F0C42BCFD696C58DF163F5B46D708BD5FDDA5E5E5FDF9401BC4F7E00E8A17520833D1CBFF495B5D1CE037C66
311
4123EEE74737268B5D1D3DBFDA6AAD8C08DF2C0BC7A737E10AAB2A7B958990CEBF556CDBEE823CB09FB344143463C630CFFF585D330CF0320E921744A7918280FEEF981161008E9FBC78C830217A07B7D6985E83F9A79884ABB5AB383B4D7D788F9FB3D867A2112A43F19042B33A108690CF6F472F8661CFAC971478757F6E
311
6F2F7AEB82FEA85E5715941778B278281F28C268AB24BDB470EF3303E09C359E9DF1CF990D8A096106E6A66C8620DDE7D281DF0B2831F20439A30D68386CE13E002F7EDA8D7806162B205D6A19AA1FABFD6B1B400EC2BFFDD66FDF7E8755B4883C043F43046C1326136680404F1F934EBDDFDD39CB58A98DF1BD7880E0532E
311
671FA1435E9D6EA5E9071000BE8F262E7C4044FD95D5FD526EB40A05A634775F32205C3D779FDC168CD5E56BF982508BF572BDA4F6F57D3304BE9EB18149461B12F760D7485891CA47CFC44909136FBF4931716A2E100123FC6CCAA6A644F25EDF4AC980B14039009BECE8B798BF69A05DC5B6885CD23F8E13A46FF0C0A986
311
D617F001C52241801E87C2974C31411DA3A5D7B6175472763D637D3E57C33B908F867F4A59CFCA7923375E5F027A983E18BD7BD4E6FDDBB2250C1529F4202EFAAF979DFFB1F2612E87EBEFEC58581EDB9AA95AD1D7C1905F7305BF8182D5BBB524D47C4E3B81CD843220DE1E6536497C0962C225F75A2D6A998303B23FC501
311
F0B3F736EE1FF01200FC8C99F5515207C9C40081DF304C0A17D06E26CCBC5B3C47459308178301FA8057C2C0AE9D99B05F038828B08400F2E3251254DD7EB8BC4853B101F99AB48E387457C96951E5DB670648BAB70A7B04FE93EEC5F5B183F9739C98952C6845C380D401B8FC86E70A20744EC720E09D35955D96A9041720
311
196D183AC2CFE6AEA816652D0234883D788BEC8F5DF2615261DB031C2381092401B48D8D2D870FECEA9C3D99DDB036C8A051058030E32190976718C89F031DFBFF2EEA3D88606A8A19BD0AE305BDFD12BA4FF46F1A0002B07137989C748936E9DB2C91F43B07E4E4D16C3779CF5A4FFE8CC981F07C29E34B7C012AF0054FAE
311
A4A6A3D49D3A16D2B3CF220A029003366663053C89B3FB1827080DEC2780076FBFFD8E39810CB0593CC68B5D9009F2D400418028B0BC6CC74067E7C9CC0C2690FBB084AA5254A12AF63543B35EB40D17B693F7E3464D5094C00AA9E04E0E0524F5C35C5EC6BA94B21AAF2440725E2A9FF94FE7A8F0E769EB83FDEB039B631B
311
18BF396F5C13CF89ACC02C387DA56DC3B1CD84B96CFAAA37B55FE723B611062258257D331F186AC93D8AD600B4FEF4AD777E4BF68F2168FF08C081A37AC13446C859964803961928476D78F68419390D830C1935B5C2A0A22A3AB17D3D6428BF12DC373B8D464E04C0A496BB3B3B75639DCC2500E0F0B15FB6F47B5A7ED018
311
3A87CAE8D535F2EDBD4B3B7FC762DFE65A07C30B2851DB890082ADC07131EEEFA3DB7DD5CD32C0860CA83CD4B7993A175F422A8149B1C1D94C1145059D9C78A8A572A90B7C8B1E3392FF77A80C50220880FF3669004E90F101740D2B808181455A044904674E7482CC3EC85C4BCE339404C0B0BF6A5611E4F9B8157BAB6DE3
311
27EC9BFBA1B4557ECB609C1F45326499EFB90EE78F18227F09E563C9E63D847EDB3B68EB9C39E95AC4F7ADCF7D87F6752BB6912040281E4A0D8A8314E80D60470999B8A51FB1488A66A9F3F81FFA61C83F4FA6969E472288FADFD61B005E0EA4284822E018911828E868614DA0C36E11F3A051070BF2F0840E35F200E2C0C8
311
0A776CC9E7E6841C0503D0EDF15ED9AFE527E798D23BEE5F0604E58DFB7099D739BF0BA5D332EF29F1535995BDBD0DE681C4F71DFE6A7AC5A13554AE6910963E9ABC9A0DB5B202225545F5CFACC942B5B93C207352B6E5310BF349AF200175D7DFDF78F6D683B7C87E087FA9B35812C4F8F13452CED610A2207541E6D659A7
311
39441F3833CD0C9C3C3DC2B0712F62333C4FA9327C9CA1124904B4FDE0FE21C119776CB0C212AAFBA5CAF80EB43772ADFE77CD9FA8A4144C54C2FB2304C65F62FC3678E4F6C68F30FEE1BE8383CE7DB86F58B1AE0C51F0F055E188D02F00911DDB0991832228B3172B3E623E513FF1734FF414A611A603163F401BEA790FC9
311
FF7FC3FD3DB02DC00184145B850D01D120424DC03C00FCEB7880EEEE939399F1F18DBD4AA54C939899304D913CC2D5CFBC55E50C7FBE4C0E14AEEF53D6843DFF56BE2D554637EA047D3C210E2C61077875FB5B40E19F43AB7470CAFE1C0D3ED3B3B4778D1DF6D4F837C08747180FE8394F2CA1E0A46B6DA62CE2B2DABEDE0B
311
1924098580FC16B369730E9E90541D3730D47FDE16EE1FFAD3419CDA05ED1F2715C607F2E81893AFC5936303F40EB776F1D808BDE393A3FA401E1C706E154C892860AD74A2949C409E28A8FB3349C764D13E4D1D3468952B7B1B35001BF41142CAD58D6011C8B78961EACAB66E9AFBC627673B61FFDA4167950A274145BF11
311
EA17BA9AA60815C2C43AE1F648E3772E53C94E6364AF826019E723069A8AA353A3BF7FB5359281700061FF64C28C10B9AF0B70B0B0D30A31CD1CFD22F68C76DA1E44558869257892363C091D313EFA46B57C3BEB252E9C6BF5B4799EC58F1910F469E25AA17B343799DB3E33CF410061F96C6D63FA91B1000CEBB7D2971BDD
311
39A2A76361E000F5DBC1688D47CB812DD60F8001AF25B328D173A9E4BAC18CE9F1F628704330741B2649B92E9714447C68559C6CD2F681919367E4811100750058809D0230C087A89FF3C80C23C4C60882E481F48D531764BABD5CCECA308DE2F63D3BB50373D630796126803C2D1FBAC148F7592881B395ED7D26B7DD38D7
311
096AF98841CB37592561D9C6565317AFBE9FC4AF7371E060736C7635E0CBA1809FC80F544DBAA1F2F9393D970D44C0615A0C6930E758B9E63AE690F73045F0C8C0731DE9CD80F718E94652383458799E02C06D328010011C7090D8C5E5336A83D4059953877EA1E1D66FBE994F04608C4C991917230FB61F9AEE183A40AB91
311
08D032449FD1A7283DD25ED15360EF7EA9303EDDC0043403531EDEAB10DFF87F5E2FD56DF0F1B701A9F614DB17FA0E0EDF6FD0B1622A81FA3D1DE5A33F551930335C353A87F9AB05C60455193448246944A232C5D07636D864CDD7A50D0B4440CDCC465D1C418321F50E1648D500294065D869559EF3C40C8FCC6C323E989A
311
D0F0C73142480B200842802C061008B480A9954AF282052B3AF67350FD0DD30D1F4075AC303A5D490250F5400ACF479656861E4C77AFF327F3EBECA4B57B6B6C8FF62602BF150744656A87DABD7BC6BED50527B2120C001A0B3718C74F0C65CD34F275164D7968148DDF259AB8AD6CA81CDA4E8819509B996A7F642D987A40
311
1A2B04018C01E6C169A8700F9DE3B489DB2BC49C9B7B858A4F50D22AE15428FCA4A1EDB20C83492690CFE361CC7F8C8066FFD0D77AEE797977F468A36E0B0DFC87F90EE6348BC748F7CB73B5B9DD5C6EE7AB19ADBF6DF359F1DC2A0F9E44F213F8041F64274C0859A2AB7C37440FEDDD2F95BE44065F22067E3EA0CC3BD8C0
311
D8194EAB291CCEE20B9CD8E02950AD806080047A279F19024C837C848816719AC4A34DF8F0706CED904E8185753A458A27E4C1E37B5F30A104932BE140E0BF4E400160F320B054A8705042FFC47B4940810173F9C9E97240C7FCC3F3813EA239B745DE9F1B1F3FC2F9330374DBD1A7B475923F9A2ED81716D18D1B577DAAB9
311
D1A0458655AD3CA7E211867AE7C702DCACCD291E0F798013DC01BC326087775C0833E04EA3778FBCB8DA4687A0255CA0AD210C15661E4E92001A4449031D1DD27D327334BE830B64DAD90CBF537A45FBD4E94A7A88888E715B7E74FCD040E818BDC1BF5AC609CCCC015DED23877080FCDC47BD8EF3A7B783A17D33F3ADEB6D
311
6BC7AD75EA7C7852C5B6FDADA6AFEFC2D181C03F8C40DD8A4AB5024F0B72E34B57BC1182472DC80946789AFB711DB7F1193C03C893B0345F420246114D3EA71D04FBA731C0DAB0D3CD311B218F0D5A15ECC105D02F3AC32F13600084731A83220040019B03180634B5923D438300B05BAC80881F061095FED5D572A3323ABD
311
83F1D37A2301A8C930AB3F66ADF7CBEFED30BAAD7D78A06DEB6A87F15491F5AB7E25842B6B34BEFC12C8A159F187C64B3CBD2356DE5FBAB98BBE9583F0E3280C0076DA15BF34C15238145742B07080B1EFB83382F9FEF2239D003541041083C5AF9EF3C8944DC2030BC3ADEDDD9D27475800693049E05413BFB3FEB4308731
311
512F13400D06F813368A0101D8D863EB3E75FCCADED124F532AD3F123F131AB46A93DF1ECE7F96CE9EB6C365C6D6A07EEC461FC919FE288AF7AE1A7D012D291EB073735FF26BBB1C99FB706E972192819B7A34BF22424BEA1CC7958AC2E04BFC8E02DB90A4A1DD04811ACDBC181037864672C78F6C0EC3073A40CC49D5E813
311
593B7002763BC6A909D31AC86F3F6E335C9E1C309BC58F16418642E2AF6B290A34FEDC0CFEE08FCA0F56700699CB73B9C99302AA17BD516D7F1FD755A2B32B3FBE7134D3BEC813195BD355020A7DBB541539CD2C06E45F46FC0EE08293E6C0E1972176D9B678340AA1A4823404EF79B1E2347E47C35D0A2260730E0B513025
311
DC0BD1C07E3366E9B9D17F767405FB531070700035618606F0B40C73C974CFD321B0C174A80C0F3AA54945FFEF348F5488895713E89B5C98DA501E06D8D24FF04FF0CD7ECD7BAA755A854EC6A180AD13BE094E8D5D63BFD6DFA5F5D3E4DB1BA18FD8473DC6E17FFC9832B71A2A94D96E808BB53F9192955D62C82E282B0516
311
8AA0927D54AB20A20A74800B7CC9655C8B15F62377CA4C91641F9F4D0478F4FEFDCE273A002CC0A725EC165CE3A149F0333E8E9600B2C05A7D15FD831F0938DBE5D0FF13E3C0F0765965A0961C3FA86DEEB0E28304747BFBA5FCDEE44C23544F7BB7BF7A132DDE34F99E44EC3FEEAE92F667A10F7E90B0E8C6442DF5A5318B
311
0F816311DB2E6DC6F172C363FC800EE09186BB9EC82A24C0117700CD884AA42023B81EA6E0CF8B3056411110D78606EBC5AD5417B45BCC8E61EA01C4006AC233933E35D860BC1B6CB9C9CCCE7840D2E0C1C1FFC11CCE54D59300F2B47D66A10F09D8E24B71B9BDDF98FB62A3B897C53EC88D16D1FFE8C649B17BB8E760EB20
311
B784F52F992544753F2CBF642CD3C9C70D8722C197142C567E74FB431EE248A8F3FC00377F5142144A82FFC28AC2970A780C85A7EE9146FA4B2981F3C93BCB0F3FBCB6DD3DE69C72B6073B99140DE28B8E919D9D9E7C2F5FA99FC1FFD07E9AC0965CDAEA0A945FADE52C791EA989E8E7A21A355FB37E44405D171B98A6E946
311
DB26AE71DBD01FEF07FD378F5B4B518724481820890E7486E3FCE61A60E096D577701890EE07CA5D7F2B086040749FCEF3F81972E510A86359C9BB579883035887542090614E5C4461705D7CA1CF84DB564838606CF1597E8119790D021080C935A908324EDE9F60A04B7830A33F0670CB08605B8D01BF9A3D435693FAB4FD
311
84EF6754930640C1F9D74B052A7ABBA9F502B39DA3BF6BC7514EA4BEC71D752BFDC198EDA8DFE8F32B3EF811E4576B0A2074B99B070A069F60173E7427BDF285024E35A4418B7A412914F2800F1965C4F1120A2D5D2C64400563D5942044807BE7C738EBF3034C4A6F4D70C04ED1F97673C039FABC4CFF18866E08200BB66B
311
DC9CCDCC3FFD1E43BEFC52C317F0F5E64900FBFCDA4DEE68768FFF46350E0EDADB7B34DBBEDE3776BC55599AF84E312229F931E700D04478D66A0D88D09B2276141AF0F8811C5F8067DC04C0F90929F7F1AC9CCD368488AFB965C97B855A3E2E93AE5B4866502E55991B82D4388614F2C36B8484A5FA06E3EFFA984A6AF17D
311
5C2073299D9F12FD63826F67FC460E54030981684E9FBFC22009A3006962285FDF4FC84B699FB5BEF3736C6072F6844C15EDF25883037DE6BB7AFAD6AE164B367812FA8CFCA6FA25725D99AEC5C6EDEEC64ADDA2BE0056002032E1D7A20A54CF444E360D520A5B69816C0A953CE0434A8A898BF18E2B704588C01BDB213334
311
2F5404FEE698957C200EF54E31BE6DF4E888C9C67F5F3F1B41F922777E7FA6332677C20098C59F762F5DFE4A23F9801A3BB6F8A4F66E0D40EC867E92DEFCE84C714FC7CE8DD3DD3BDBF9C781B1C3B549FAD2C89D711808CAB100E09700BB85240374A7209212F320CA577222A7020E7824500179FC7096C714884BDFD9499E
311
027ABEB3CB0226CD293CAE6E0C41A6788F396606A073E28CBE5CC67D584D36CA39D37974FE1023253E3FFB007A26F657FFC901D851130DDC2BF54884F20D5D40A0B7E5C7BCC7CC87B84F2ED820192CCE1AABA1FF24ADBE1D03635B5B3B53D4A5F84120125FADC36A0E792D3AD7E255792CD5241A4C84171F1104090017DA49
311
3D0A7790A7BDE6DF326180398E4B0DEADA5C2763825E43E05C388E184678C88CE6422606C017F030366981353DF03A753DBF6370879F79889DD0BF75408724DB53C5B0063AB6568D02DC47AE4627B58D7E367A6000267E7840C23A0940B992DB98ED1C4731B4FB4DCFB6D3EAFB6CAC7646F0335C5031888CD74E2103380260
311
AD47176D703960230370FBBF28813524C17FFFBD6288BB28E4F905ADB4A788B40B4A6201C1878BED224DE9906C4C79EF32EE679B9F5D3B5DFA137327320643909A823F62106CB8F9BFE4BFEAFF0FC7A6393EC7F64A698EFF8ACE31BA05ECE6DAB6DF124118D1D13F892F3D3530602E3F3ED3D59DFB821ECFA3D9AE85B1ADAB
311
9E328DE738BF55D5DFD039445AE76D0194180F57B15BEE5F09C07F952F9A10372BC894CF7DA12CF6507E2A8916E0DF430C519485C55D61EFE209912D8C32866214E121611E22A0B1238DB18E86636A3BFAFD5B4EE02FF1E505F902BDF424D0516907BFC95EF3A76B6B3872769D67E25B548F0DA46E2B93DFDFD5F2B9E9EEE1
311
EE1DCC7FBE6380DFBF38A165CAC73DF912AD76A4690D2B766A3EB4AFA2D05BE543EA20B095FB17AE3F1928D84482049B659E671A4763CFA567C08824913D37F2F92F841FC244085C1681225C04AD6DE1684831682CE0D6096B56101C0D4FB3A1BD3F11FC1105AECF5660BD3FEEDF162B0D9DEC6DB55AF27FC98050BDDEDFF6
311
3ED14B01336053A19DE9AEF5F5D9E9D9F9E19ECDADCD497BCC57681922F327EB41FF681E17C1921B04FBAE371AC69E53F98183E91B84897A5DB164158BD1D12FF6F6BEF0E02847727BF2628F9FD48B6FB11DF6928C868B29590A0606F92140D0C08850DAA7DD8A5FE8A50389F61288AEB743E9C801BB67DBE0A7F64F63BC87
311
770FDF57AA73FE1F5A84F8DD3AADDFC32087FBC0A7D645C327B97D65E7A8BBA76DFD9BCEE1B1CDE3F5F7CE4E6DF4013ECD7CB60BD1239E8A4E9A5722AD9C4FAC8F7FF17B214AF8801950430639A08E3ABD05A0D94E253BD5951C885B0CE750309070555FF21F2EF83FF53F4E15038B8D8A244740A5C9CBC120043DA0B323FB
311
1DA0A4EDA268C05A304619505000BE10415DE898809DB6B66896E60AE347ED3D6DC707CB7D5B5BC374A158EDC343D0EA61C217D4878CBBDC1D85686782C3CF4272E7DCFB5E9EF628F5A95AC1AC0C6848F5771329EF8DF2BB79EFEDEC8DBEC72EB7F245287FD4B31008AB38EA4D52F2BF57167159E3004CD8950E217DDD6F69
311
9FC763E9D1A0AECC701F7BD4430A3E030374066938F883C01DE40E7DAFD609345E33570F4CE6BE467FBD7F793B5AF2A9D331D86DBA7BF98067918F9FCDD609A0384B523F4413B574B818C6889FAEFC5E7B8F90CEFD62BC2C85B2478D54DD076635BE434FCADE68B3ECF1C8708E27863DBEC352D87BCC7A92A8E135700CDE65
311
BC114026DE5DB68275E656D2C0D4087293D43BB4C9C14EA83C0D806783B40DD7CD4F19EE9F33801F55A3F1FD600017A6CD5DE607783D5F74E34680E7DAB98D99F6E5B5ABC7F7DF19D8278322F6A97FDB2FADE1539BD945DDF868EE2B8B70D9EDAA45D1BB0A5801198CF1DA891540474745BF0317F8A3703E02510AE94B0842
311
21F887FE950272D62D4232781054A87C58D015CD45EBF9B70E60820A2056E9D4D619E8494BBFA68B61EBDD8CF52CCBA124BACD4A4077E8420A7F36FCDAF661E577B792A7E1B7E337C7CF1FDEBB3B49F501F3C7366C1730E793F51FA20A9C3D2E9F18E63DC277449054CEADA36DA0807467D45F8A744E1BDED725A033868703
311
F1392BBE221158220588F30574A0B0893D0515B0B7C404AD0E7F40C11D504C49BD7DA39A85A19CD7357DFC966E5D92272FF06D59CA5A6A1C8AE30E52F1247C1F1D78F81887F9F3E387075B170F9F5EEE4A7F5BFC69DF02FD8795FCFFAB472E7C88D563DA514861B85BD41594A75F5E866BE69471110A9F75C8609C7E6BF6C7
311
C727431EE3E9E3773D2378C25226E82C08104A57ED273FE0921D6990E02B006BD038263BA360355E8DC446A380F0BA35FA9945A80CF60DFD54054202F91897C241C147D59F8E0FC67CD0F2BF377A3463F8BBBABCFBD6833C57E214AC3F5AE9C2FDE88852968F20337972C7E04EE5658223008AE82D93BC37D8DDD900BD6B16
311
EF221F0D4149045D740A8A215D4FC186C658E01994B8CCD317465828704BB630DA2243B3B4ADD3EA554A97408454148C04A1A0CAAC2E04033C04073851F54380E0BF2DFFA43FAD3D6B574F2E1E5EF6E5F4FEFBD1CA87C161FCBCF5C7AAE2F726F814027BAE10F79BC3D765D61D1803952210A9AA07F8C6BB2105B61145B324
311
F96014EF223D4A9261080239F03FF6F4DD4975C183B887E081F7A467A25EAA0C94028FEB808637768B07400A8235D4EF33143253198900E079E3FACB0C59B00F827A5785A6FFE2FCF0C0E6F1714F11CDE5140D931D707950631F3DE877F300002000494441540ADFB08704E252AADE1BD4E8DF55796A32B9B6F17737C67702
311
E5C638682737286CB0E0A89B624D5BF28222432848C9AB8C07170C97B814FF492A61072407D638006F7C8400860444C01B1930A522788045633DFA9507267A3A42BA05925BAD705CDD3792FA23C1075C6EE768A673919EB6C3FCFE7629B7310AA794CC9C0D14A1FB88F95C845BF22543F57996E0B26C9E4C2ADF187F979F8A
311
55F11B47BC26594C52588518D25E6C2B1CCED231EA1B748F093E5726A21A54C91EF95789041030C20FD5AD68613432E19A4D0DA2505B6BD843516E10BB00AF9AC315EE9FDB39CC1F9EA59CD88F9CD071D470C86C4647FDEDDBB1CDAB81DA94034747A779F4CED497CFF817348F69F52E55490840E48840BA72DB71F3E84F6D
311
A2F4717AA928F153DA6E4C7E8E00363CEC9A2E1C8E65F298FC4A52F087FCDEE5CBA38A80CBE11FF7BC2AFF249203FFAB77A128A001B1987BD334AD9B901890A8C2005B6B248196AD09C0025ED841325B31845032E327C531C839E66DBAB39566B631C2FF0A1DA5A3CC47E665AD8751B47CFE33899DF047C9F3C365E3B11278
311
D49DF939298E09002F6430F9958803309827A7C791048CA070061B7E9A64C557D235F83EE24822E5EAB805F9862F20FC58F483DC0EF02181F572930205107E00E523861895A2811309808F2B6C14B2AA579E893753C155D2F54302007E9FF36AC5FEDBCAD47E182D91A73920CFA5C18E01F8FFF4C3F1FF553BCAD0E58DEF85
311
DD63B91BE38ECE1A9FFC4AD4A1FBA30D462C328C5A0340DFD393D3D3D3C0659195C96990F391EFF4175213BC74C020922D4830FE215E76940962BC0713A3B82784C0CB6623DC40D6E1485BAD454F6892200B225096127FBD82D2B12006BAE2E329C771E25FEBC0DAB3B5395289D56D7A8A89081B34EE06F80F819EFE75C67D
311
EEE95D227E283FE98A7B9F1C97D2D05B4D07A469153C3DA3048EA68FA667A6D90E291C7D7E2D063E4D044964D055F2DBF3E31BB851AE9F78A0A7314F0AD24901F581D74A6929142039C65AF5830D1C809536CDC05E4BA51038F79D713DA930CF18BA3010E385351CF47F74D439BCBC793556A1F99814926AF12835E251C59B
311
EA3C083EC2B2760FEBDF4304C9EB87B35769E1EB24B648542CFA4EBA9EF93CD42F03C08F249A2C98897D8E2225E90077823F4A52171A61219998CED6FA050992B6B0A74A2220ED12123004FB977084208F8E2AFC80F456CB110BCA647A3A0F854085D84FE0052BE31FFE7F925610BAFEC06FC33F9931BF063F39DB3D1BB20E
311
E357F594045F4226131578582CB055A59A073AE0413989D215019B6EB8A21CF154D71164E0D8F4E730C2CD382D098DA5261456A425643686BC8301710F2C50665881399156AA2B4C3191BC555728384800CE10040F746A3D8A80A5F0E500A93456FEC52833BBB45203DACCA37FE1D3EE4B9BF0EC27ED47D89B8266F11EA2DB
311
8B5A8BB93EAEDF0C06B7AD0402B9EAC6E787365535AF19F15158308A9D9785C1BC1C01377F8C6B4D07B50DAD25649764A91DC9812C7B34CA98184084F7C01055466B48058CD44085AF26648520C85C41C67805462D8425680425559F4440F3ABBE1F3F81B1EC72708767DDC8FFB6465796C8FE310FEABE0C9B242A74137EC3
311
E0427091967023299BE5D6D4D0C6D15747DC2AEA4ECC57C72856E827D33CBD319D70FF854369EB841282F84B7CA4881447ACFCB257E252E00FBB3272120A75B99119840858486615636E0E0334031AAA8C08A62E080053A0AAA4158431EC727A084021D41CF5D630C94184F6FE7432E8F5F9A4FCDF3EA7CF136FC2988093F9
311
8ED622E38E4976E1BF0CF49D2889E6DF3566719FE1F9B47A2D3BF89C69155DCF24F88C609EE551160F0415900B4C48FB013D8900A9192A700748002924771A3686A0A580FE4009E00ACC090253E280B90AC15048E047020483A038A60ED232831F2CC90498648690D960C48E439F18F4DDBEB0B6F5AC7B7B89F6230243B4FA
311
160A7B9327F3AD5D937C8BFFE5FF8B3A5E64283BEF8EAB9F71159514CFED62DBC880614AA1F7994CCFAE7D8C87057F451733699B8DF87056E1F0654B5021E38097E4E23221B810DE20559AD183A61C2C88A648DB096081E9801CA00BC1DA0124E08DAAC15FD2936905CA8DA1C40E42B13F1764E0C4015EAD7F8BFEC99A310B
311
1B7C0BCC7746D3C0702759C89EAD57122092122D1F857067684A578F1DAB7EAC400841F493A468113282FFE42316CC74C756B1C880FE78795C692813CF4644480EE9B02991BCA257A71861F00666D9410288487618D120D0E80D7773E2B7DD180E100EC98B221C94BFC4FF531A09B986230F1CD08378A8E4D0FDD7D9B1BC75
311
F5C12EAD7FF83F3ED19EB018620303C217A6A35D826E72ABF2D8E2BB1B783F6E48D2E3F360806E1D192085D022103473A10375B63853EC54F500B5B064DBC20945B88160DCF7E4F83A0200BF6FAEAC88E9F54D22D898E43F378D20B51B5D6B1457000922202800DD401A9266483029C0D6D57ED80D42A0E6E08835F0F3AC73
311
D7FAE6D56185F04FC44472B854EB7D9CBF7134DF3DDC35A9F6B38417DD6F508B37C1A718B0D054124176F7222F62DFB327F34D451799D56216880193254FF782D7DDE26C271BF38C6E422E271CE4AB8823C9510F021126A7A944E00DB4031D013C88EA0746C96D4574069BD5439C4110403B40020C30B07A604F1E41D19C21
311
A93FD9002DFC35F23B1E7B98E95E38387E3603FE7393680410D702FF9ED5A3C5E5CE68B5827D721FA78F3A9A0C08A79722D9C9B418F46C0057BB1640C70AA4A03D29CECF33987596D53CFB27B32C3BE304C540E14BF8464E080918268D254838C91A01F0FFB99154FD8A9C0495EAA6534A6C464440B4A71E16100E74050881
311
22A35F7A511DC003D002E6C8E7E15F6D1D2FD09014139EC11FDC89394621F77B9F88EB5A583C41E2FEDBC8F82334494C0BFA97FF3C3A34ADE60385B60E5A30CF036E5E75370BE3B83AE73B3B7DC0BB337DA0045299ED0C66681E4AE223D01B1BC3BD4C921E2005FEB5114739040758189BA8A320067B62A3995E4720055065
311
AC2B4A8006BF8CFCC907C0063EACE41813C5F017065AD46CFDC6FF1BFEE052932CA3478C8E5A6F25DC8503D40F61FC1B047E4DFFE8E84407C81F1AC7B5C79DA358551CD0D13785A9AEB38D6EB68A0A8087FC6543E7471082873CDCE5CBEA1EFC5CC0579469E225428E9A43D6A6000B4219DE52E8DF00A55F4BF5035960661C
311
2DB88AC1F67C2890A93FC420193C8326409E7B595FBBBA9AE1D1511B3F6D65B09AC10A71C2317201A603E88C56CC68C91279E83F5C147787EFE6C675F00941D23EF092920330982DF38C65EDFCA89DA98E8ADDECCD77CB86D85118F3DD9884820B1128010D02F1060F582871CC8FF42024C02239273A1CC3BF71E770DFB7E9
311
6081682803188118B50310BD620234F230B12711B063E0F0490FCDA9248B580D3D3DE944A30CFCF2A1E0F6E59E8FBEA289CCCC943785BB8880ADA9C2FD70F6A13F5418444E3A669273C006C4B4EEEC067827539FFBEA9CFF04D84E7F170480037005AAC8829084329899F90B5E013927F8E646514B4824B01D11F72C012CEA
311
CD163B6358A4454A4221D06E68A71062520649BF9E9127D0772D6E5EADED52FF216BC2FC513C7D3C5CC4C8AF009811826AE20203B076A2AA66D8D32E317DEE0EFC000FCE16D9E0BEB17C74AB009256C5D8AD1CBABBDA61402612C675FBD72D07E633B1A42F2421208CE01397560811204306617A5141706105C9F4984C459F
311
2D0F6C392FA05BED808512B0B9A8A9FC6CED89640EA347D31F0DF76D3D9E61E800FE9F7601BE4C9614A1C58E6C839F13A12D0EB426DE6386B82369A9E6A7F1F9146EB578A2EF4289AA109B4F6CEFEC0463E0072A05CC9DEDEDFE08407B173B8AA65399C80B2911252E6290C82CC1B8909140C11B7AE161B42B93905045D017
311
E00CED6D27AAA15F2C2179F1E83D411A7020B9408D202381E7E5DEE5A9E7E5CDE3B186433F488AC81554BEC09BC579018ADD1DCB3D9D70F02B14BF9159A4DA376225FE43DA224FED327941705DA582B2FD1BB5DC0540667B650BECDD1D5DDFB0C7F36DEE2B94F6EE2EE4E426F20A1174C31DF153321A24114C4FFF25E50547
311
5F6906D4149B21F1BD9D9DF7B059F8E0FD83323CB97991FE80EE131A9003B81C491B218B1D42C0C0D593D9D548003839DC29A740298B0C23F0CE14BB167BD61989AEF0B985C8FAC8F923A73F31953989F0F6C96CA6C4D0A9A88184BEDBBBDA3BBADE77CD8E2FFEDEEF46184A86671D7DDC51417477BE9F04804F305AC82C2D
311
018A21EA903866A0F959FBD4139916D036635EE03DDB7408BCF0627A03027AD314C09B0A27F0A79490D53839D0DAF1416995CAB24101FA63F75029D57A4CBBA9FB4D120ADB17FB5A999FC9420DFE04FA670430B90FE7F589F7FE8D50A4B5F004CE5F07EB4EA007F8AEAE8E8EF7DB3BE2F81F42166C7246FA9E62D02C8209BA
311
1024414C483498B50229FD923F2414040B2081390AAC353B5283EADA12A30B1080866D746B9ABF5BC107F33C2A015B275480759334B83AB02175EFD0DEC785DFC505E0064F4EBA5A97073A74C5C9FEC97BD25D819E28AEE661FD2732B8BBFB1BF13441B3C1F45E8AC1752BBF80C113DE960E0AC7D9D02C58C80505A19BA0E8
311
4B14402601A590A4AE00A825E98C3212342302EE10FC5100681F86834A2804BC409D70270A2091DCE874B16BE0706C974EB3D26EFEDFFCA6C4579AA4DB781708469F055532A7046C6BEB0CF39F3ED2EC4FBCA3D00EA91CA68FD2B87B5C191E0EB2C300F00A1C9881F263571C6CFD83D079D09F176FAD839340CF030F70458F
311
81F09AEE1329505150CA0A00576B56C06D58070B23086F685E44232D9D53DE3FC3731044F286D19F459351863F749F1104198D6E14BBC68E17CAE70D7AFD958E350BEBBC70C9C4DFBA075240DA27D40AD7DB063A097DD3F041EDB3E4B682A7A12A548F3393DB01945547175879989302521EEB1431B08759B632B174E0F700
311
E774FCA1BB83F95029ED1A084288C8893520E49415E00DA080AE8027C34206D35491D050A4C6B080F6A20889A2FF82379AB6234F6710C05F9080ADF002B9C9F9C583AB220F45D618D7E7F7547FB27CED8A8B7A7D24EDA4988B0C1C2A1AFB53FDC61BF3DE50D63C560F0120B0372F0839DDDAF13E583B868717C1CB8CC71D1D
311
7F440CC82184803144196EFD58BBE00B7EE77DE8C015942357FB06FC906A5E2B8882CCF9FFE184B0035A5CF186A962A63F84B3AAEE3D5A2C830008807568B6A9F424086D2095A3E262DBF124350082C4B5DF4704A9D2C93553DE47BD6766B69349610716999FA25854F759CA9792599D3837ACF6247CE8597B0F960FA3EC45
311
B61715050260C5844FCCFEC9666BC71F875B17E3BCB4CB151405D7D08F846B4CB952248B4603CC402B609E90F0044A007FA800EC46D07A51232B00E5683C55D5096E1374DA4FCBBDE2C25A5B8D26008227CA7758033D7D70DF12CAF7F247939F93F1CC63047D63ADA0B7CC8771B234D8095FCDB577B586D1834062035670E2
311
04B245EC093FCBE15626C10D210CB38A13F50E10A0D5C0814B0C4B30AA9858516001669002229618F100767AA3D6D2528595FE7A398C2D2300ED0013A0AE60B91644A057327BD3C36BEBF48C91279B45F8BD145494674AFB211A91977CB838DF35DCB3D6D6AA2FB2784B591ED785DFD7DB77747DAC9D2F7674810EFC2895F9
311
ED8007EC7885101679C06F21E4B1C8A6120956F80518D1DAF1717BEBFB5803E20C6F2A11B2E48AFF4AD2810A70054623E341B3D1ACD92DA91150DE631EEB2C28882D092049C0DD38E262A7BD6F98549930C9D44B7C37028AEA9F8C5628A2BEF5704C0DCB2B428181B1BE766F43014498D2E57791E4C8DA6BD2ABF5003F0C40
311
202E2E32EDFB02852D16C30B7F646B98FDF86C7891690043128B0A0DE6B4EA27F08C30CA34C9D0AA0852A5997F8D11A6EE84E040B20472020256F4AFEBBB74E6705A12083B249089218E6452C8E5A69717E904A3F5EF3D5D08EC1F4D4E85086B238CFFC11AB9AE972CB775616C6D1DE04DDF073B4DE3747C41FBAE6072901C
311
AD0237100670C5A00C2C3CE063610ED824826C1F6650700E88C00B62468903A0D71D3A390255AD7040048348C56C4647413C2C2561216E0C469203EF06A5B101AD40D0E207F78B124747DB5B4BBB4E88B1C373C114E0470B345156EDDBCE1B4DBDF81DBC400746B0B54E05F693707B89A5E430982C2AC7D10DFF11D5B102B9
311
505034B35D07E8E5F585757F088B390F2D4C85CF7218E8418BB4F25B885053D07D5A908326809F31D6CC6B77CC948413B28664484439D118DBAC27DB5AC40C1AD166F25E6A2F0AE82100C0BF220405323E1FF80DFC518CACA8DE1003F3C9FAE9C7B2D60703A0004F8EAEAD2DE0F5485452D15B77B4B67F4C2403B8D8F9C533
311
558ADE058A9E177A1698F75DC0EB4C800F74C0270178C8579C1FACD025F0560844502D2BBC01E620030CB93636C1041636A693949CD80139FD15BE107F905590A292840F8860706D07E2970A2F15E5B13B87C3143CB2930374CC46A6F9B9D7A5CCCC14E11B9E879A49FBE27ADBD6DA82410FBB94FAA8487D61B51F4BE0A03F
311
D08743C31020D6628ED20305A22C2C2FAFA7ED1E7881C438AA5B9035F20759E243C51F34D0D5F02F11403B9E204CC1686C0B6C9000470561519CBE1B0E4FBEAB37A39EE4B84C05F023858779341991F36D9D9F351E7BB3B5ADF00148D9D05784F9AD8B037D48C01BFA83D4247F03BB768BEEF973A14E610090D4B96B1EEC5C
311
5E66928F28EBEB6CF578B067DD83086081579848E60DFC7684044D8174993C39F886043481F6A2B743B18749E52447CD4D230513032D20D20206E536E15BCF7B7D211634F98FF9986287F33F9A94615A5A0A7CACF8DF5DCC1AC6EF9AF1945EB78E0A2FED1DA2ACC00EF983F9A012260BD722EF61C9DBCDD8719703ECF83902
311
9010CA0B9F100B1D2842153E01A1A3837AB579516A31982FD2908A09100DAE591016CBCD4B011A2F4DE299E1338CE065DC4841BF9895D8C81714800CD08F5AD39601BC929B55D291F6CDCEF2AB40DD5D98F4E6F107C47AEE4A09A079C05316F479DAF4C2BAB83221BCC0CE23FE3D3D4C7BC9AB673D89A3677D6020F6E18233
311
2028012FA0FBE0B2668FB85485902A8E7FA0BA2105C213E20BC2169211A4BABA7D693C3F1DA961F203694853137073AD5CD25F1C017DE0477626D7BA55B88F83B5EE513C41D814639FD1BF759171F4577D3CAB0C3DFF68B2D3B1F8478C18F67BEBB2598FA76A4545E9E961BACF657E0791D2373030E0EC9FAEDD17BEA7703A
311
738185D08236C407448A4CB504CBF01FF43859D3115488EA01B55078000DF085911805790DE1B41B6F8CB2889C3834FE02AFE07D85143C6C008438A944EA63E047023A7EF37E13B0903AFEA7BBAB9579330FAFDAACD540022980B65A75FBA17D388F1E6576405CCE7032D95BDA420E7DC0EFA320879E5F8B3B04C1D2D9C111
311
4210C19FCC49DC6A855E12010184DB8968109ED016E4683CD552A36B3AFA13BFC2114068935A7E774CD2C7225642B73325938052D8634ABC18DC9442BF9E0402E85B42F9F3273672DA8E8F1070405D1DC3248487574CD98092B8B956E6AFE1566530B78FAE05B4A0DE51FBAF85DD075C7E11939F80E015A58D1F87E400CFFD
311
2306C4D1D3C634380A201545A92BE01F445800BE12302AB477BD6F62600D211232EB061448A0D2B877BB940D63D059C37E0569A83DE93E214F4BD86209FF6F479C640AFF8AF6D1BFD987D029A94DB7C329B4184D4BB013BF912FB88FEEF913071A8D82B651BC10DB067A7EC52FE1B421883144C00F64FA23A11CF708BF16CA
311
59F18D4C04B8085964B2D8DA4A855187000BE440BC816FFB13374640B0EB1D0998AF38A1AEF503F14302E2811081FC12EA6CD38A63B33035125F40F170C0B0AA45E9FCA38FC6D688D48563B5C4B4B7C359D3C7AE0EFB16ACD5E2FAA47EF8307044B4EBE1C71E84E742D81431FB06B90B600B9C239E277A57C94C427EE10E78
311
26980C0136600D916A06058CBE8604DB4D314FBC014EDAACD0820F14BF75449B70339490FE5A0491221BF95F949DF1235380E969AABDBE2D32EB4403D3FDF17F42F9A0A7C28ED75BE86BDB7C7EC80C76F86B8800F77B305EB88F00A4352E0F8089EF811EA02A3DF08F7DA008F803BE4B4EF5F41E56087099E920708C3D7209
311
16444440FDFA013D4E1201414123A09290F5BD7AB729298209C4306D007BB0829FD4EC3A6D7E4F00B67DF38CA0764F832F0448E58439B952CB4F70DF964AFA74CCFDBABBDF273E2FF4F56D3DBFF2A78D42FFF2755DF307066497F44062AADFC0CC546F6DCCFECECFA232E14F408F05477D311B683A35BC245FCF8A5CD2AF20
311
022C21022266905A5BCC8B20235D6FF04019CC04058AC80023662E25F342063165956320BE50370F2A657BACC817DDA3DDD3EFE04028645780A768FE38DBA88BF2EF3ADADFC7FEACA952E5A77568ECF0C971DF32BF1D24F8486B22A649EC81B1B60315CBEFC026091CA45F858D7D04C1B437079431E63E38F880758842E780
311
A9E03791C0FAAFE10012588C3C592FE35461A6047802BA18686887023A422A49599399893103942CF6DA53A8E387825FA0678B261F139F801E2B17C901D0F5217E07AC2401A87D0480F753FBED44FE949C93A1D042B879FCE499B3D861AEB23F9C1F372F0C24D0B7D6E70FE1AAF60F84BAE642D82F0A9F53E2278391551849
311
4FDBC0AFAE7DA282E5050B703570E06319A015E00D693A6BEFFAE493941C3B08C13B96BD20D0115A9565701DC58568A3009DA13E965765C03091F0FF339F7309D44F6E61F837F1B1FF920450EB8FC48F9B40158BE89C81A597CFB0DAF5F5755D3886DC13D4479599B583758CBF35663AA234F133F91D3BCCFCE0A794367F38
311
5C59B19431780F1C099131384056616E15A1563B50021D369C593FB292685A68A8B2A50A0A2085CF05434617E05FC24A6B077B990014421A68401AC4D65788EE25F737EB780D08A6E38F060F2ABD889E1B889C44852C2FF368C1E3E710D73B6589EA83F7417B341ADA1F639A23D15298F087AD0326410E116C3A1B32521843
311
3C71AE62C07C1480F1C045629724A076A4BB8D622D24690486727F56108D07046DAB065000678E04C4F8C342DE27F4AC102D854F2D08D59B4ED0E4F697B0FF62F113646BC5B7F3131D4EA8BF8B265EA3F2026E7061B96F6DF3D993276B2180B8E57067587428579460551049049B074CF8B1066C7E14C705F0B39298C0997C
311
17F701097023BAC31081390196801FB0C2A12380042927503D5A01CA127F9841B460310639C674BC8CDF1A320501448E0068905B07F6E5602F8C1F07786253438CEC51AE61FDB25FF71B09893AC026A9EAE3F30F369F5D5EAEA5801FBAD3C98B38C13EE017B054F81A56F05259DBDA64FE270B1FC4C77200FE276FE814B916
311
E222575ED717A62A92956504605268408CFE13FD61F84252228376060206802B9550F00B9D47E6AF1022538A752CF4FFF1F5931384A9FF8700EDD4FFA2B93FCBFABB3EA6C607FF714B0B8B04EBBE83B52B246092AB018C0D0002FC490849F1E214AE6FC42009D6D86616C835B65DB9862EFC4480C14137603C3089D0A5588F
311
A27E693DD184131BA4E88C35045ACEF1CDE1A82323C20B842F2419604821196EE8185BC834AD44F8E9B7549A32900196E9ECBBE20FFB4706861AACADBBFD9B56A23FFD3AB8BFACC18B1B5AC0ECD7B6AE2E2E9CCD2BE8AF1B1BC3A813B94107E82DE67A42E7CC7D4A6116700B5B2EE3C338A09B840F07C40A64800D7C605AC4
311
2B72227C4C7020AB1F20056E26F542717F56534261DE3766AC10A6ED2D006DD03BA9DBA507AE0510A8B385C92363B9154167F1230C40D76AF6F3BE0CA08F8BA2FFBBCEFB09D0986550E0F0EAE2F2780CDF850CB0F88CFC2815FE87BD83909F474F45DD47F1C821DB2107A8817FD45384F57891B65F2543D0C1E20A89B4A8DF
311
806862AC27C60F6A054627FD344250718AC0FA21CDC4E28DBF2650D1B39D8B8A420C348A4F846E2BE824BF8C45E1DB8EEB52F576F47A75FF95F90FCE0FD3A7A08D48D5B9AFBE3EA658E1676FE3372FB57F0AD8D70ED4AEBA3D4C2BE0AAF1C3AD63A6004D12900CFC481A47430C9EACB390038642C8C41B1330316661421059
311
2736B8603AD4FAB17189DBB32F3915F0C380795A089A15228460BDE8E52203527D41B5470901B088D84FF8B3FE2BA7F4FD30ACAB3DE0B7E2FF95807AB0010FFDE3A048F7360F9F3FB9380EE537F16F8673131325D3351A3F664022020811A0FE8C019CA17370725CBFF64132025DA1BE2555102212E80A907FB43ED80A991A
311
8AAC183932C19AE17524B06590B6AD286EB99BAD18FF4BD64BAB519202F992A963648ED30E7521F909F090C0213E367A77D8836BEB6F34D92EDA624183070248351F1A079E5D3E7A9EE81F2CE6678F92E299EE312B6C0572C0A7B5EEE07853612403813152C7125E2022A20C18F855DBAFA399817FC97FB6E1CDCA31D34843
311
4ACD0012F0D32A5456B4007E6E92D72B1A4E9971223A42C1042819E4049C0C5801300C0013FA48F8944FBAE71DAFC27F1826FA2304ECDF3F6C10FF47D5C7E49748DDD687DE8E91C09394EE0682A4F84CFD6067EEDF43E67EA46CB2F4070160439245F00343D03BF25D7E2F26FC400A896DBF19FB8D4D0A66DA669C3D608F9C
311
D048A0533621B25690EE19D5D15248E390F042B12C682511B02BFE3E5700E4C9A9B2107A8F45248FA48234FD23005ED1F4EFE80D1320836F04003BF42856D478D1DCA3ABEEE3C68F9F30C3A16E5C238EA5DE3FF37DACC2F8B7980033F47FAC34421EF0418A045394802CE032D61C70023D788136788613887C0011A4EA316E
311
005718AE191F8D0D841B9C679CD2FC478442D005429166F5A24403B1E6ACF3298F388B6D0BA933D92339D48969A5C11F09B4FF017A9900A4F887010C474717E10F36468032FF33F4AD610517777104CD920C3CD15FC5F3B3A0C75BBCA3B00F2724863C10BCD4A0E00736C7981F2F72E4B001438B99714FCFAF713A2603BC71
311
0376A1715FC602022202E06FDEBBC680A3DF1C4C095A12C50B554FE7623B50374FB2129DDEA4C392C9188077658C87F55FF92FFA507FF03FC8DFD3F31BDAB46DD51AEB03F7E1B38B8B87CFF47EA1479C3EBAD5C6B382C221C0F1B358B39D76D9D3142C4A20935F541E492E0EF081BA41B3620A8E172B584EA1485632E22A82
311
21CEDAC6110AFA4B6D43E2B76A18AB240BB24337721C9321D2C033B2D3E2641A55A400A28403C12D1DADE39AD23FC5FC08C47A64DC3FF6DFF76B5235124022D7E6D6D5F3CB870F9F31C96FE477FAFE54100068A3A87FA5908A2C08011CF31309C10025B089FEF9C510522B8DC07C30AA469841723A10C08E27F00F7FBC181C
311
083F2809EC3B2B328E294AEAD5A071B3A95C81D2DE3F930372D022C9C793535B92FDAD5426E90490C3C81D000017C6494441544698C416520C1C40C71FC204B22448FD9303782FBA67089A1A7D4CE38E89050FEF5F1E078A4DCCFADA058032C34C1CBC2E1202B1F8962B1A8024F0EB7A11F209E96FB369D4B64202FE7BA230
311
AD24C46413536EAE955B341B726C593B5D4630C0BE822480908522B0D85430230352618DCD4F7BA6D568BF4343801480006658EA3EDCBFFA9702B4FDE9022163C43F9B72B58001A23FCE6F0B3FF0E4E1DDFB9801A6FC42FD0132CC1F2224F89933107AD30B6C9131A53818AE944BE25A70810821C38F098411980E46D108F4
311
83DC63F49B91B852351604091D60546702F58A3872A1716411B642C7629C267E64E77719F46B0548FD6BFFFC86A38DBFADFCDF700228C124C8664FAA02BFB1F92B09800876FCE4F2D1C3FB4FD0A44E0106A8DB8079751CBF0BD9340066C3D52BC64706467C05B5A54401BE4A1B0132A55EAC1CCCB10D378A3DFEB981202232
311
7745EF2102886A9142C812A1A2C9708027BB55B7006357459F9C2080E0BC34489FC629510F3017B62D5073E2A2C64048A0A42580E413BA9E08274091A398EA80B5BF31C87BF5ECF8F1C5DDFB4F22AAC181F070AAFDDAE5650C4000516440D8806786D874215149E69ABEC43FF0EFC820FEA112B0522003C84BE03FB7662351
311
3B6D840820358B084119B0CEC8C00AE888826339A54091F5FCA513AFE147975BB1A86FC50618D9D74502F0C7C8815AA306602FEE3A5E79E0D7DED1B221001118B73182CD439A092FF801105D1AA14E1918EC282F6260869D55108065988BD67F68E5581720A708051F7C8070F582389C682BE53F2AFD85853F2A013D215640
311
28E06E79B7A71E43212180A81541EBC88F451E02385100491AB0C4A3BC5309A95911E66D04C0B448366988ECD204C2FC930F8CEE8FA410EE4C25B58DD1B6EBAD83F6196670F7DE635282C0A56A851AB035831725F0471A10FE52097089C80495804100318405F0DFC2136004B4C40705EC9154315129205EC357930035688F
311
61AC02188250CFA9A980233925F16A117A48CA54DAB6400221976B75D863330942E20EE3B00B08FBB71AA813B0E502FD2B023DF70114E0D7DF2E2EEEDE7B789504200112075478F2FBD6897835C91F0C20782401E801A2F9142700B74805703426023A81CC0BE88B537D0003E0C5181D29EB8D83050964DD2580910A1E7A81
311
38F76253DC01DC2F3824391AD748276C0B0CDF12366625D038603D0003E0266CB42704C8CE7FA7F11B4D59C0BF454A78F8FCF1E50513715D469607031272358F04E0003C90107223A581218F10008B10247CD20D860FF0BF48801040B361808148714764028EAC137E871501EFDD97C89B52107FF1235B0928C56253008257
311
3CE137840EFEF82A0BDC602736C595912FBEC69E6A3A26903B3A300C5A098A9E3F1810CDFFBA019D97B4E7A7A075850F2E92569BD960CA7B8304995FD006FC4213BB1448A6F4BFBB3A9F9FC4962D0A1369129B10073771FEDA38B1737B663A71C088D8848027FC3008DAC4E4397A6F76271DFFFCF77D6BD7F1F67DA51E0E08
311
875A6BAFBD6BD7AE52CC04A0B4A2206F650EC412841A48258258E8662C3838FBE21E25172C2A15A4F78D82DCF68A005DCF07047C183E1CE47731BBCCB5469D9169E0D588945BEB637E87802A03D88FB82486210D28FB3B858D13DC7CE75F5E6F3B03C1744D30CC58C7C7A256146853A05243060B850072A7010CA47CFBF9A1
311
E24F414037B8781E8E9F219A774B36481CB43E48A79819D638C8760D672FAC19FB9D3FC5EA9158DBD0159C27860409682E8FF2595652FE189D2CC2D7C023E944158355806FC320087CC74116030CC376C559C098B93A041C5DDA48AF33827D2327DC761D19C17CC62780D82A170E6CE7415A5E7FE825E053048F88D2AC2A56
311
1CA4D4C60098DA28EF1A01382772484698F60C8DD24BF396EA76260542810A625978C03580A9CAB91D10249BE579B0377A3DD15749A45F24C4D81FF3D7D7996F6A1690288008C0FF6CC186DA9D5FC95BB09B1301004B016E707FDFED306A1BE8FA208828F00BF342186839839F1F6FA338DC5A0200FF383DE92614C03A4508
311
DA18F4D85F9354F7E867AA77A42FF49BBE6757A1A7454448D0BFC3C220714FE43A3D8F1547BE10F0BC5A05985AC3C28829A06FE24CD062700601F4AF12AF99099B08E7071DC4626A97C920C3FF96E190C9D1FD7CB6163E800D79E5F3F10A9306C02B799E80F1AB380E0571A584C0370A220C3125000B500900D96FEA40409F
311
980E2083E4EDF4D8D2480AE5667222E020BCDAD4EF19682120818FE18EC7FD6AAD67C03F7DF1955E697456F517AC4F24700C30171C67E9168B109A4F60AFA60F98BE30941BF776DBC7C70792A2FBE98AAA97224F8BEA39B47BFD14A8CD03320DA2B676E3AA397E652E30A42CE2987B7DA1EF7F75242413800A04C0270C62A1
311
3372400B435ACD84B8B5009208F5AC73EB149FFF3508E21C2201E0338BE07E50EB47E7FF6D97724A601028C5519073E7978EC88834410450E074DD58AD13A4900103A6444A9CB99103229F0EF8C0C78161EBC68137240734CDCFC349807851E0EB46CE864D2E405ED341B71A390CF2DE20CF5193189E1901E866D023040968
311
4B193D17E2928534D04240937D3C84477494FC5E0FE0B448E35AFC19007926C1C6A6E622FDB8A12E30993C6710E070397C4B26304C0AE38218D19F01FFB15BAE1C0E7E74DF75F2406E373C414E848FF8E500EFAF3C1029C9C0ADAB2313A7426CA9B2C1B9E30032C84EF31A09A88A386F136E8C2F1D582EA0459207015F10F1
311
F001F0B1B7DF7222011EA2001F00BFD36BAEE0850928B08C077030FE3806C880EAA74BCE0863A952812E6008B3A89199C1EE918AF96AF583F1A073B0A355B9D861AF1460DCFB3BFC6B7EFDC834B09700CBED3510E48DC7129041C991F06BA5006CA6B5B34EE21501374E8DFC910042036111EC9C7CFA1C05D48A7270F7F835
311
BF04A4194DA4CF76CEC66718C84CD020D04C412AC848F03E3C61A1C8D50D0EA6838A00376054D3DF61A0E393E1F8B058A6C994093476D601A4A06F0CFD3C0A6BFA910E75CC10400A80FDA93AC9B5EA4303F6C0D188B559086091CC5910137772E14F2376D03181B5CFE74C0EA38440D0AC256D6C4D104CE05302FCC00B60B9
311
CD4D71E08BD40C144A025E60D4C1F45FE846A2105D717EEA84808A5DD90A168E133640311CF05DD870768683F5D2F1800F485AEBE5CABD8FFA3C0BEB33702493AEB551B1EB035EF5C8E5757FA7832141F88E8578A363802B560007AF93D7D470B478C4D00B412D634C9140C4F9275C00DCE8DFE3C7F8C0AFBC5B2CE82E3C3B
311
DF393D4375D50C43CD1C17E3777CD2C170725B7B42B41DF15BFC344DAD089C1E9118522B4A2C60B794E4E8F33081BB7C8CFCEEA0B2015E49D586429C6C78646180B7710E06018A3082243C275F077FBE412C17DE80D3E6B9462C5204C5D980D1DF84A864401C483CD01B143F4A4868087A0F780F37230200A4FBF6AED32511
311
4C367C22512750A5C7C3E32D545CE20A0904183BA10015DCAD89864B3E1EE97EBAE8B204266A48E010511838E2FE413FB116E60880C2D8440AC3880DDA6DF6618C138CF1CB2A09637E18D00F80CB0DC05322E31EADB8081C29410903F06BFCDF5AB46024E4A75828056440503C707856EF0C037623DD4922A400E8A6BD75E4
311
D2800905F18450A00CEE88860C8964C7B3F90F56528BA18F71CFBBBCD2D05797E168FC37DB26DBE0DD2EAEF39686C18440820013C1444055402A541400DD362A0A402F1FE51246404E098249FEE30708C10CA0B54601053159480C00BAA9B1223A773234FE72FD5C3BD81804D8D196FE3D5315A0C981D88D04FA01DFC185CA
311
93F9120E1F480B08063364A0A318F08DF95056E4C91F1150D31B011200383502E079EE43CC18603AE2F88FD139C802A739F208E88D06DC78267C448C27C4113C19B0F51B0E9C1C021CF8F9167C6B1F2E10E461002910105D1042792D1CA303F469714C018C23D72179E165049C40E801CB96CF334562E5807291D1E0C70FE6
311
CAD91656715F0E5C5E70F8D7F83290549B1BAA6F781D25180EBCA93EC84E72A74081CE3020789B3790E1A9E478E658C099BECFF01E530E80EC5FE31204ACFF70AF8177A03059240CD074978A002A878BF883FEEC81DD684E406CA630ACFDE87292822A11953710F000885D6F68A67ED40CD772B0828359B753F7CE23D9479A
311
B9845771B389D6A77130F8C134EFC83947392029B10E4425440A84AF0E54825228FC1634D369874739C837A9DDC83C20D320C36042610ECDFA750303710224D01202488012CA847424F8D53F78AB6BECE9B3B35A7F32396AC6B7444566327DBB4DF06FD9616744F4D3A397EB3B0A3FBA8D763702883ED742FE5CD24146D8E3
311
53ACCF811C806AE09914D8446E93840FF4D6C963FF32BFB6AB015D1D3B0C9A0968776F021F21404B6260CF84A14F35180CE20B5E85BDA2EC91FD5A7DBA7E5705F4F0F97AF26CE18E3BA078138202400A62930FA6CC7882F911A92F33E547E64990B0F27323D73B6222863F86425153FA8009361C675554C25382CE148420C8
311
DCC47A20122806CA178A0918C14CBD33440289078A00EC6070184CA9907FD0A1270478E0B325B67C2193694EDB7DD0F3C238447C8A11485562FB4902134E6AC952FD5320A4F7C780882DA9684285CD81D278C0E8FF8DEC9F45D22DC3C2CA99C2728110888799575B6834BF22B0F01EDE72D7F21B672C40F0A972999E2200B7
311
C91403F9BB3D09C01990819238CBAE5E7510D7D57450507E3DB04AAA0A3C280064E0775380C8C16EEA4834346A04BF0CE847B4B3AF760D06D24BBB267C32E2C9257DE5EB748AD101AF1FD33265E2B674EED8C01A0AC901392211011AC810560F77778E85B13BAFE3E25C95B70919A4862C15928BD8989664AD8638101D009A
311
80F00BDC41AF27602A4BDA0C077E550048E7F1011410F01405045E1C140B4D0E70E0F6E034171C3D6FD12004FCC1FA304312518910356628A4A326EC9ADF5DFFD1B2C0399503F14B4F8E3E0E4E39A06ABCB56A8014687E86E462BDDE5124615ECDB412B7314F62E6E0C76ADEC0F717B360E741960104CF1706CFA18E060500
311
4B01AE007869B095ED92144A807841EFF2811C047889A04901C809062057192688C92346F97F279449F89B113500BAD282D1DA80A55C27EFFE02C8D4F395003F285B617BBF0831F49B055342DDDD414378E8888E92C16789F269A27C9A221FAA4A0DFDDB9F935B2ECC04DC51481558A69301E0460B02665AC4DD30C03D4808
311
66C3409400051811876014C0F294C542821AB045011A3E3F09001FF304E3A0BED05CC11A811B865001769507FC01ADC611F400CF68C7B093606E30F3C7E0F00C1D10C31951C1E2D7252181DA00345842A19130715C736EC9ECE686A712FDB31E4D3E50AB336E5666D7B212C0113C4A4406029709B43D0228F3FBAF49921B19
311
CA0C82A2D5BC4A2079809240F37D3E10F9637607C3983F0458508A98B8B4EFC92AC13530180CF55359500080061DF59B98BB3FEACEE881DC8127F182A885A86FB12B43C590A4380504E32305E3148BBEEB2D2782029765428092545BA5C2C681FC5F8E869C0EE1034A822FF09A12C94084505AA868080303473F8161F7AA0A
311
6610745E280BE4427FB770106F8800EADABA19F453210435BDB2348471B13B65F2FCB554827632C4C44467333E4127095D22092ED492009930413251B5408345065065E415266E20279A40B3F520370BE2050C8360E6BB4601C1673B9BFE007EF5200B6483CD195400A783E6DEA0653515B0FCE8E86D1618FC1EFC15C2E727
311
F24F2A2DAB57326D8D0877D4E298894E7A0C3C7D9CE8A0E2D17AA2020FA1097D6372F2A9F955060FDD467AD0426368C24A8340FD0D6687A76316DEF5179ED9042005A2BF02A5DD810A4DEFA4A8F700EFC50FF4FB8C06410F0303C106ADF8852ACC6A2CA9046E9ED070739339857222CC009E206479886EA26227BF7A341A15
311
C351A8404A6C10080A2140FA4B4E8D9B9A11645899332363FD69887F436A660566964250FD752E787B64BCF8E6C8190DF8EA0C854C062D8A5A1346F810414313E606ECA0AC3A01D6928544029D5F42E202C0CB386F880F7842A31287061F32F3CBE09F2950783394F2F2B23D85386C6F51943E99DD10C8A0000BA9569A1480
311
5693274BD0E4F4DC3F28E331EEA91C4F33ABE057889BFB92819187840A08E57A276A8BFCB75B0342668C70C565C8059996D209C2800941A21FB82B2F520BC2E6FE6F1A8827043DE17000DACC8193E78BBB8DF1467978C06F6AFE986123E3A95272CAC122046F4C65C4B88FED2F1CD1D918F7CDBF8903BF1A90057D42F4DC13
311
3AF804ACBB58446A0DB78806FC053FA1E45D0AF1112613CC0DD976C5E70AD3282F42725C0D02AC8588DE451B1C01ABF063E7748A3882F0DD484BB78D037F9812240EB88B6034C0AD53E5116D4C6D920C6A89F084E6D0598AD7EB6930CC7B293E27A666E5CDFE9A3FA52FEB3C97976FDAAE9A60008FCA6B33099CF9880D35D4
311
19FC687D424378E3099441E110C5B3C6DC311E6653514A67A530D863326C4D8430E0C28024803B5B069B0E60C10EDB6DF087034171DF01F1F3404B27B1056D8C0E56E7CA6056E7798147BE4C2F01CED5987E413AC6A724876DE3F599E0601CE7B9CEF3BEB3671E12DCE8AF9631B8031D3F360B6955DC2342B2A0E4632A0026
311
4C0DA002220CFEC3E10D9BADC8904D88DC51928593AA16C91DF6FFF82B3234404C7214D0F8608E0052283EFB2B0563F1D072936C4017706010BCF1B16CDE0C1FA9C777E44E1F5259B0C9BBC8794A82A6C182A3AF56B16921405351FDDC91B5BAAA617860E8D76C97C377FE701A4EB4378FA97C2C8E3CC8950886C6FD93AF70
311
A1F5F676B7ED16CBC56AF5D09110EEB8607CC08A795882358280DDB98AFFE7087C6EB593D62F041CDB4018935238E73F1098100D0C8769818F777057F64C703C6530E142FDF5C837AE1CF66C94C4887D3A3726AB990DEA248F73B5D32C8E04F6714B1E67C53FC52040252E605B322407CBF8C7F05453462A295ABF4D95592D
311
DD76AC23512E9A2DF964715C80DD752CA8E263AC36F02C3C28A133EB22AC8D099BDEFDE28C3E8FFEE3815D5D00C17C00511058354D62443C1A546280E43572A9C661A34FA5891F8E7570608C8DF21DF51DF9D2A84D4501F41B8CD4F4C9DEB2F901E810C0E4CEB6EC08DFB06341C864CF8D0EEE779A606545E1E64AAF30A432
311
4C20FDD3BD558BD966BA994FA915CD162B1978642AD01694E533EC190368A68234657085B5F88E27A0805E04B8BB6A00A51646EE3C10A50FF007FF410F1963CA69BE2002F0F902E701AEC995FD41F83A3F0C3809A3288A083003A6CC2A20E6D703EE48E3777AC07ADD51EB6101603A9FCF17B3D5928F6D742EE7E4CF38AE2B
311
03C5FB39C81D7B2978FAFE85AF3D2710B0582C970F0FEB0E4D1103B8BE2B4D560CA10002FC8F334C891C07B44FE06B2E3ACE5E1E2D1FC32203110ABF9CA0E8381F68EC3C06701328E5A38278A5FCD944CEA5283DA933DF2A2448BD23F1C5D8BE04CC2DC3B43B3EEC29F8B5FF926D11D3E97EBF7FA1BD1E5E5F5FE6D3D972F5
311
48547783146ECD84873F377C5820F7F9FCE5E07378D6CBCB7E036DF7F7104079A05B77C6942D1BA95D47424BFC3DB6411009A42E207871B7EE9B06614BBD20F22F7523FB985F3F7068E37600273A3ED0C1CCC380F6EC4AF01CC1CF95E4848B7BF950AD14C44F10460221E02D21D01DAE800F323704C00035DFE97CB37F797D
311
3D1C0E4FBF35EE1E5E9E0E879FBF3DF6F474780A01FB3DAF01FE0C0798218007C2090A3008BA7682A338F4A8804A06CBFE6A80CEC766F49853F15B2F45FCEA3F8250012841315016E75E797EFEEC4ACA6C79F515CF1738F7C36E2406071051043817C9E8C5888D49D0332E800062FF54FA562BF7446CC0BFDFBF8603D1FEFC
311
C9F7FFB5A7F000430755C2D3F72F2D02A022820897ABDD44594475BDCCA4A10AF34C06B08B4AB58BBFAE30999DC66C7CE903A83CF8EB006EEEAA063430F84B05F0ECF644825F5E95073870E72A0771AB89B080022A0C5A9FAF34C89286257FB7BEA000EC65B59750C68E0815B0D9834B15606328F80709DE09018AC2A7817F
311
83F96DB3D562C10A0A31300230CD4200B87F85808BAF64D04600254047F9C14DE93464009E7F5AABB4FDD6D55142A2C0BF1541FCE19C20C899BF4F76AB54B84CB97F88F48ECC029FD253F0C70DF4816B9AC94BCBD653B1A283C4001A0337955E4AFED3FB790B6B1F5EA0B5514074103A38D84280EE0F5F9BE974EAB2D16AB1
311
EA969684B6E4166CA28264B300474C7308D20013B204A65F82970718D05678B3315D442E1C0A327E2F56556040C005D2FAB1326A68A07507C9E46A3648555A7080F5F50219A00E6222E3E0862CE95B5680930530742F1D041805E69B788161F015944D041182B861A2C17F3AF01CF5BFDF6C343F9171F5B004BF59C0167191
311
64B888EA206A02AD05E8464D06B48E4381A0E9345FD171625AC22198F57C003BEA5510F81FF78D31C9B033D0030000000049454E44AE426082504B0304140006080800AB5C295A28BB58AF800100009E0500003D00000037454438314233432D383345412D343031352D413641382D3444363736424436334446452F536368
311
656D61732F436F6D6D6F6E536368656D612E786D6CBD544D4FC23018BEFB2B96DE15493C78601010A34B880709DEDFB52FD0D8B54BD70DF6EFED3AC0B12E6442E2716BFB3CEFF3D18E26FB440405EA8C2B1992E1C323095052C5B8DC842437EBFB673219DF8DA659866649B798C078B48AE6410122242F2A4994AC7F93815D
311
F85C049C8564CA0A901499DD886B2EB9B1E02448F358701A9235880C49A0119892A20C89D1B9FD768815CAD268CB5E0355B40B1E47F3E37A2020464BED06AA57CE8FCC20C3C3446D46761A2632A8C1283D07031EFF2AE7CCB1BFEEE916E406DFAC8E36FFD99A9D60A6944090EEDC3B670C7DC13DE86B6B2C5C240D6E503BB8
311
5ACD579D513F1B9F9A69DC9CC22AFA80C426D40AF0B21EA168559156B6276F0F726A6BFF04DCD513A87A62CAD41FB24FCB2858B3952E3D852084DA25B9303C15687973CC8E8AAE11DF2836C38C6A9E765E8C1BA1BFB1DC29CDFE518C8B5A7655A4ED7E77291ABEB80DBD82EC866ADE1B8D05AF9E35CF09D7A061F38A986D9E
311
C412B8F0F65E5D81534D9B231D1E5A8FE577A241F3A5FD01504B0304140006080800AB5C295A670136ADA9040000B41400003E00000037454438314233432D383345412D343031352D413641382D3444363736424436334446452F536368656D61732F47656E65726963536368656D612E786D6CDD586D6FE3360CFEBE5F21
311
F87BD3245B0E2D90F4905CD12E1F8A0CCDF5BE0A8AAC24DAE417C872DAECD78FD48BE3D44EE3B5C3E16E010EE75A34C5877C48911A7F7E4914D9095DC82C9D44835E3F2222E5592CD3CD242ACDFAE22AFA7CF3CB785A14C22CF95624EC66FC34BF253BA626D1BD488596DCBD8F2E6FC6335608B7F428D258E807664080A983
311
84D9E75E22F16B2CCF05D32CE502359492C878124DE31DBE89612BB196A934605E44F272A5249F446BA60A11112D589CA56A3F898C2EE16F6B136C595C7AC3C2FF076D3D808BDBC824572211A961A8D96E393F7AF5806BEA91EDDFB1ABFB769EB08DE8BCDFE27EF98E9DE0ABCE3BFCA1C54E8AE777ECE2BFFC92A94C87EDE6
311
A9111BA1ADE75C74BF391275D33FAAC5FABF89F1D33C9836CB3225980B2A479BE96A4FB3D59F821BCF11CF1FC55602586C7191D99E2C9C0CF2B8A662E3484E59466361985485D7E248E7953C01F19DA23B9D256461B6E09C40FF02D1DEA98C19EBAFBA4659184B7D47DEDF22E2F53DB017721B164F5B845961697F0C699AAC
311
2410982C385725A6361A500F59CD848221F103A8C1A7CA84A55F407794695C905C688E69B111550ACA946B9B4785FC1BDE0E229240B62665328986D5B32C400CEDD88188F35AC25EBCD40836F47F35E5C0EA4B6F767B50568CFFB5665C505E2AD5EA8A9997205F50A2350EAB32C9294B0024108429953DF32C4D812E226658
311
F78A490408362A94987E6F787DFCBBBABAAEDC36758ADEE9B58B41BF0F35D87BB1E991E02BF0B513748E6C0AA2EB2CE56EC68E97585643D82DE284E51DE03E4E22B00738761F1E66E1616A03EE093B0327B6BB9797262B0DCD72C6A5817ADAC1C3C0A3909CF6639B404D18B15CAF4B3C09CEAA4414BD5F0723F059ED37048E
311
7A64271711EDC9C5230F58FBDA5DE00DA512CF04BA6671A0D201A83D2EC81D2EB552C7E5CD1BF9D6913567B2CD53A659AC362A2B200B440195E2ACBBD167A32A86F7874F7F00686DB55D163481DADE5E417E979BAD827FC6B2B0AD8A6AB1567038E466EB4B10C4C2F3F71196A09260938125FDAB8662456EAD68AB2F7C1DFF
311
709C874887B76A4355564F017256531BF73D7D754A40E23401DA38EFC907CF8D8E3C1E5E7505D8E432C60BE1EDA01E5166683F169B6EAC6EC046153F66C2BE0679FD3F407982ABFA28F92E0E457501938D96B12090869079360D3F947CA8BBC3D9FCE1ECF3C676C9BE80EB67CABE004FC290F8E26BE6A0371AD6CE66781C40
311
8A1FAA8CFFA63DD93A94CD5E1F3BA6A3DFB05B34E1247BB3949E3C332105035203136EA14AE89FF99E3E0B3C4EFE65C581A3A3D2D0EE84EFDB22B49DA31A07059E69B81628A8ED1228B63E42C3D840C3C01F460D1F331FE199821B03F22CCDB6DBF074B49566B12C3B3626074EA1B130B4596BDBFBB642A835954A9509E576
311
9234228129889952870EEE13F494954AD7A27EAD09411BDEEC5B6B6AD752C11509F826EF4007E86281B1AE63750FD09DBA87A34EF4CE2A75F3E85960004EA6B519F4806609E8C91CD18380BD81691D9F2CB5730631E6DDBAFBC30E96D3E1D3D67EE8FB72BAD92AD4C1FD3CEDFBD2681858ED6583CA3853294B80AF67AECFAC
311
6418D08164D5FD1E52E8B546BCC77B87C6E9D1655FFD384FB26A28AADD82E04B9C64EBF78FFF00504B0304140006080800AB5C295A8DFFFC99640100009B0300004500000037454438314233432D383345412D343031352D413641382D3444363736424436334446452F536368656D61732F52656E6465724D617465726961
311
6C536368656D612E786D6CA5535D6BC230147DDFAF08799F5FDB600FADA20EA430D968A7AF12D36B1B481349529DFF7EF9A85A718860DFDA73EFB987734EA3D16FC5D10E946652C4B8DFE9610482CA9C8922C6B5D93CBFE3D1F0291A6B0D26A3255464182D920FB4233CC629881CD49C18508CF000E3EE309A100D61622AAB
311
4A8A33B2483F11CB639C545B0E1508438C3D3C0361192846DB7ACD198DF186700D182920B914FC1063A36AFBEE8FBA03FFD3CC1D1F4FC9E151A2AF59F628C5B7821D83FDFD3489305080F2EE04BF962195FB285E9D2DD352320A9E827AE357594914E42B1F5FE35F83688F60C4C91A6C946ED0668E8F244BC2EB0BA6E3BCCF
311
C0B6A4B507F9F9F8D51EB315D9BA9E08D308E89F96931666E577837E2B4172199C68C4FE306156D47DF51C698C7B9D97FE5BEFE2190C3C38BB054E6E8163FB039CB4B993C80BF18D969203116D6BBD26238B821F9BB909AD6D9C71B85BCD8C33D66FEA3D31B4BC0AD45BEA46BBEDDFEC0F504B0304140006080800AB5C295A
311
82C155634F000000570000004700000037454438314233432D383345412D343031352D413641382D3444363736424436334446452F4173736574446174612F41737365745461626C654F66436F6E74656E74732E62696E53616060303133367173B370D235363235D105F28C752D1D2DDD744DDC9CCC4C5D0C1C5D5D4D4D85
311
80EA72134B528B321373120B0A52138B12F39253818260C00B24DD53F380B2C9C1C919A9B98900504B0304140006080800AB5C295AC55C663656000000680000004500000037454438314233432D383345412D343031352D413641382D3444363736424436334446452F4173736574446174612F53747265616D5665727369
311
6F6E5461626C652E696E665D8CBD0A80300C06F73E4B29FE6CDD8A2E82A083B8B7F209014925C9FBA3AEAEC7DD2555D896CB85E51C2A1BD834F6A1F56EC4494C4695278364ABB24ABD2146F88CCEBB89D5321FF8F3F43D672A3B44DF3CB6A1710F504B0304140006080800AB5C295A03F6746C37010000A204000036000000
311
37454438314233432D383345412D343031352D413641382D3444363736424436334446452F4173736574446174612F636E782E786D6CCD94314FC3301085FF4A64893176128480CA718560E904121503DBD5B9B4561D3BB22F08FE3D769B0154C4D4A1EBE9BBBBE727BF93CBCFC1161F18A2F1AE6535AF58814EFBCEB86DCB
311
26EACB3B562C950CDED30F8C150E066C592E3325B7C14FE35CEAB087C9E6AA356E3F171F62445AC3C6E273FFE81DA1A3C80A6D21C69645BDC301384CE43B8C7BDE0101AF79C0E8A7A0314D2233E03C490704C28EA9A66A6ECAAA2EABFB755D2FAE6F174DF32E452695DC786F67DEA465C18F574DA58F7B99AAA4C880925330
311
33955FC3D45F2AF9C6382912A964A4905C993BE86B4C1D308ED668A0649EF09A90CA04210C521C61254576E197174FD81B6772CB2A4903F2E12509C440062FD093FFD49EDF9B958B044EE3253B72AAF1FC3EBC1E7ED1DB319687DC5C5E5A4E3572E3FA3364451CCE498A4EBE2EEA1B504B0304140006080800AB5C295AEF37
311
8499E7000000600100006700000037454438314233432D383345412D343031352D413641382D3444363736424436334446452F5265736F75726365732F34363334464638422D333235342D343633332D394139462D3446423635443041454535352F7468756D626E61696C2F302F636E782E786D6C4D90C16EC4200C447F25
311
42EA3181A4AADAAE08FB137BEAA5728937454B300253B57F5F6839EC69ACF193E5197DFE3EFCF085293B0AAB982725060C963617F65514BE8E2F62381B9D88F80E1343800357D16C61F49EA8C46E6D7885E29BEB5DB87573C780C9D9F7187631580F39AF22DB4F3C6082C2B461BE4D1B304CF39430534916EB017607F60336
311
21306EC22C6A791AD53CAAD7CB3C9F1E9F4FCBF2A665238DFE20F29D778131517C5894A53A86FA8FD2B2014697E43AD5420873F79C96756974E654F377887F62852046EF2C70AD499265E4B142088796FFB0D1B2E5ADF25746D5D68DF905504B0304140006080800AB5C295AA233C2345D0000008000000065000000374544
311
38314233432D383345412D343031352D413641382D3444363736424436334446452F5265736F75726365732F34363334464638422D333235342D343633332D394139462D3446423635443041454535352F7468756D626E61696C2F636E782E786D6C4D8B490E80201004BF42E6EE76F3C0F216234B883063108CCF170C074F
311
95AE5473F5C4C06E932E4F28601967600677D21E9D8092EDB002539227A2FCCB80E1168D80A6417297A89C5D6963B7129A0D1E8F2EE73AA7B62BBEB8B27DE50B504B0304140006080800AB5C295ABE89762363000000880000005B00000037454438314233432D383345412D343031352D413641382D344436373642443633
311
4446452F5265736F75726365732F34363334464638422D333235342D343633332D394139462D3446423635443041454535352F636E782E786D6C4DCC3B0E80201004D0AB90EDFD75167CCE820A4A845D83603CBE602CAC26799919AEEEE0D965E2E908050C6D0FCCE04C8BC355404EB6198129C92351FAD580A10E46406590
311
7C8D948F8F166375F655BDC3FDC3B4E530A176BE7057BDC43B2A593FE403504B0304140006080800AB5C295A7411C9E77E000000A30000003600000037454438314233432D383345412D343031352D413641382D3444363736424436334446452F5265736F75726365732F636E782E786D6C4D8C410E83201444AF42FE9ED6
311
16309A004653B987A9684891DF50697AFC42E3A2AB97799919D97D364FDE36BE1C0605975305C4863BCE2EAC0AD2BED00648A76544DCFF6A40C2B459054583966BC4F43CD46C9729F962BD0B8F43F29A71639A81B2ABE0342746DBBE35949BA116B7AA1F4721F2E25C2619BFBFCC72AFBF504B0304140006080800AB5C295A
311
A130FE380B010000550300003400000037454438314233432D383345412D343031352D413641382D3444363736424436334446452F536368656D61732F636E782E786D6CCD93314F04211085FFCA86C472815D63D40BCB151656366A65873077470E980DB046FFBDB052DC25765A5C072F5F26EF3D18B1FDF4AEFB80982C86
311
890C94930E824663C37E224BDEF577A4DB4A1111F30946BAA03C4CA4CA448A7DC4656E92819D5A5C559D0DC7263EA0F7185EF401BC229D762AA589A4F54AD592D1403A52A3B2A2038D9070891ACA846C3DB4093A82CA60881CF978D3F3A1E7F7AFC3B0B9BEDD8CE39B609594E21DD135DE860C11E7AB916B2CC7500C71C12A
311
20C5126DA36A0A224FDDD1D28760859022E5585A6864FE9A0BA9E6D959AD72298BADE00F2305AB61CF223F428068F5A5663EB3F76FA19F2118884FE5A5A255EE52B3FFE6F26F15B07503CA37A80B21BF01504B0304140006080800AB5C295AE3603EBE7A000000C20000002C00000037454438314233432D383345412D3430
311
31352D413641382D3444363736424436334446452F636E782E786D6C6DCD410EC2201085E1AB90D9DBEACE05D09878023D01A1D34A8419C380F1F82DA68B9AB8FDFEC93C3D7C52546FCC12980C9CBA232824CF63A0D9402DD3E10C6AB03A3397DD192872090D3406ABE7CCF5B5D18893ABB1690CF4DCF02282E5EA8A5BB96F
311
FE536F285CB347F95BEFFE81C9ED5AFF9D5B1FB575BB00504B0304140006080800AB5C295A8D0E65657E000000A300000007000000636E782E786D6C4D8C410EC2201405AF42FE1E2DA15216404305EFD158DA105B30588CC7174C17AE5E327933A2FF6C2B7ABBF4F2314820A706900BF738F9B048C8FB8C39A05E8914E3FE
311
770314C6CD49A818945852CCCF034D6E1EF35AE9EAC3E3809D359C0CF48A39B51AB70DB960CD34C7AD611D1B0CA3E6668B71AE4A995FAF6CCDAB2F504B0304140006080800AB5C295ACA1DF9C9A900000073010000130000005B436F6E74656E745F54797065735D2E786D6CA590410EC2300C04BF12E5DEBA70400835E500
311
FC800F84E0B411AD13252E2ABF27A55740421CEDDDD9B55CEFA7A117778CC979527255565220197F75D42A39B22DB652EC9BFAFC089844F65252B2630E3B80643A1C742A7D40CA8AF571D09CC7D842D0E6A65B8475556DC07862242E78CE904D7D44ABC79EC569CAEBA537E3521C16DF5CA5A40EA17746733E0B6615DE7217
311
475F386F18B9481C510F1F021CD9FF027EA0E1F5C4E609504B0304140006080800AB5C295A3DEE336E64000000790000001B0000006175746F6465736B2D64657369676E2D7061636B6167652E786D6C35CBC10E83200C00D05F21DCA56CA76D41FC96062B120735B69A7DBE268BB7777961F8D5AF396893C2ADB70FE7ADA1
311
96782C2DF776D7A97B5933C430F15651E5469C55D70F80A4992A3ADC954792C525AE70A1E4D6AD9816CC044FEFDF01FE3FDE907802504B0304140006080800AB5C295A46B7FA5AF9000000960100003700000037454438314233432D383345412D343031352D413641382D3444363736424436334446452F41737365744461
311
74612F636F72652E786D6C8550CB6E833010FC15B47783ED404922E38886F0053DF56619875A0936F2A3EAE7D74EA8D49E7ADAD5ECCCECEEB0D3D7722F3E95F3DA9A0E4889A15046DA499BB98318AE680FC58933676DF84583C28845759061E06C7636AE1B24AD09CA64D4D8496DA0F05E0528E43D351D78F9A116518A1812
311
C3DFCA55C89B985549CA278FB318F5B449F594DCF4552B07FC32D0A6AF5FCE08F784A2BA1947D4B77B8CC6FAF570BE0C98B62D6555167316F4F2B35D3A25829A80534C1B8409C28737428EBBF648E93BAB3293331F5CFA795B9ABF03DEE7AB071104AB9ED33FAE719DFE778DDA841DDD5C9F0A0F9CA4231F03CEAA9C522A8F
311
0853CD89F26F504B0304140006080800AB5C295A8CBCCD2CF40000008E0100006800000037454438314233432D383345412D343031352D413641382D3444363736424436334446452F5265736F75726365732F34363334464638422D333235342D343633332D394139462D3446423635443041454535352F7468756D626E61
311
696C2F302F636F72652E786D6C8550CB6E833010FC15B47783ED404922E38826E10B7AEACD320EB5126CE447D5CFAF1DA8D49E7ADAD5ECCCECEEB0D3D7FC283E95F3DA9A0E4889A15046DA519BA983186E680FC58933676DF84583C28859759061E06C72362E1B24AD09CA64D4D8516DA0F05E0528E423351D78F9A166518A
311
1812C3DFCB45C8BB985449CA95C7598C7ADCA47A4C6EFAA695037EBDD0A6AF5FCE08F784A2BA1906D4B77B8C86FAF570BE5E306D5BCAAA2CE62CE8F967BB744A043502A798360813840F6F841C77ED91D277566526673EB8F4F3B6347F071CB36A45FFB8C565FCDF2D6A137674735B151E3849C73D079C55399D549ED1A59A
311
93E4DF504B0304140006080800AB5C295A2679CB58FA000000960100006600000037454438314233432D383345412D343031352D413641382D3444363736424436334446452F5265736F75726365732F34363334464638422D333235342D343633332D394139462D3446423635443041454535352F7468756D626E61696C2F
311
636F72652E786D6C8550416EC32010FC8AB5776C20769D4498C84DE217F4D41B35C441B1C13250F5F985D895DA534FBB9A9D99DD1D76FA9AC6EC532D4E5BD300C93164CAF4566A333410FC0DED213B71B658EB7FD1203362520D2418381B161BE60DEAADF1CA24D458A9365038A73C64FD189B065C7F5793C845F091E11EF9
311
2CFA8718544EF295C759085A6E522DA39BBE69B500BF5E68D5962F67845B425159751D6AEB3D465DF97A385F2F98D63565451273E6F5F4B3BD5F94F04A02A798560813840F6F841C77F591D27756242667CE2FF1E76D69FA0EB8BF87E9C3083DB2629DFE710DB3FCDF3568E37774735D150E3889473E079C1529A5589E11C6
311
9A12E5DF504B0304140006080800AB5C295A586DBE1B0D010000B10100005C00000037454438314233432D383345412D343031352D413641382D3444363736424436334446452F5265736F75726365732F34363334464638422D333235342D343633332D394139462D3446423635443041454535352F636F72652E786D6C85
311
50416EC32010FC8AC51D1B30C47184899CC4BCA0A7DE904D5C94182203559F5F485CA93DF5B4BBC3CC0E3BFCF8B5DC8B4FBD7AE36C07708940A1EDE82663E70EC470857B501C055F9D0BBF68A0B06AD11DC830107C5E5D7C6CD0E86CD036A3D64D7A0395F73A8062BCA7A6037EFCD08B2A550C89E16FE5438D3735EB12972F
311
9EE0319A69939A296D3357A35720860B613DDD9D21EA3181944909FB668FA0A4A7F63C5C10691AC2AB2C163C98E5C77D5CB50A7A028220C220C210B56F181FEAE640C83BAF3253701FD674F3669AAF0382EE6A2AE5FE046BC2284C530DDBBE9590CAD38E5D503F0C8CF1EA25FC63181FD3FF86D1D85093CDF0A5F040E0F4FF
311
E783E0550E309567BAA9E6B0C537504B0304140006080800AB5C295AD2EB9D07FB000000960100003700000037454438314233432D383345412D343031352D413641382D3444363736424436334446452F5265736F75726365732F636F72652E786D6C8550CB6EC23010FC9568EF4E6C030D20C728E5F101554FBD59CE0216
311
C48EFCA8FAF9B52195DA534FBB9A9D99DD1DB1FB1AEFD527FA609CED80D5142AB4DA0DC65E3A48F14CD650EDA4F0CEC55F34A8AC1AB18302831417EFD23443DAD988B6A0D60D38832A048C50E97B6E3A08FA8AA3AA558A99116EF5A4F44D5DB066F59327454A6698A566C86EE66CD0833C1EF8AA5FBEEC09ED1927CBD5E944
311
FA764DC969F9BAD91F0F94B72D174D114B11CDF8B35D7B541107909CF215A18CD0CD3B63DB45BBE5FC4334852945883EFF3C2F2DDF817CC3E092D71844F39CFE714DD3F0BF6B32362EF8ECFA5404902C1FF91848D19494727944986B49547E03504B0304140006080800AB5C295AEFC07BC2F8000000940100003500000037
311
454438314233432D383345412D343031352D413641382D3444363736424436334446452F536368656D61732F636F72652E786D6C8550416EC32010FC8AB5776C20769D4498C84DE20FB4A7DE90210E4A0C9681AACF2FD8AED49E7ADAD5ECCCECEEB0D3D7F8CC3ED5ECB4350D901C43A64C6FA5364303C1DFD01EB21367B3B5
311
FE170D322346D5408281B361B661DAA0DE1AAF4C428D956A038573CA43D63F63D380EBEF6A14B9083E32DC239F44FF1083CA49BEF2380B41CB4DAA6574D337AD66E0D70BADDAF2E58C704B282AABAE436DBDC7A82B5F0FE7EB05D3BAA6AC4862CEBC1E7FB6F7B3125E49E014D30A6182F0E19D90E3AE3E52FAC18AC4E4CCF9
311
39FEBC2D4DDF017F5BEE74AC58677F3CC324FFF70CDAF81DDD3C5785034EE289CB80B3226514CB1260AC294FFE0D504B0304140006080800AB5C295AD778ECA504010000D80100002D00000037454438314233432D383345412D343031352D413641382D3444363736424436334446452F636F72652E786D6C95914D728420
311
1085AF62F51E151D7F32854C39D19C20ABEC88F438D48C6009A672FC4034956497ACA01EDFEBE675B3D3FB748FDE70B1CAE806689C42847A3052E9B181D55D480DD189B3C518F70383488B091B083270362E669D776930DAA10EAA36127751588B0EA2E1EE2F0DD8E18A9388C5EA3C616FF12C869B1831A6F1C671E6D4F465
311
1D16140E25F02CCD0A9252923E3C537ACCAB6396BDB024909CAD4ABB3CDB9BE1F48A3232B3F3918017394BB6678FAD4AEE9092FE93EAA270015EF55D4DCFF923A9F3BE25879416A42DDB9A1CBAB22ACF5D99774FBD2FE2CD9C59B7F8D1EC45C210FE6ADF8CBFA2ADB3FC67B4CD6181D3EF5049983367C9E712FC1976C23F00
311
504B0304140006080800AB5C295AB2A49DA508010000B201000008000000636F72652E786D6C8D50416EC32010FC0ADA3B3610BB4E224CE426F10B7AEA8D1AE2A0D860191CB5BF2F24AED4DE7A5A3433BB330C3F7C8E03BAEBD91B676BA01901A46DE794B17D0D4BB8E02DA083E0B373E1970C9095A3AE21C120783FBB655A
311
A1CED9A06D42AD537A05A5F73A00EA86F8A8C177573DCA4C2E212AFC2D9B647793BDCE68F6D4091ECCF8B3DACD5A06AD4030C24A4C2826BB374AF79B6ACFD83BCF9352F065316AB5322ABA9B8BD13388F389954DF172C4A4A10C1765DBE2A6DA12DC16AFBBE3F9445855319EA765C17D98E39FD7233167405EDE932FCF9F94
311
E01FCE0DAB208652C8D9E10B04E17922FE845E26F58FD0C6860D5B0F3E373C081A033D88689C1A8CE3516F9CA96DF10D504B01021400140006080800AB5C295A8BF8664913010000A80100004F000000000000000000000000000000000037454438314233432D383345412D343031352D413641382D344436373642443633
311
4446452F4173736574446174612F446566696E6974696F6E4974657261746F7250726F706572746965732E62696E504B01021400140006080800AB5C295AA354ADEEEE0000003002000045000000000000000000000000008001000037454438314233432D383345412D343031352D413641382D3444363736424436334446
311
452F4173736574446174612F496E7374616E636550726F706572746965732E62696E504B01021400140006080800AB5C295AB5A795FFE3790000DE7900006B00000000000000000000000000D102000037454438314233432D383345412D343031352D413641382D3444363736424436334446452F5265736F75726365732F
311
34363334464638422D333235342D343633332D394139462D3446423635443041454535352F7468756D626E61696C2F302F67656E657269635F706E67504B01021400140006080800AB5C295A28BB58AF800100009E0500003D000000000000000000000000003D7D000037454438314233432D383345412D343031352D4136
311
41382D3444363736424436334446452F536368656D61732F436F6D6D6F6E536368656D612E786D6C504B01021400140006080800AB5C295A670136ADA9040000B41400003E00000000000000000000000000187F000037454438314233432D383345412D343031352D413641382D3444363736424436334446452F53636865
311
6D61732F47656E65726963536368656D612E786D6C504B01021400140006080800AB5C295A8DFFFC99640100009B03000045000000000000000000000000001D84000037454438314233432D383345412D343031352D413641382D3444363736424436334446452F536368656D61732F52656E6465724D6174657269616C53
311
6368656D612E786D6C504B01021400140006080800AB5C295A82C155634F000000570000004700000000000000000000000000E485000037454438314233432D383345412D343031352D413641382D3444363736424436334446452F4173736574446174612F41737365745461626C654F66436F6E74656E74732E62696E50
311
4B01021400140006080800AB5C295AC55C6636560000006800000045000000000000000000000000009886000037454438314233432D383345412D343031352D413641382D3444363736424436334446452F4173736574446174612F53747265616D56657273696F6E5461626C652E696E66504B01021400140006080800AB
311
5C295A03F6746C37010000A204000036000000000000000000000000005187000037454438314233432D383345412D343031352D413641382D3444363736424436334446452F4173736574446174612F636E782E786D6C504B01021400140006080800AB5C295AEF378499E700000060010000670000000000000000000000
311
0000DC88000037454438314233432D383345412D343031352D413641382D3444363736424436334446452F5265736F75726365732F34363334464638422D333235342D343633332D394139462D3446423635443041454535352F7468756D626E61696C2F302F636E782E786D6C504B01021400140006080800AB5C295AA233
311
C2345D000000800000006500000000000000000000000000488A000037454438314233432D383345412D343031352D413641382D3444363736424436334446452F5265736F75726365732F34363334464638422D333235342D343633332D394139462D3446423635443041454535352F7468756D626E61696C2F636E782E78
311
6D6C504B01021400140006080800AB5C295ABE89762363000000880000005B00000000000000000000000000288B000037454438314233432D383345412D343031352D413641382D3444363736424436334446452F5265736F75726365732F34363334464638422D333235342D343633332D394139462D3446423635443041
311
454535352F636E782E786D6C504B01021400140006080800AB5C295A7411C9E77E000000A30000003600000000000000000000000000048C000037454438314233432D383345412D343031352D413641382D3444363736424436334446452F5265736F75726365732F636E782E786D6C504B01021400140006080800AB5C29
311
5AA130FE380B010000550300003400000000000000000000000000D68C000037454438314233432D383345412D343031352D413641382D3444363736424436334446452F536368656D61732F636E782E786D6C504B01021400140006080800AB5C295AE3603EBE7A000000C20000002C00000000000000000000000000338E
311
000037454438314233432D383345412D343031352D413641382D3444363736424436334446452F636E782E786D6C504B01021400140006080800AB5C295A8D0E65657E000000A30000000700000000000000000000000000F78E0000636E782E786D6C504B01021400140006080800AB5C295ACA1DF9C9A900000073010000
311
13000000000000000000000000009A8F00005B436F6E74656E745F54797065735D2E786D6C504B01021400140006080800AB5C295A3DEE336E64000000790000001B00000000000000000000000000749000006175746F6465736B2D64657369676E2D7061636B6167652E786D6C504B01021400140006080800AB5C295A46
311
B7FA5AF90000009601000037000000000000000000000000001191000037454438314233432D383345412D343031352D413641382D3444363736424436334446452F4173736574446174612F636F72652E786D6C504B01021400140006080800AB5C295A8CBCCD2CF40000008E01000068000000000000000000000000005F
311
92000037454438314233432D383345412D343031352D413641382D3444363736424436334446452F5265736F75726365732F34363334464638422D333235342D343633332D394139462D3446423635443041454535352F7468756D626E61696C2F302F636F72652E786D6C504B01021400140006080800AB5C295A2679CB58
311
FA000000960100006600000000000000000000000000D993000037454438314233432D383345412D343031352D413641382D3444363736424436334446452F5265736F75726365732F34363334464638422D333235342D343633332D394139462D3446423635443041454535352F7468756D626E61696C2F636F72652E786D
311
6C504B01021400140006080800AB5C295A586DBE1B0D010000B10100005C000000000000000000000000005795000037454438314233432D383345412D343031352D413641382D3444363736424436334446452F5265736F75726365732F34363334464638422D333235342D343633332D394139462D344642363544304145
311
4535352F636F72652E786D6C504B01021400140006080800AB5C295AD2EB9D07FB000000960100003700000000000000000000000000DE96000037454438314233432D383345412D343031352D413641382D3444363736424436334446452F5265736F75726365732F636F72652E786D6C504B01021400140006080800AB5C
311
295AEFC07BC2F80000009401000035000000000000000000000000002E98000037454438314233432D383345412D343031352D413641382D3444363736424436334446452F536368656D61732F636F72652E786D6C504B01021400140006080800AB5C295AD778ECA504010000D80100002D00000000000000000000000000
311
7999000037454438314233432D383345412D343031352D413641382D3444363736424436334446452F636F72652E786D6C504B01021400140006080800AB5C295AB2A49DA508010000B20100000800000000000000000000000000C89A0000636F72652E786D6C504B0506000000001A001A00210B0000F69B00000000
310
504B0304140006080800AB5C295A000000000000000000000000370000006662782F34423944463733442D343430382D343134432D423046372D3842333045323441443335382F617474726962757465732E62696E504B0304140006080800AB5C295A000000000000000000000000350000006662782F3442394446373344
310
2D343430382D343134432D423046372D3842333045323441443335382F76657274696365732E62696E504B0304140006080800AB5C295AF270F1330600000004000000360000006662782F34423944463733442D343430382D343134432D423046372D3842333045323441443335382F747269616E676C65732E62696E6366
310
60600000504B0304140006080800AB5C295AB5A795FFE3790000DE790000420000006662782F34423944463733442D343430382D343134432D423046372D3842333045323441443335382F7265736F75726365732F322F305F67656E657269632E706E6701DE79218689504E470D0A1A0A0000000D49484452000001000000
310
010008030000006BAC58540000000467414D410000B18F0BFC6105000000017352474200AECE1CE900000192504C5445818181B3B3B35A5A5A4848486060605C5C5C6464648383835E5E5E6262624E4E4EAFAFAF4A4A4AB5B5B54C4C4CB1B1B1858585B7B7B7585858ADADAD7C7C7C464646787878ABABAB747474A7A7A768
310
6868707070B9B9B96E6E6E6A6A6A8B8B8B666666545454565656A5A5A5505050A1A1A1BBBBBB8F8F8F9F9F9F4242425252527676764040403E3E3E9B9B9B7A7A7A8989897E7E7E9393939797974444448787873C3C3C727272BDBDBD3A3A3A6C6C6CA9A9A9A3A3A32020209D9D9DBFBFBF8D8D8D9595959191912626269999
310
992222222424241E1E1EC1C1C1282828C3C3C32C2C2C2A2A2A2E2E2E303030C5C5C53232321C1C1C363636383838343434C7C7C71A1A1A0E0E0E121212484A484C4E4C1616160A0A0A4A4C4A787A781414147C7E7C9193915E605E464846838583878987B1B3B18587856668665A5C5A626462818381A7A7A5A3A3A1B1B1AF
310
ADAFAD7072705C5E5C9D9D9BABADAB7E817EB7B9B7585A58BBBDBB4C4C4A8D8F8D747674B5B5B3B7B7B59FA19F606260ABABA9A5A5A39B9B99A9A9A78F8F8D6C6C6AC7C7C5451AD12700002000494441547801DCBD89771BD7B5A70B8EE04C702641712605CE034890E220088028C93245451215B713AF388E7DFD9EEDB8DD
310
CE6ABFF4B57D97137BE50FEFEFDBA74049B6AEED74869B7E87404D2814EBB7F76F0F67A8835CEEBFA0E42B854AA5B2BB5B6BCC951A8D52A93657A914FE0BEEE39FFE2FF395B9B9C6CAD2D4C4606F4B7FFF8D1B37EEDCB97587F7CD9B4343BD134BABE7DB48E3FFA7A228ECD6F6574E4786C0FC8B5FFCE2CD5FFCE297BF7CF3
310
CD5FFC92B52FFE58BFF9E69B776E0EF5F79E55CBBBF9FC3F5D3DFFB07F5898ABAF7CDA3B74E74EC0CE20230561BF096E97E05712BFFCC59BC80539DCE83DDD6E54FE61B7747DE17FB8980BBBFB2BBD4337DF487881AAE6C5ACC6AF25207877B2B527BFF1CB3B77FA47561ABBD7F7FA7FE146A5B6BD74E3164C7F51449AE95D
310
B412200EC539418717E7F2F11B376FF62E95FEAF1442BED0581DBCA1BD2780D23F506AFA16E1A7AD974EF17876F00DD7BCB187A1A97AE51FCED5BF2BC1F2BBE5B3C19BE27B43CF26DE00933658FE129B109C2FFF922CC22C4260FA01BEFB462A77DEBC35F42F600C3F5B0795D2E9E02DAD5E650B4438A92801B65C35CBAB7B
310
1EE5041CE69D3B6F1822DFB873EBD6AD3B6FBC71EBC6C86AE967DFC2DFA4CEBFF1BF54F6276EBC114E2F43FEC60B01A0D440A868B2920E5C4BC10D60931ADCB871F3268B21D3851B08E1D6AD9BFD4BF57F7577909FAB86F29B982571136AF01DF5FE32AC3BD9406CAAF2440A54CF176EDD01FBADA1FEFEFE21FE4C9858DFF4
310
183458A9FD2B6708A5A5A137E0EE1D11A9EC0C7C58B2C73C0AD6B479BD76B7790CF899E287FA5B06FB7B07C9195B7851FA8794031EF1FC5F9406BBFB23375420286399B631E93B08022A785C4DBF9996EC3551874094D71B6F487E80F6837E50F483BDBDBD83232323AC420A18C68DA196EDDADF68A77F938F78FD972BABBD
310
B7B87FB164AC6FC2CB760365821ACB74AED44FFAD7E7431ECD7E08AC421F391D199998989A383D9D98E8E56F84A318C58D9BFD2DAB73FF5222C8EFAEF4DE7AF30D756E5108683DA471E70D0502099A7240F19E4089D3FD203E620F1B47BF43501E85031AE44B4B9F2E4D2D9D4D51D8970983FA861B3706FF950CA170DE82F6
310
B312CC4F42C8966295F7D725ED29882415DC055F36DEA1FE96FEC141493F05FAA9A9A5A595B333DED5B3D5A533F62183323032F46EFF13EA0AAFA5FBF7C8976F8C10F7280A014832593B90004D52341980D907EAEB73411EB2F1EBC9F507F92746C40E7AE0AFAE54292BAB2BAB67CAE0746264A277B06508168C94BF772BE9
310
765F7BF0B548FE1E07F3B5A521340A5CB5297C4B12811B89E82191ECF3E41B3259C529F135E23CF4C7F961FB13537F5A02ECCAEA76B5BA5D3D3FDF3F2FEFEFB3AA22053E5008833428DC6C59FA2F770595F311F235D427F379BB8A121BD901B96076A388DC4C3C61C7933CCCD770FF375A6E0CE9F535FE2534BF5ADD3E3FAF
310
D71BF57AA951B6D4CFEBFB8864758A26154430080B06ABFF557610ECC93726224F155D1471041E0D42F82F4891C926C1355B0831649FF365F46FF05300A7A790BD8ADEEB0D4AA9569A9BDBADCCD56AA55AE377F5F3F3EA2A34983A1DE91D810543138D7F28E57FF4E2B5335A3928B76EA1CB9B00BF158C8F63A2E788826896
310
D0B5E7C461949ECE089144F8EBEFC7FB4D8C9C4E9DAD60F7FBE572B416C2F2423ECF8B86C439E450DA970634ACFDA977629098D0B2FAF313A36B3869E37AF7853378CDA1171FBEBA95DF1E44FD5144A420588641B0055A79ED91CC0DC41E27064512FB33F1F04D09D0D2DF0203A646A6CECE80DF28356A348CED8C4F1EF137
310
B9319E1BCD29867CA556AA97F7B757567006A447FD375A26CAAFDED9CFDCFB2BB0BEEE8AA5911BC2C7F85DF88A3775389990AA72219D582409210F85A4E66F2987D875C30848023088FDF77E87F96FD7CBA5B9DCCEF4F4C9FC7C676777577B7B7B67E7ECCCE4E8DEE85E81A6D55AA3BC7FBEB242589CE8ED4770E785D7DDE2
310
3FF2587EBF57F50B9E820527316488E5C32D50F979BCA58207297E2B6D658702FFCD211840FE43FC9F3A5BAD9E97E6F21B9FCF16BBBB3A3A5A175B5B1787875B5B3B86DFEFFC687A72674F19D46A8DFDF3EACA59E405375ACE76FFA922C817CE86A89BDD92F400F2C55B7462F610459837D3A61ACF50C7471C8F2F2A9D38C3
310
DA2F068007F80EFCDBFBE5DCC674B1D83EBCBEB8BCBCBC3ED0D3D333D0B3DE33BCBEB0D8DA35FBF9F8CECE68AE020BCE61C112A4C1138CD47F9AD13F7DC6AB9CF9CFCFAF9D0E01FFE6CD503F5B91C5218E2899CA15098714848B04FCE5654884ABF0E554F11F6C21D73D5D5AADD64B7B9327DDAD8B0B7D7D6D6D07070763BC
310
0F3E38E8EB4310EBEB8BC3DDB347E3E37B5842B97C4E44A0C630427E5CFDFB71E03F471E12CA9FF70E055AE141042DD81234B879EB4606361D9328149037D7D76A571A7E974FA20AD0323832713AB5BA7ABE3B3E3D3FBC30307070B0B9B645D93C3CDC3CDCA41CFC6AAC2D64D0D579B4B1B397A7C1BDBEBD7D36657A3CD4B2
310
F44F4909F2B9CA597F4245C59DEC354316F0587020D0C661742BC02869435FD12CF195C422DB3C5A3E2305C000CE6B7B27ED8B7D63079B5B5B878787C787C7C7C757C76C51B60ED60EDAFA06D67B965B3B672677080BB5329E60E9B477847AE2E9EB53E35779FD37EFCD2D0DDD68AA355B6B0D81860502B8B68C801F5C697E
310
9AD62F4B406244CB975560BAC756AAA577675B07C6D03778C17E7C95CAF1B3ABABE3E3ADADE3CDB1B1B6B681014470343EBA979F8B90383545727C63E43549D14FD0F927E5F1FDEFD7263058FE02EBCD1BDCBCA053496BD58E69BC44F9F854D4D979AE9ADB908824382AC1D4014E9756EAF9CE85B6B54DB01F02F8EA5908E0
310
D9D5F1B3E72188C3C3AB67879B07C8A0A767B8B831FE5E7EB754DEAE5261460243FFF07858D8EF0D658BDC563A2C5EF5833C13C90B69248C4DD97842B61DFA7F210A2F6108A0F96B62E2D3B3F3DD939EA47E30ABF5AB2B903F4BE5F9B36757CF65021E616DAC6F60A1FB647274B4B05B2E5341B082D43278F67D8DFDA48AFF
310
9A13F22B34C7586C9992BA6E66CABC190E313E7C811AA57304B421A75B289B9D174CC868C24548823E230B9A5A2DCD2CAFE1F98E61C015CA7E96B083FC59F3ED06EE60F360B3AD6F79787ED278D0A86FAFE00BA9220EAEFE1D5DE1F7855939C3FCC1332426B377F692406E022C010DB437EF009803F0DCFD3B7C94440571D8
310
F2C328F115F47FD324802070BAB43FBA80EFDB92FCA1F7E7CF9FA875CBB327CF9EB08C4DE4815BC4210E2CB7CF1CEDECEDCED5B757490968286899FAF95583BF46F9393CEE6A86D6F618CAAD9BFF0BE22B042412C5CFB50556815CC5BBE33E9F61ECEC26A9BCB8145FD10590078F9C9E953B513FAE1FE387FAC246E14F9E3C
310
E7F5F8194BD6594140876B6B84C5D6799C61A16434201E5237582AFD75C07EEED9863F463284E2E13425A036BD41061259289B6BDC1ED656FC8B8592C9D00701E27CEA749F0D8EF44EAD8C1F80FFF8F8F9D513191F6803384C800097F24069C407CFAE88136B7DCB3D5D4A60B711F19070D83235F77331FD35E71596688903
310
8E2E0B346EAB7936C4162043E1A1F144093695443A570144898BC4079CEF1912809A3035A1D3F361235F90FFF1E3E0FB93C7E2750719F88E7D8E68123883ADB5B18185AE99F1D11C1238A792DC4BEDE8EC6FF503DF377E0445F68FAF4E08D43082D02170F30131A154206CC559A8D9CFDD762B31273E4947A581E0D9BB71E3
310
3FFA07CD02CE2A6BE1EC80167497F2A81CFA3F7EFE58D0CF5D5D170DE4F89070B0BC4040CC17BEAC6B0586C3D3FF0309BC06F44B04A1E13729929B4DF73C44070692C810B08AC3012E8EE9EAE22067796288C193B2139B970B86F47FAD0F98382B1E035D9C32FD318A4FAFCB274F2E1FA772F94411B0CD42493C23393A685B
310
5FEF3E1ACF554AF5F3552A478383374E6B2FDDFC4F6DFE38F4F4ED7A7FE838F488EA852482F412D3CB07E293D02C9F074F12E84C5AAC423271450572A385449844706475FD38DC3C22486A0639E5F1E38B0CFE93CB4B25910EF309A2224BD8DAD40C682C28341AD69047E8539A6AFC14EC573F7FAD10AE0FE6EB13E87B28E0
310
93B513B5803514DE408809BC12A14876DE0A25F643009E9176D9F0C330164285A7444DC8CAF0E9FE41429EE0A2F6A6DE91C0856C501272404A8468822E24C807030B1D33D40D4AFBDBABB411D093D88C86D7205E05FC57EDD1F805FA4CED5920F0CED39157E007CE21757C5DE440ECBCB46CD283E378029B43FB077B4F47E6
310
0E9F61E8D01BE017D7E843EB49F50A2028F1E442FCC90C9EE308E4C0C2C94EAE30B75FAD3A0EAFA57FE9EF960F14BE15638840EAF3BA490BB6850EDB38EECAFD21A0C746D0C4234DBD035EFC7EDD121FA585FAB73DB89FE6A03CF833AB0730E5E2F1A36CE3F202A128934B44E396961121E1F2C9F32BFCC0C140CFE22C1CA8
310
E109B182919696BFB98120234F61B59F7BF46EC30CF067B21A33B0FB3E402448EE266CCD93135A8E823DB31F85E677434E608F53F8100BC0098EA2FD6BC01770E0F2F2D1E5452A711C4BB8486248FAD756D852026B6DC90A2AA5C6B69E9068B8F27AFABFFEE8AB36F1D23985D5960014FD711940800B560250D2272CC54FF1
310
D3A660B275AC3881E349689C1616E1E9044129D032313509DE4700BC867C71F128C400159407C761022BA8A040F40A244788808C60B3AD67A17576279F6F946923191921B0545FC2F12AC0EFEFBD7262B6935679FC7F80629160ABFAEC88E8430E76D82A8DE62ACE50BD4A42FBF03B387B37FD321B37E31C3F063D99703F51
310
60E6C9E5A300CF32A91E0A085A29C0FC507F6C21012303C6104B82C1F1E156DB3229D1A855A32A8352C9077AF733A0AFE0FB3EF81FDF2F0F82C21B0EB06998866878B103305E31EC17F4FD43831E570A2118D1667632D4FFFFB125782F96168A833DBE78C3F11F8383A79D49F58F1E3DBC780417AE6581381E8610604888E2
310
913E12492881274822C221AD04CB0B1D273B8542837460898C686864FF6F801E8269F40AD0481DFAF5E6E9C1F3BE391C325004DF0746A4E4448F7B52C0D5EAD39EC46896B888C4210D68E99DFA2820DF7FF850EC407EB55C3EBC5028611409BFCB8889C90F1C52355AEF98B18100094C9D0EF6F64FD47E5CBF3FF5293DDFB4
310
B50DDD54F351446FA1F14580DC3902C085F593CB24ACC917B213BBC11B3F0A61042FD8B24F4FB9C4556D0CB9E1A880DE89934CE9607F18F81FDD950DD0E1D143F41D56110E227C250621FF098838042BC85B5B6BCBCBC31DD37B34966E9FFD9936A2FEFEA9EBA4182E5CD3E17AE35501FCE0707E5525A7DBC64DFD077825BE
310
37CE0BBE1BBEC061410C660B6E49912665E2B3749C7C9F93834022F74CDE6CA5EB501D9CBC04B768292C5CCB84478F3CA83074092C6082169015E5800D5839DC6C1B58EFE83ECA513BDE3EFB8EF1242D2D4B3FD55AFE03D42F8492AF8A3F21444FA2FA9ABBF525EAF84C09F0168527B0138A85D1EC0443C467B28BF844EAF7
310
6323BE13D7C11F72FED783837B970FEFDE7D7817E077C17EF7E2A1C2C0FE851FE4C008388C15E818958746129E1009D054B67530D6B3D8DA3D59D82D9D57CF70039FF50FFE0DE94089DB269C3655A4F25B38C49D0BD48E59F1526887C18FC5272197F85CA72862A593A4843CD25F920487DDF7AA0441A2C0600D062001F103
310
FCEEA3D8560CEC3EBACB01CAE5A51E420349F602191E5F901893142381351CE17047E764BE50DEAF9E4D8C38B6ECFFACEB141E54A6865A88A60133EE9CBB4C256930B0B168C1C3AB59FE1743FB422C7166082E934AFA5EFA3E4BCE0B69362FA7041818B7FDECE1DDFB4D022007CA23E521F0700AAEB5888BBBF08023E128B4
310
045381542FA256B0D04E28A0C3804E233A1BFB476A2F48FD135BAF9843BEDA3264EB42BA499601F16B566E72C7EA35908ABCB9176BBED43204C696AFD3D7B24B08D3AFA44BE243D88A6D9D0B6562B52F741E1610C0EFBBAF2B0829289A640EC4C8A4FF66A24430786CEBE1E1E61AF9507BFB496EAEB64F8F49B4129EBDEC06
310
5EC1F8A3F228A3CD0950883B41BEC6D1944AE06147289600A7726313AC69A3F91197F1438BCB743E76F01F6EF1D1C854071670FFFE43FF1EDED702EE5A14C85D0C42DF90B86068800659AC88981855E3E774A71C0CAC2F76754EE7CC87C808D1E1E0F6CF47FD4224731337BE1E39C5010823EE997B1491BBD99FC8D8EF7748
310
2BEB5EB2CF66499A8E0F7511B19B3EFBDACB6507BC78731B1B383D02FFDD7BE8DD9256F7D0BA7B46015941097B80018F700FFA024CC08078F51806100ADBFA163ABA8A3B95B9D2F92AC30BC908ED31FABE0CBEBFFF0279B675868F9AA24E9530B08C174055B7F48E4F58002F3E82F0BDFA003E8B431EB6C4A91E4D9B5FFB79
310
1265BA8827BBE5F1BCFA7F789F72F75EC800F8AE43FFAEC42F13009FB905A9A0132015D0068ED7682AC608BA6771038DEDB3B33082891FAB1ABF5614F93238079726B833958796B845B731FCB86316713C1DC581B1E19B424EE32674093F80776F7E27C6FBFAC85C536CD955B96EDA2A3FBF770FF4BE11845470EB3E42D022
310
000E0FE07D161811020742162444668308801E133A4C163BE68F6826A5523071CA78B2FED51F28F8C70FE4190073A3E5D3259D7A288CD19BDE623F10021BAB0C6E327FD507B2741627727EA00D31856492F9F009D7F152D930704E642795C1C1B336E0DEBB7F0FDCB79318543B25341F36802D64A981A690B94259607DE0B1
310
9D466BF8C1C5E1CEF9A3FC5C639FD6117B4BAEAB453F8EFBDA500A67E8BAF76C8A06566E36EE1184E8329419161F83D843D5DE7D8221163E145F56921C3EE383978072129E290A9B7166E63D26BAB1FCDBF710009E4051842390031845F20077CD079407C575F20364C4910ED2A574BC357630B0BCD8DE39335EB175646A69
310
8458F6A346F003A93002E846FFE0C459B8006E506D79BF902908A0AA05CB5E73530E33BA1D3C2EF99C712B7C8B41DF4D2A7830BE8707485FCFAEEB85A09AB6D39BBF7B4F23E00509C20DB04E240822A4B810E04D8D53D10D504C059ED86BB8697F514777717A8F8144D48A4C89077F7EDB00E2D89DC02A7B975640A282C49A
310
4AA84B70B12BFED8EA6584860DFB7EE23FCB00C6BAF7332FF259FA3C9346508813E372F1DDE425065BB61FDF8300F7EEDDBE8D0C6EDF46F7D8823478590AE23759D60DA6B7A9F125EDE8F4A5D2B37470D0B63C30DCDE3D3D59A8D1501EB1B0A5377517BDD6E301F995E3F955F0F58FAC2E81CE172A8344AC03DC6781939D24
310
84B8FFC15E8F3ACCD3954CE19576B942D0A029188EC7013FE59AE90B71292DE774F1F63D60230180B30A2EDC65291B6211B4081128856001A680015CE000708254891851D4B3BED0FA4D7166B466BFF1D2A924885AD12B387FC0FCE6819AC3AE06A7AA4B715F0927B74D119D4A668FB54B8A8C268D8B038A207D10A7B1E95E
310
42195B695BE0240F7408B311257C23F581E987C180140C584A02B1670CB817CEC0A080F259F1360E58452013200E3EC107AC1DF4FD7B0F6D23F33347F9527D9F51E6138E31AF35F1BDAAEEEBA3D71BB402E2FB47CECEE96B4DB85536772B07C82A34F3E66D0BCEC207FEB9E70643761276F7B50D5EE963CFF80C7AF4A2130F
310
5BF8C4EBFB5F07B709840480DBD8007FB7EF3F90104908BA457D43AA2A6A02C91422285E5AAC143F3313A0CB74D9D164933B86C25587134E8D342B453FC982860D09FD13ABE72055ED020E85D3E312F74C25CB0293D978A1C4001927C80B86FD06349126EC219F0C735C8053D8F5F310817EA01F1B7851F406144C211C6362
310
C27DD51F1E310C0102280ADB891E9B085CC528A2B1369A46BA195B9A2B351862CE43174BA73FB7CBB430A5798F4C54B7333B96C3224A9863AD02B9FBD8E63092191924E77C199D92887DA594B6DCF0112857162FD0949FE6A441F5E62E42FB2105BC405A2301A3424601DC807912CB2C39C604A27908021CDA30C4C8C2019A
310
883B3A8BD393BB3546136EAF561980FB63E9E035FF73B96D09A905ACB2C11D79571C5159026227DDBDB81396EB03F14100BEB66DE1FA9EF82C3ECCBE318119C4269FD014E66361FC8BB0B4EA9A98EF3D8848A01360430284335004C183CC25BCA82D2302EB03B8419241C64DF4F5ADAF77B533BE786334BFCBB8DA72BDBEFF
310
C36103AFB30608A0B39B58D93F0BF42180841DD26BDC22CF0A770E90240006BAC65197D90920131C7B2EB3CFD3C71C6378A305EE8488FC1FF8D391E2BDDB0F6E3F45E7C8207C419800DB410073A3173942CA8D5242642A74496FF115832A6314D9FA4257577BF7FCF8F8E8CEE8DEDE5EBE76DD3CF892BA7FB8B90F629431B5
310
525E92A15A3A4A6FEA3FDD73136172060959206591F4C927196CF645AA285CF3014630121754261C0D31E1A7E3DA2DBDB54B04703BDE3A4209F02045C4BB0F529A14BED07098A2A1CD47513DA64B512F409BC01663090796D787173B5AA141B1B39BB470EEBCF1E30F9D263ACC4D05110797CEF7B923B027F089F74D1D06F0
310
A4D8C0CDA6604023FCA45B76C5CDE0BF3845ECBE13E0C0ED73700A8A753C1AC8AEFFF1B407FC8A20F42F0D94019121DE304077A027D4112283BB8FF0072444D68AAD111D6F591BC0061854BBC048EBBE9E81F6A33A95C21BFD13AF3C7E7DCDFFEB0DE8903F77B41DF178E99C289895B0EA8CD640549D68935BA7C5294E0A1D
310
66DA0CC419BD398E6265789CA1241441AC94532A3C19C95340BEFC68703077EFC1D307B71F3C500859C11494838E902203A2BE90EACC5135B80B078804340C920C2300BCC06F7A1C71B875DC572C9BD1D84BD5FB9363CA6BA7D03E5C40FDFC54FC23C9B4B9DDD028787D89219038523BF64E638BB37CC25335937A00DFD328
310
69C5B390C8C32FF25C8C47A7181B4A599A224A9DADB0E0406FEFF9F183B7448F081E3C55024FB33828784AB61704482CD0160C04174F9E33BA9291D58C2F1F1B1B3B5863B0D9F3E51C35C253D54A23E560E2C0CB3A6F7A81382601C2079CAE96B7B1560D20A341E85A928A4E01083256420576C2ED477E2E565FD9223BCC69
310
1CF394D3D8E281501E0EE5C1C8159E92585D255CF30CC854C75318006EA4A01028EC853F9407C6053910BE105348324002260254886C156260F9189EE0F8C9A3CBAE9D5A992184568A69D5183A7DB97DB089FDC57AEE54F858FE54F577DBA85309640290F2D220952620750C5811FB772A7876D1E4040FBFC6474D51246D8B
310
3FB378283FB514F8AB3C20B8BF7DBE5DE541C9A5D3D38DDB30E00151E02523081BC89C2214103E0BC1B3D0199A08E002681A2613A2616CEDF0F0F9C5DDC75DA395C25C0309C03DEC8091A4AFD3FEB504AAC6633930556DAC86EE3561941E862C4A75DD6B6BB3A0C59BE153DFA73EDFCBC3CE2188D3D378FC976D0EF9A95B7C
310
8532F527CE3CF539581E0FE501291E9139FFB65EFF5DBD8E0C18DE3077170A64E033FD278F18068028802F156C3809FDEB11B1019C208D020C9BA2870457F0F8E1FDC7EDD393E3B9FC9C4308E9315704233F960E554802C14716B0B45DAB5EAB5E25AB7830EBB8D25E6CA94E4AA01794FB1EE164FE9F040FE82C940A4BCEF9
310
13075D087E85A7237D3CF29C47E4E676777779528C4781761F0BFBC1D3A77880E40C9A2E5109180D5255317890394229F0F082010354082D574F1E3FBAB7D6553C2113DACB97BEB5526C7C6F69F9310A94C46CD89FF8F379AD1AA035FD00FF3F320180F01417A6F255A3A8D86319FE0C0B0E06A0DCD33F79841339C01E5BBE
310
1911AFCFF7C1E0A540BFBDBFCF2372352686D863F83F59CB6865F43104007EE06F52406F680341102048A01BB048823082CBCB0B6AC48C313F3E7CFEF8F2D1FDC3D6F6F9F9D9E98D9D7CAE5EADE2A6512FAD7AB526E17F600C85550DDE9ACFE9D97E694513103BC69F8A2813176032C890C1E9C49FC09C61670FF8705B1D73
310
86260E7C8E7122C7F8208A55139E8C8D4763F7EBF5728DF9C34677364E3A3F9AEFDEC9CD95470788834F9FBEC512379890B38C94205B2557987C4186DF5C0837608DF0F9F3CB87B7EF6E920475752A01460E556919B2B64296FB9FB70DD5F47232A0F77465BF140CD001F00ADCA175090E2665A14E6329B62660E02A1CB50C
310
6025E3DA252A670B3F0FFAA5EAD94A509FE7036B159E0D1D9F2E76B7AE1FD5A606198D3A747AF450023CBDFD162278B9446688111009B4029B0F2180AE20A542D40610C073B47FEFE1416B2B12200F3C991C2F54EC2491027A816B0A34A9D05C6F437AC23462385DADD75642EDDA738AF1600DBE07EE8437804D2D011A94DF
310
71C2085EDD40266A407FFA1D1C00B0C03927E60338E3B9D8C47D1F8CAED578E06F7CFAA4BB63B175FA7C301B747CB377F45192003CB8FD34B12009224543D8604494011A80C1903CE0518C986208E1C5FDDB8FDA161686873BBABABAE74FA637BEA894A44078C19696F326E057D7F95D061A6B0394A9D5F2DCAAFE4C2388D8
310
A6E9AB7695CB0BDD0A332430F1A9333DA41D1FFB97FA09AE84E738C75C407C260408F8DBD5EDED7DE1570A7BE333C54F16963B46AB0C2B71208EA3D16EF4EEDCD7005241166C005A73C03164792151205C007288AE337B4D7103741BDE7B7AC913350B348B2D767515674EC6F72A0402BBCB41C81305AFCF05F2758D3ECAC8
310
D26AB97606DB9581A4B7A8FFB068CD5C0604E6849046B70C2B60FF0CDDF93C13822B4E82FA0479A68220E66D9FD775FB3C1A9CDBDB9829B6AF2F77EC9E0678FB20ED8D1B1A1A39D10F9812E20D6281F5673121AACAA9C53424000DAC173F7E18C3052EEE3E78E7F1160F5AAEAFB70E0F7775CFCE4EF384DDEEBEB9C0889D52
310
43BDF557559FEDE5F17AB21E118C4C31A3DF6A96B56AC62180293910ECD6B721047664BCFCC6B2DD3C65CA0F0C823DFEF84083C7ECCDF05898EEF158F4FEF97EB9C123F1B9D1D1A3D9F9AEC5F5CEDA84A3C96C14A55584D62893D6A54D8D2028D05C8B1F124884543F3223B29D208B04910D3FC43F5C52196AEB5B5F5E58E8
310
E82610F08C21BD443801233C0CE8BD1E40F84A1CA86001990048031ABBAB11EF83F9283EA89F181F2A0D9A9F62D94B7F625FD727E6A93F63F200F614F7CF100D4511C07DB45FC5F0CB4CA359ABE4774631FDAE85E599EA0878A3C33D5AD6430CF4C055EE5FDB80629000D7855DED3F436F3B61B3DC7FFACEFD2B1BC6FB0696
310
312CFA477CE87A87070C7998E04FBA78AE3F915A065E819FCF35B410321D9ABB308146A11AD5196CDDD7C477A171C8AFC74B45CBC6F641AB53C8D4ADA5870C02379BC0470CF83DB55F073E29CF5CE5F7A3F8FD62EB7AEB1774C2C6780B9523F9287193FD23DDB79FBEA513B45200E2E0C1B51350163AC19043C600F2C1DBF7
310
DEBA7BB9B5457BC0D840CF325EB0BBABBB786D301437000020004944415472B491ABCCEDAFC0591201CAC8EBFACBF367FE7B6E40E69F551BBBE7123E3C00AC560CE20C62436E8C3C54CC225EE08C0D74CE26148877689EDD004FB2BFBFFFBB984035373A7954EC5EE8591FE531348654514DB1D1C56411DFA2A7C212BE5ED9
310
1278F2851A432244C6822C29C85A8B320ADCBDFDD63BF71FD32648E7D098CD018BC35D7FE89E250EF2AC75F96C15271602687965C844B8807C6E7729D93F22E81D39ABD62A0820C1FE9F11CFA7208125D33E96FD69E83AF6052DD32D49FF0802CD9F9DFD39260389A950887A647CCC99BAB17132DFB5DED35138FB3A060F62
310
95AA5E195BF0BB56495A5A4A8FA440026E46A047D40ED2520A441C302D240F201FB8F7E0EDDB0E12A04D8816215A0579E8FE1B1281E9F19C9900DE79842E2A7CCD48E9876EB01C75DBA0E0C8D44AB5512947A00BE7CF5DE9E1A6A6BE43CF1A78783DFD5A404E4477336C1ED8B18908B2A847B2AFE9839E891137A6673BBB96
310
FBBA2A4B8E9373B001F08369BA11BE8ABC4302FD2345FD6014A127068427D007BE28B41D9B0D40FFB7EE531FA673C8870A69135B1CEEE8D009C08042A5B4EDA314920B635BF941E7487E45256439DFE9D276295F87E698389CD49FB394FE19720412DEDDC40E9CE9C6DD605E0B719FADC416CB15AB3A61F9B5B9B9426E54F8
310
1D8B03DD950946D432B40CEDAB7BB5AF11213CBA73C9BCCCDAFBCF06127C7980FE6D1DC9B4DF14832D6568FEAEEBA76FBF438300B541064ED33F3AC0B0D10505306FD370AED02859234402F6C3FED006766DDED2034D90D119057225EEE3DAF787EBF30EC51ACB4F551678BD6728E1944730C095F13E4D81A4DFFBF67C5BEE
310
37E62A85FCCEC6CC6C7BC77A5B477E22223ECA4FCC0F87E2A5E3EB782BDB25B8CFC6736A044DE5A7CDA604526361D650484FE283B77EFBD65D52C1C73C4F48E7D0D81ACF572F2E2280F98FB230508FA906B42DE240ED651B301CEC83DE1790C9FD96B6CBF986BECF3BD332C18EF627A0B6EECD5B152E02088D03D828AFFAD2
310
6B05BF671B4F9A09A8CE0CD2707F67F2A4B3BB75B9ADA331C1305BBAC182FB4A79820B7EEAF73199B8404C0B81231CDCBB871B80FC41FF5860E8E108222A1A076C29E6E03B6F3FBD4F1F295DC457573C7ADED636D6B7B8C88413DDF3B327E1046AA51040B40CB50C7E3F1D2E44DAD34CFA604029BFFBE714DF0C069908027E
310
B275F1F366C132E1A7450B04011CF82B2B647CE754F650FF6E25BF37AAF65B7BDA16CAA791F1D09F6CAB989EC5AB7809BE145FA459E8D3E4B0FB47DAEF093B946FED585B80FE1A0305FD5330FEDB4FDF79FBF6BDE81D8300CF6815E5F9896552412A03F31FCDCC7CB5E32365550CD9365FDCCEC8752E943161D78047336F8A
310
F6539840A1F2E764FDA2970999F205CD2BD1F5CF496571F76EAEFA0E1CF8FD2A55FD06391F9EEF8B9DC9994E72BEBEE1FC928E2F223EBA0FBFBFB4F2DF137BC894B8087643D64ADE6EDED67F7680FAC9060239E845FC94AE93D880F994FBF71FBCF5F66F9F32C292EA900F9C1E6F1105E81C5B5F58A067A448143842008D72
310
75EA3BBA3D2516FDF02FF79260020D6B3C714711F3CFB61BFF56A826E627E82256F7400FB387FEF23C1C1E77FD6A21EBB1B2B35F2F95E7760BE1FA3ABB3A981423477517EEE36FF96F122B942F6FB64D9502BD1B9089162532A2FEFED255028FE653C9F46FA321E0B588B7DE79FBED07C44106CC85133CA65190543004D01D
310
02D8181DDDA5A9C91A7110805B7875B689FC3902200FB192E7DFD936B37B57D9C338BD49E99E181F4E5FCAB2ABC1CA7AAB382CBC7D515457CFABE6FBC63D525E5CDF74B16378B9AD6774A58531912D232DF01BAA913DFB7D3AAFF912984302B84D0500077800D26C60A4742101DE420C610C2E92FA93056022EFBCFD5BB6B3
310
8651470CD33BD87630C05831BA864C85997B8754B05167F0706499DC442FCD22592AEC2ABF3FF13F950039BF159FA9B36ABDB2778EFF83F70972B83BFD3F4899E64DD8346AA495CB155A7499F2CE39B0AAE755125EB84FD8CF8D8E4F4E9FB4B72E8F1DBCCB98B31BC4607C2CFF21C8145FB48EA0F2159F86A3098415609554
310
DEFA7B27EF1301033DD06D274BAF6821D220DEF96FA4CBB60B3CA241C021D38E1AA76B4406B4767576166766A6C7F77273F5F395291BBA19F64F2E3095C14F3E60371827741CB27E89543857D6D96BF9A47C6A9A26057840332EB843717AAD171880217B71FCCC0355AED3D4819911F79D0EA8AD6DA31A83E36C5DC2D47029
310
5C011302387069158F6C9966022367ECF1D00BA9BB95C389AE7B6105A1FB640689033A7FCCFFEDB762189103A61C3A4FEFE0D6A6B5A19EC5755A443AE78BC5E9235B047890A65919A0D2F96AA3C01CEE913BB3ED239C3E0CD8DDAB99E4348BF3F8B977B6C43DEBEFBD7721A839A63B94C06A10DB87FCBFA3C2932F8C26F88B
310
6D6BB30C3C4E09AFE40FAB52EFAA1EC0316920E031A46D65A0FFE45A673432E907FBCF86717AC04F2CD0EF512D665FF53F05BFCDC43489F150890C60A8E0314E70A06F619D30D841189CA15D3417F3CD50191AE4396543F0C42BCFD696C58DF163F5B46D708BD5FDDA5E5E5FDF9401BC4F7E00E8A17520833D1CBFF495B5D1
310
CE037C664123EEE74737268B5D1D3DBFDA6AAD8C08DF2C0BC7A737E10AAB2A7B958990CEBF556CDBEE823CB09FB344143463C630CFFF585D330CF0320E921744A7918280FEEF981161008E9FBC78C830217A07B7D6985E83F9A79884ABB5AB383B4D7D788F9FB3D867A2112A43F19042B33A108690CF6F472F8661CFAC9714
310
78757F6E6F2F7AEB82FEA85E5715941778B278281F28C268AB24BDB470EF3303E09C359E9DF1CF990D8A096106E6A66C8620DDE7D281DF0B2831F20439A30D68386CE13E002F7EDA8D7806162B205D6A19AA1FABFD6B1B400EC2BFFDD66FDF7E8755B4883C043F43046C1326136680404F1F934EBDDFDD39CB58A98DF1BD78
310
80E0532E671FA1435E9D6EA5E9071000BE8F262E7C4044FD95D5FD526EB40A05A634775F32205C3D779FDC168CD5E56BF982508BF572BDA4F6F57D3304BE9EB18149461B12F760D7485891CA47CFC44909136FBF4931716A2E100123FC6CCAA6A644F25EDF4AC980B14039009BECE8B798BF69A05DC5B6885CD23F8E13A46F
310
F0C0A986D617F001C52241801E87C2974C31411DA3A5D7B6175472763D637D3E57C33B908F867F4A59CFCA7923375E5F027A983E18BD7BD4E6FDDBB2250C1529F4202EFAAF979DFFB1F2612E87EBEFEC58581EDB9AA95AD1D7C1905F7305BF8182D5BBB524D47C4E3B81CD843220DE1E6536497C0962C225F75A2D6A998303
310
B23FC501F0B3F736EE1FF01200FC8C99F5515207C9C40081DF304C0A17D06E26CCBC5B3C47459308178301FA8057C2C0AE9D99B05F038828B08400F2E3251254DD7EB8BC4853B101F99AB48E387457C96951E5DB670648BAB70A7B04FE93EEC5F5B183F9739C98952C6845C380D401B8FC86E70A20744EC720E09D35955D96
310
A9041720196D183AC2CFE6AEA816652D0234883D788BEC8F5DF2615261DB031C2381092401B48D8D2D870FECEA9C3D99DDB036C8A051058030E32190976718C89F031DFBFF2EEA3D88606A8A19BD0AE305BDFD12BA4FF46F1A0002B07137989C748936E9DB2C91F43B07E4E4D16C3779CF5A4FFE8CC981F07C29E34B7C012A
310
F0054FAEA4A6A3D49D3A16D2B3CF220A029003366663053C89B3FB1827080DEC2780076FBFFD8E39810CB0593CC68B5D9009F2D400418028B0BC6CC74067E7C9CC0C2690FBB084AA5254A12AF63543B35EB40D17B693F7E3464D5094C00AA9E04E0E0524F5C35C5EC6BA94B21AAF2440725E2A9FF94FE7A8F0E769EB83FDEB
310
039B631B18BF396F5C13CF89ACC02C387DA56DC3B1CD84B96CFAAA37B55FE723B611062258257D331F186AC93D8AD600B4FEF4AD777E4BF68F2168FF08C081A37AC13446C859964803961928476D78F68419390D830C1935B5C2A0A22A3AB17D3D6428BF12DC373B8D464E04C0A496BB3B3B75639DCC2500E0F0B15FB6F47B
310
5A7ED0183A87CAE8D535F2EDBD4B3B7FC762DFE65A07C30B2851DB890082ADC07131EEEFA3DB7DD5CD32C0860CA83CD4B7993A175F422A8149B1C1D94C1145059D9C78A8A572A90B7C8B1E3392FF77A80C50220880FF3669004E90F101740D2B808181455A044904674E7482CC3EC85C4BCE339404C0B0BF6A5611E4F9B815
310
7BAB6DE327EC9BFBA1B4557ECB609C1F45326499EFB90EE78F18227F09E563C9E63D847EDB3B68EB9C39E95AC4F7ADCF7D87F6752BB6912040281E4A0D8A8314E80D60470999B8A51FB1488A66A9F3F81FFA61C83F4FA6969E472288FADFD61B005E0EA4284822E018911828E868614DA0C36E11F3A051070BF2F0840E35F2
310
00E2C0C80A776CC9E7E6841C0503D0EDF15ED9AFE527E798D23BEE5F0604E58DFB7099D739BF0BA5D332EF29F1535995BDBD0DE681C4F71DFE6A7AC5A13554AE6910963E9ABC9A0DB5B202225545F5CFACC942B5B93C207352B6E5310BF349AF200175D7DFDF78F6D683B7C87E087FA9B35812C4F8F13452CED610A2207541
310
E6D659A739441F3833CD0C9C3C3DC2B0712F62333C4FA9327C9CA1124904B4FDE0FE21C119776CB0C212AAFBA5CAF80EB43772ADFE77CD9FA8A4144C54C2FB2304C65F62FC3678E4F6C68F30FEE1BE8383CE7DB86F58B1AE0C51F0F055E188D02F00911DDB0991832228B3172B3E623E513FF1734FF414A611A603163F401B
310
EA790FC9FF7FC3FD3DB02DC00184145B850D01D120424DC03C00FCEB7880EEEE939399F1F18DBD4AA54C939899304D913CC2D5CFBC55E50C7FBE4C0E14AEEF53D6843DFF56BE2D554637EA047D3C210E2C61077875FB5B40E19F43AB7470CAFE1C0D3ED3B3B4778D1DF6D4F837C08747180FE8394F2CA1E0A46B6DA62CE2B2
310
DABEDE0B1924098580FC16B369730E9E90541D3730D47FDE16EE1FFAD3419CDA05ED1F2715C607F2E81893AFC5936303F40EB776F1D808BDE393A3FA401E1C706E154C892860AD74A2949C409E28A8FB3349C764D13E4D1D3468952B7B1B35001BF41142CAD58D6011C8B78961EACAB66E9AFBC627673B61FFDA4167950A27
310
4145BF11EA17BA9AA60815C2C43AE1F648E3772E53C94E6364AF826019E723069A8AA353A3BF7FB5359281700061FF64C28C10B9AF0B70B0B0D30A31CD1CFD22F68C76DA1E44558869257892363C091D313EFA46B57C3BEB252E9C6BF5B4799EC58F1910F469E25AA17B343799DB3E33CF410061F96C6D63FA91B1000CEBB7
310
D2971BDD39A2A76361E000F5DBC1688D47CB812DD60F8001AF25B328D173A9E4BAC18CE9F1F628704330741B2649B92E9714447C68559C6CD2F681919367E4811100750058809D0230C087A89FF3C80C23C4C60882E481F48D531764BABD5CCECA308DE2F63D3BB50373D630796126803C2D1FBAC148F7592881B395ED7D26
310
B7DD38D7096AF98841CB37592561D9C6565317AFBE9FC4AF7371E060736C7635E0CBA1809FC80F544DBAA1F2F9393D970D44C0615A0C6930E758B9E63AE690F73045F0C8C0731DE9CD80F718E94652383458799E02C06D328010011C7090D8C5E5336A83D4059953877EA1E1D66FBE994F04608C4C991917230FB61F9AEE18
310
3A40AB9108D032449FD1A7283DD25ED15360EF7EA9303EDDC0043403531EDEAB10DFF87F5E2FD56DF0F1B701A9F614DB17FA0E0EDF6FD0B1622A81FA3D1DE5A33F551930335C353A87F9AB05C60455193448246944A232C5D07636D864CDD7A50D0B4440CDCC465D1C418321F50E1648D500294065D869559EF3C40C8FCC6C
310
323E989AD0F0C73142480B200842802C061008B480A9954AF282052B3AF67350FD0DD30D1F4075AC303A5D490250F5400ACF479656861E4C77AFF327F3EBECA4B57B6B6C8FF62602BF150744656A87DABD7BC6BED50527B2120C001A0B3718C74F0C65CD34F275164D7968148DDF259AB8AD6CA81CDA4E8819509B996A7F64
310
2D987A401A2B04018C01E6C169A8700F9DE3B489DB2BC49C9B7B858A4F50D22AE15428FCA4A1EDB20C83492690CFE361CC7F8C8066FFD0D77AEE797977F468A36E0B0DFC87F90EE6348BC748F7CB73B5B9DD5C6EE7AB19ADBF6DF359F1DC2A0F9E44F213F8041F64274C0859A2AB7C37440FEDDD2F95BE44065F22067E3EA0
310
CC3BD8C0D8194EAB291CCEE20B9CD8E02950AD806080047A279F19024C837C848816719AC4A34DF8F0706CED904E8185753A458A27E4C1E37B5F30A104932BE140E0BF4E400160F320B054A8705042FFC47B4940810173F9C9E97240C7FCC3F3813EA239B745DE9F1B1F3FC2F9330374DBD1A7B475923F9A2ED81716D18D1B
310
577DAAB9D1A0458655AD3CA7E211867AE7C702DCACCD291E0F798013DC01BC326087775C0833E04EA3778FBCB8DA4687A0255CA0AD210C15661E4E92001A4449031D1DD27D327334BE830B64DAD90CBF537A45FBD4E94A7A88888E715B7E74FCD040E818BDC1BF5AC609CCCC015DED23877080FCDC47BD8EF3A7B783A17D33
310
F3ADEB6D6BC7AD75EA7C7852C5B6FDADA6AFEFC2D181C03F8C40DD8A4AB5024F0B72E34B57BC1182472DC80946789AFB711DB7F1193C03C893B0345F420246114D3EA71D04FBA731C0DAB0D3CD311B218F0D5A15ECC105D02F3AC32F13600084731A83220040019B03180634B5923D438300B05BAC80881F061095FED5D572
310
A3323ABD83F1D37A2301A8C930AB3F66ADF7CBEFED30BAAD7D78A06DEB6A87F15491F5AB7E25842B6B34BEFC12C8A159F187C64B3CBD2356DE5FBAB98BBE9583F0E3280C0076DA15BF34C15238145742B07080B1EFB83382F9FEF2239D003541041083C5AF9EF3C8944DC2030BC3ADEDDD9D27475800693049E05413BFB3FE
310
B4308731512F13400D06F813368A0101D8D863EB3E75FCCADED124F532AD3F123F131AB46A93DF1ECE7F96CE9EB6C365C6D6A07EEC461FC919FE288AF7AE1A7D012D291EB073735FF26BBB1C99FB706E972192819B7A34BF22424BEA1CC7958AC2E04BFC8E02DB90A4A1DD04811ACDBC181037864672C78F6C0EC3073A40CC
310
49D5E813593B7002763BC6A909D31AC86F3F6E335C9E1C309BC58F16418642E2AF6B290A34FEDC0CFEE08FCA0F56700699CB73B9C99302AA17BD516D7F1FD755A2B32B3FBE7134D3BEC813195BD355020A7DBB541539CD2C06E45F46FC0EE08293E6C0E1972176D9B678340AA1A4823404EF79B1E2347E47C35D0A2260730E
310
0B513025DC0BD1C07E3366E9B9D17F767405FB531070700035618606F0B40C73C974CFD321B0C174A80C0F3AA54945FFEF348F5488895713E89B5C98DA501E06D8D24FF04FF0CD7ECD7BAA755A854EC6A180AD13BE094E8D5D63BFD6DFA5F5D3E4DB1BA18FD8473DC6E17FFC9832B71A2A94D96E808BB53F9192955D62C82E
310
282B05168AA0927D54AB20A20A74800B7CC9655C8B15F62377CA4C91641F9F4D0478F4FEFDCE273A002CC0A725EC165CE3A149F0333E8E9600B2C05A7D15FD831F0938DBE5D0FF13E3C0F0765965A0961C3FA86DEEB0E28304747BFBA5FCDEE44C23544F7BB7BF7A132DDE34F99E44EC3FEEAE92F667A10F7E90B0E8C6442D
310
F5A5318B0F816311DB2E6DC6F172C363FC800EE09186BB9EC82A24C0117700CD884AA42023B81EA6E0CF8B3056411110D78606EBC5AD5417B45BCC8E61EA01C4006AC233933E35D860BC1B6CB9C9CCCE7840D2E0C1C1FFC11CCE54D59300F2B47D66A10F09D8E24B71B9BDDF98FB62A3B897C53EC88D16D1FFE8C649B17BB8
310
E760EB20B784F52F992544753F2CBF642CD3C9C70D8722C197142C567E74FB431EE248A8F3FC00377F5142144A82FFC28AC2970A780C85A7EE9146FA4B2981F3C93BCB0F3FBCB6DD3DE69C72B6073B99140DE28B8E919D9D9E7C2F5FA99FC1FFD07E9AC0965CDAEA0A945FADE52C791EA989E8E7A21A355FB37E44405D171B
310
98A6E946DB26AE71DBD01FEF07FD378F5B4B518724481820890E7486E3FCE61A60E096D577701890EE07CA5D7F2B086040749FCEF3F81972E510A86359C9BB579883035887542090614E5C4461705D7CA1CF84DB564838606CF1597E8119790D021080C935A908324EDE9F60A04B7830A33F0670CB08605B8D01BF9A3D4356
310
93FAB4FD84EF6754930640C1F9D74B052A7ABBA9F502B39DA3BF6BC7514EA4BEC71D752BFDC198EDA8DFE8F32B3EF811E4576B0A2074B99B070A069F60173E7427BDF285024E35A4418B7A412914F2800F1965C4F1120A2D5D2C64400563D5942044807BE7C738EBF3034C4A6F4D70C04ED1F97673C039FABC4CFF18866E08
310
200BB66BDC9CCDCC3FFD1E43BEFC52C317F0F5E64900FBFCDA4DEE68768FFF46350E0EDADB7B34DBBEDE3776BC55599AF84E312229F931E700D04478D66A0D88D09B2276141AF0F8811C5F8067DC04C0F90929F7F1AC9CCD368488AFB965C97B855A3E2E93AE5B4866502E55991B82D4388614F2C36B8484A5FA06E3EFFA98
310
4A6AF17D5C2073299D9F12FD63826F67FC460E54030981684E9FBFC22009A3006962285FDF4FC84B699FB5BEF3736C6072F6844C15EDF25883037DE6BB7AFAD6AE164B367812FA8CFCA6FA25725D99AEC5C6EDEEC64ADDA2BE0056002032E1D7A20A54CF444E360D520A5B69816C0A953CE0434A8A898BF18E2B704588C01B
310
DB2133342F5404FEE698957C200EF54E31BE6DF4E888C9C67F5F3F1B41F922777E7FA6332677C20098C59F762F5DFE4A23F9801A3BB6F8A4F66E0D40EC867E92DEFCE84C714FC7CE8DD3DD3BDBF9C781B1C3B549FAD2C89D711808CAB100E09700BB85240374A7209212F320CA577222A7020E7824500179FC7096C714884B
310
DFD9499E027ABEB3CB0226CD293CAE6E0C41A6788F396606A073E28CBE5CC67D584D36CA39D37974FE1023253E3FFB007A26F657FFC901D851130DDC2BF54884F20D5D40A0B7E5C7BCC7CC87B84F2ED820192CCE1AABA1FF24ADBE1D03635B5B3B53D4A5F84120125FADC36A0E792D3AD7E255792CD5241A4C84171F110409
310
0017DA493D0A7790A7BDE6DF326180398E4B0DEADA5C2763825E43E05C388E184678C88CE6422606C017F030366981353DF03A753DBF6370879F79889DD0BF75408724DB53C5B0063AB6568D02DC47AE4627B58D7E367A6000267E7840C23A0940B992DB98ED1C4731B4FB4DCFB6D3EAFB6CAC7646F0335C5031888CD74E21
310
03380260AD47176D703960230370FBBF28813524C17FFFBD6288BB28E4F905ADB4A788B40B4A6201C1878BED224DE9906C4C79EF32EE679B9F5D3B5DFA137327320643909A823F62106CB8F9BFE4BFEAFF0FC7A6393EC7F64A698EFF8ACE31BA05ECE6DAB6DF124118D1D13F892F3D3530602E3F3ED3D59DFB821ECFA3D9AE
310
85B1ADAB9E328DE738BF55D5DFD039445AE76D0194180F57B15BEE5F09C07F952F9A10372BC894CF7DA12CF6507E2A8916E0DF430C519485C55D61EFE209912D8C32866214E121611E22A0B1238DB18E86636A3BFAFD5B4EE02FF1E505F902BDF424D0516907BFC95EF3A76B6B3872769D67E25B548F0DA46E2B93DFDFD5F2
310
B9E9EEE1EE1DCC7FBE6380DFBF38A165CAC73DF912AD76A4690D2B766A3EB4AFA2D05BE543EA20B095FB17AE3F1928D84482049B659E671A4763CFA567C08824913D37F2F92F841FC244085C1681225C04AD6DE1684831682CE0D6096B56101C0D4FB3A1BD3F11FC1105AECF5660BD3FEEDF162B0D9DEC6DB55AF27FC98050
310
BDDEDFF63ED14B01336053A19DE9AEF5F5D9E9D9F9E19ECDADCD497BCC57681922F327EB41FF681E17C1921B04FBAE371AC69E53F98183E91B84897A5DB164158BD1D12FF6F6BEF0E02847727BF2628F9FD48B6FB11DF6928C868B29590A0606F92140D0C08850DAA7DD8A5FE8A50389F61288AEB743E9C801BB67DBE0A7F6
310
4F63BC87770FDF57AA73FE1F5A84F8DD3AADDFC32087FBC0A7D645C327B97D65E7A8BBA76DFD9BCEE1B1CDE3F5F7CE4E6DF4013ECD7CB60BD1239E8A4E9A5722AD9C4FAC8F7FF17B214AF8801950430639A08E3ABD05A0D94E253BD5951C885B0CE750309070555FF21F2EF83FF53F4E15038B8D8A244740A5C9CBC120043D
310
A0B323FB1DA0A4EDA268C05A304619505000BE10415DE898809DB6B66896E60AE347ED3D6DC707CB7D5B5BC374A158EDC343D0EA61C217D4878CBBDC1D85686782C3CF4272E7DCFB5E9EF628F5A95AC1AC0C6848F5771329EF8DF2BB79EFEDEC8DBEC72EB7F245287FD4B31008AB38EA4D52F2BF57167159E3004CD8950E21
310
7DDD6F699FC763E9D1A0AECC701F7BD4430A3E030374066938F883C01DE40E7DAFD609345E33570F4CE6BE467FBD7F793B5AF2A9D331D86DBA7BF98067918F9FCDD609A0384B523F4413B574B818C6889FAEFC5E7B8F90CEFD62BC2C85B2478D54DD076635BE434FCADE68B3ECF1C8708E27863DBEC352D87BCC7A92A8E135
310
700CDE65BC114026DE5DB68275E656D2C0D4087293D43BB4C9C14EA83C0D806783B40DD7CD4F19EE9F33801F55A3F1FD600017A6CD5DE607783D5F74E34680E7DAB98D99F6E5B5ABC7F7DF19D8278322F6A97FDB2FADE1539BD945DDF868EE2B8B70D9EDAA45D1BB0A5801198CF1DA891540474745BF0317F8A3703E02510A
310
E94B084221F887FE950272D62D4232781054A87C58D015CD45EBF9B70E60820A2056E9D4D619E8494BBFA68B61EBDD8CF52CCBA124BACD4A4077E8420A7F36FCDAF661E577B792A7E1B7E337C7CF1FDEBB3B49F501F3C7366C1730E793F51FA20A9C3D2E9F18E63DC277449054CEADA36DA0807467D45F8A744E1BDED725A0
310
33868703F1392BBE221158220588F30574A0B0893D0515B0B7C404AD0E7F40C11D504C49BD7DA39A85A19CD7357DFC966E5D92272FF06D59CA5A6A1C8AE30E52F1247C1F1D78F81887F9F3E387075B170F9F5EEE4A7F5BFC69DF02FD8795FCFFAB472E7C88D563DA514861B85BD41594A75F5E866BE69471110A9F75C8609C
310
7E6BF6C7C727431EE3E9E3773D2378C25226E82C08104A57ED273FE0921D6990E02B006BD038263BA360355E8DC446A380F0BA35FA9945A80CF60DFD54054202F91897C241C147D59F8E0FC67CD0F2BF377A3463F8BBBABCFBD6833C57E214AC3F5AE9C2FDE88852968F20337972C7E04EE5658223008AE82D93BC37D8DDD9
310
00BD6B16EF221F0D4149045D740A8A215D4FC186C658E01994B8CCD317465828704BB630DA2243B3B4ADD3EA554A97408454148C04A1A0CAAC2E04033C04073851F54380E0BF2DFFA43FAD3D6B574F2E1E5EF6E5F4FEFBD1CA87C161FCBCF5C7AAE2F726F814027BAE10F79BC3D765D61D1803952210A9AA07F8C6BB2105B6
310
1145B324F96014EF223D4A9261080239F03FF6F4DD4975C183B887E081F7A467A25EAA0C94028FEB808637768B07400A8235D4EF33143253198900E079E3FACB0C59B00F827A5785A6FFE2FCF0C0E6F1714F11CDE5140D931D707950631F3DE877F300002000494441540ADFB08704E252AADE1BD4E8DF55796A32B9B6F177
310
37C67702E5C638682737286CB0E0A89B624D5BF28222432848C9AB8C07170C97B814FF492A61072407D638006F7C8400860444C01B1930A522788045633DFA9507267A3A42BA05925BAD705CDD3792FA23C1075C6EE768A673919EB6C3FCFE7629B7310AA794CC9C0D14A1FB88F95C845BF22543F57996E0B26C9E4C2ADF18
310
7F979F8A55F11B47BC26594C52588518D25E6C2B1CCED231EA1B748F093E5726A21A54C91EF95789041030C20FD5AD68613432E19A4D0DA2505B6BD843516E10BB00AF9AC315EE9FDB39CC1F9EA59CD88F9CD071D470C86C4647FDEDDBB1CDAB81DA94034747A779F4CED497CFF817348F69F52E55490840E48840BA72DB71
310
F3E84F6DA2F4717AA928F153DA6E4C7E8E00363CEC9A2E1C8E65F298FC4A52F087FCDEE5CBA38A80CBE11FF7BC2AFF249203FFAB77A128A001B1987BD334AD9B901890A8C2005B6B248196AD09C0025ED841325B31845032E327C531C839E66DBAB39566B631C2FF0A1DA5A3CC47E665AD8751B47CFE33899DF047C9F3C365
310
E3B11278D49DF939298E09002F6430F9958803309827A7C791048CA070061B7E9A64C557D235F83EE24822E5EAB805F9862F20FC58F483DC0EF02181F572930205107E00E523861895A2811309808F2B6C14B2AA579E893753C155D2F54302007E9FF36AC5FEDBCAD47E182D91A73920CFA5C18E01F8FFF4C3F1FF553BCAD0
310
E58DEF85DD63B91BE38ECE1A9FFC4AD4A1FBA30D462C328C5A0340DFD393D3D3D3C0659195C96990F391EFF4175213BC74C020922D4830FE215E76940962BC0713A3B82784C0CB6623DC40D6E1485BAD454F6892200B225096127FBD82D2B12006BAE2E329C771E25FEBC0DAB3B5395289D56D7A8A89081B34EE06F80F819E
310
FE75C67DEEE95D227E283FE98A7B9F1C97D2D05B4D07A469153C3DA3048EA68FA667A6D90E291C7D7E2D063E4D044964D055F2DBF3E31BB851AE9F78A0A7314F0AD24901F581D74A6929142039C65AF5830D1C809536CDC05E4BA51038F79D713DA930CF18BA3010E385351CF47F74D439BCBC793556A1F99814926AF12835
310
E251C59BEA3C083EC2B2760FEBDF4304C9EB87B35769E1EB24B648542CFA4EBA9EF93CD42F03C08F249A2C98897D8E2225E90077823F4A52171A61219998CED6FA050992B6B0A74A2220ED12123004FB977084208F8E2AFC80F456CB110BCA647A3A0F854085D84FE0052BE31FFE7F925610BAFEC06FC33F9931BF063F39DB
310
3D1BB20EE357F594045F4226131578582CB055A59A073AE0413989D215019B6EB8A21CF154D71164E0D8F4E730C2CD382D098DA5261456A425643686BC8301710F2C50665881399156AA2B4C3191BC555728384800CE10040F746A3D8A80A5F0E500A93456FEC52833BBB45203DACCA37FE1D3EE4B9BF0EC27ED47D89B8266
310
F11EA2DB8B5A8BB93EAEDF0C06B7AD0402B9EAC6E787365535AF19F15158308A9D9785C1BC1C01377F8C6B4D07B50DAD25649764A91DC9812C7B34CA98184084F7C01055466B48058CD44085AF26648520C85C41C67805462D8425680425559F4440F3ABBE1F3F81B1EC72708767DDC8FFB6465796C8FE310FEABE0C9B242A
310
74137EC3E0427091967023299BE5D6D4D0C6D15747DC2AEA4ECC57C72856E827D33CBD319D70FF854369EB841282F84B7CA4881447ACFCB257E252E00FBB3272120A75B99119840858486615636E0E0334031AAA8C08A62E080053A0AAA4158431EC727A084021D41CF5D630C94184F6FE7432E8F5F9A4FCDF3EA7CF136FC2
310
988093F98ED622E38E4976E1BF0CF49D2889E6DF3566719FE1F9B47A2D3BF89C69155DCF24F88C609EE551160F0415900B4C48FB013D8900A9192A700748002924771A3686A0A580FE4009E00ACC090253E280B90AC15048E047020483A038A60ED232831F2CC90498648690D960C48E439F18F4DDBEB0B6F5AC7B7B89F623
310
0243B4FA160A7B9327F3AD5D937C8BFFE5FF8B3A5E64283BEF8EAB9F71159514CFED62DBC880614AA1F7994CCFAE7D8C87057F451733699B8DF87056E1F0654B5021E38097E4E23221B810DE20559AD183A61C2C88A648DB096081E9801CA00BC1DA0124E08DAAC15FD2936905CA8DA1C40E42B13F1764E0C4015EAD7F8BFE
310
C99A310B1B7C0BCC7746D3C0702759C89EAD57122092122D1F857067684A578F1DAB7EAC400841F493A468113282FFE42316CC74C756B1C880FE78795C692813CF4644480EE9B02991BCA257A71861F00666D9410288487618D120D0E80D7773E2B7DD180E100EC98B221C94BFC4FF531A09B986230F1CD08378A8E4D0FDD7
310
D9B1BC75F5C12EAD7FF83F3ED19EB018620303C217A6A35D826E72ABF2D8E2BB1B783F6E48D2E3F360806E1D192085D022103473A10375B63853EC54F500B5B064DBC20945B88160DCF7E4F83A0200BF6FAEAC88E9F54D22D898E43F378D20B51B5D6B1457000922202800DD401A9266483029C0D6D57ED80D42A0E6E08835
310
F0F3AC73D7FAE6D56185F04FC44472B854EB7D9CBF7134DF3DDC35A9F6B38417DD6F508B37C1A718B0D054124176F7222F62DFB327F34D451799D56216880193254FF782D7DDE26C271BF38C6E422E271CE4AB8823C9510F021126A7A944E00DB4031D013C88EA0746C96D4574069BD5439C4110403B40020C30B07A604F1E
310
41D19C21A93FD9002DFC35F23B1E7B98E95E38387E3603FE7393680410D702FF9ED5A3C5E5CE68B5827D721FA78F3A9A0C08A79722D9C9B418F46C0057BB1640C70AA4A03D29CECF33987596D53CFB27B32C3BE304C540E14BF8464E080918268D254838C91A01F0FFB99154FD8A9C0495EAA6534A6C464440B4A71E16100E
310
7405088122A35F7A511DC003D002E6C8E7E15F6D1D2FD09014139EC11FDC89394621F77B9F88EB5A583C41E2FEDBC8F82334494C0BFA97FF3C3A34ADE60385B60E5A30CF036E5E75370BE3B83AE73B3B7DC0BB337DA0045299ED0C66681E4AE223D01B1BC3BD4C921E2005FEB5114739040758189BA8A320067B62A3995E47
310
20055065AC2B4A8006BF8CFCC907C0063EACE41813C5F017065AD46CFDC6FF1BFEE052932CA3478C8E5A6F25DC8503D40F61FC1B047E4DFFE8E84407C81F1AC7B5C79DA358551CD0D13785A9AEB38D6EB68A0A8087FC6543E7471082873CDCE5CBEA1EFC5CC0579469E225428E9A43D6A6000B4219DE52E8DF00A55F4BF503
310
5960661C2DB88AC1F67C2890A93FC420193C8326409E7B595FBBBA9AE1D1511B3F6D65B09AC10A71C2317201A603E88C56CC68C91279E83F5C147787EFE6C675F00941D23EF092920330982DF38C65EDFCA89DA98E8ADDECCD77CB86D85118F3DD9884820B1128010D02F1060F582871CC8FF42024C02239273A1CC3BF71E7
310
70DFB7E96081682803188118B50310BD620234F230B12711B063E0F0490FCDA9248B580D3D3DE944A30CFCF2A1E0F6E59E8FBEA289CCCC943785BB8880ADA9C2FD70F6A13F5418444E3A669273C006C4B4EEEC067827539FFBEA9CFF04D84E7F170480037005AAC8829084329899F90B5E013927F8E646514B4824B01D11F7
310
2C012CEACD163B6358A4454A4221D06E68A71062520649BF9E9127D0772D6E5EADED52FF216BC2FC513C7D3C5CC4C8AF009811826AE20203B076A2AA66D8D32E317DEE0EFC000FCE16D9E0BEB17C74AB009256C5D8AD1CBABBDA61402612C675FBD72D07E633B1A42F2421208CE01397560811204306617A5141706105C9F4
310
984C459F2D0F6C392FA05BED808512B0B9A8A9FC6CED89640EA347D31F0DF76D3D9E61E800FE9F7601BE4C9614A1C58E6C839F13A12D0EB426DE6386B82369A9E6A7F1F9146EB578A2EF4289AA109B4F6CEFEC0463E0072A05CC9DEDEDFE08407B173B8AA65399C80B2911252E6290C82CC1B8909140C11B7AE161B42B9390
310
5045D017E00CED6D27AAA15F2C2179F1E83D411A7020B9408D202381E7E5DEE5A9E7E5CDE3B186433F488AC81554BEC09BC579018ADD1DCB3D9D70F02B14BF9159A4DA376225FE43DA224FED327941705DA582B2FD1BB5DC0540667B650BECDD1D5DDFB0C7F36DEE2B94F6EE2EE4E426F20A1174C31DF153321A24114C4FFF
310
25E505475F6906D4149B21F1BD9D9DF7B059F8E0FD83323CB97991FE80EE131A9003B81C491B218B1D42C0C0D593D9D548003839DC29A740298B0C23F0CE14BB167BD61989AEF0B985C8FAC8F923A73F31953989F0F6C96CA6C4D0A9A88184BEDBBBDA3BBADE77CD8E2FFEDEEF46184A86671D7DDC51417477BE9F04804F30
310
5AC82C2D018A21EA903866A0F959FBD4139916D036635EE03DDB7408BCF0627A03027AD314C09B0A27F0A79490D53839D0DAF1416995CAB24101FA63F75029D57A4CBBA9FB4D120ADB17FB5A999FC9420DFE04FA670430B90FE7F589F7FE8D50A4B5F004CE5F07EB4EA007F8AEAE8E8EF7DB3BE2F81F42166C7246FA9E62D0
310
2C8209BA1024414C483498B50229FD923F2414040B2081390AAC353B5283EADA12A30B1080866D746B9ABF5BC107F33C2A015B275480759334B83AB02175EFD0DEC785DFC505E0064F4EBA5A97073A74C5C9FEC97BD25D819E28AEE661FD2732B8BBFB1BF13441B3C1F45E8AC1752BBF80C113DE960E0AC7D9D02C58C80505
310
A19BA0E84B14402601A590A4AE00A825E98C3212342302EE10FC5100681F86834A2804BC409D70270A2091DCE874B16BE0706C974EB3D26EFEDFFCA6C4579AA4DB781708469F055532A7046C6BEB0CF39F3ED2EC4FBCA3D00EA91CA68FD2B87B5C191E0EB2C300F00A1C9881F263571C6CFD83D079D09F176FAD839340CF03
310
0F70458F81F09AEE1329505150CA0A00576B56C06D58070B23086F685E44232D9D53DE3FC3731044F286D19F459351863F749F1104198D6E14BBC68E17CAE70D7AFD958E350BEBBC70C9C4DFBA075240DA27D40AD7DB063A097DD3F041EDB3E4B682A7A12A548F3393DB01945547175879989302521EEB1431B08759B632B1
310
74E0F700E774FCA1BB83F95029ED1A084288C8893520E49415E00DA080AE8027C34206D35491D050A4C6B080F6A20889A2FF82379AB6234F6710C05F9080ADF002B9C9F9C583AB220F45D618D7E7F7547FB27CED8A8B7A7D24EDA4988B0C1C2A1AFB53FDC61BF3DE50D63C560F0120B0372F0839DDDAF13E583B868717C1CB
310
8CC71D1D7F440CC82184803144196EFD58BBE00B7EE77DE8C015942357FB06FC906A5E2B8882CCF9FFE184B0035A5CF186A962A63F84B3AAEE3D5A2C830008807568B6A9F424086D2095A3E262DBF124350082C4B5DF4704A9D2C93553DE47BD6766B69349610716999FA25854F759CA9792599D3837ACF6247CE8597B0F96
310
0FA3EC45B61715050260C5844FCCFEC9666BC71F875B17E3BCB4CB151405D7D08F846B4CB952248B4603CC402B609E90F0044A007FA800EC46D07A51232B00E5683C55D5096E1374DA4FCBBDE2C25A5B8D26008227CA7758033D7D70DF12CAF7F247939F93F1CC63047D63ADA0B7CC8771B234D8095FCDB577B586D1834062
310
035670E204B245EC093FCBE15626C10D210CB38A13F50E10A0D5C0814B0C4B30AA9858516001669002229618F100767AA3D6D2528595FE7A398C2D2300ED0013A0AE60B91644A057327BD3C36BEBF48C91279B45F8BD145494674AFB211A91977CB838DF35DCB3D6D6AA2FB2784B591ED785DFD7DB77747DAC9D2F7674810E
310
FC2895F9ED8007EC7885101679C06F21E4B1C8A6120956F80518D1DAF1717BEBFB5803E20C6F2A11B2E48AFF4AD2810A70054623E341B3D1ACD92DA91150DE631EEB2C28882D092049C0DD38E262A7BD6F98549930C9D44B7C37028AEA9F8C5628A2BEF5704C0DCB2B428181B1BE766F43014498D2E57791E4C8DA6BD2ABF5
310
003F0C40202E2E32EDFB02852D16C30B7F646B98FDF86C7891690043128B0A0DE6B4EA27F08C30CA34C9D0AA0852A5997F8D11A6EE84E040B20472020256F4AFEBBB74E6705A12083B249089218E6452C8E5A69717E904A3F5EF3D5D08EC1F4D4E85086B238CFFC11AB9AE972CB775616C6D1DE04DDF073B4DE3747C41FBAE
310
6072901CAD0237100670C5A00C2C3CE063610ED824826C1F6650700E88C00B62468903A0D71D3A390255AD7040048348C56C4647413C2C2561216E0C469203EF06A5B101AD40D0E207F78B124747DB5B4BBB4E88B1C373C114E0470B345156EDDBCE1B4DBDF81DBC400746B0B54E05F693707B89A5E430982C2AC7D10DFF11
310
D5B102B9505034B35D07E8E5F585757F088B390F2D4C85CF7218E8418BB4F25B885053D07D5A908326809F31D6CC6B77CC948413B28664484439D118DBAC27DB5AC40C1AD166F25E6A2F0AE82100C0BF220405323E1FF80DFC518CACA8DE1003F3C9FAE9C7B2D60703A0004F8EAEAD2DE0F5485452D15B77B4B67F4C2403B8
310
D8F9C533558ADE058A9E177A1698F75DC0EB4C800F74C0270178C8579C1FACD025F0560844502D2BBC01E620030CB93636C1041636A693949CD80139FD15BE107F905590A292840F8860706D07E2970A2F15E5B13B87C3143CB2930374CC46A6F9B9D7A5CCCC14E11B9E879A49FBE27ADBD6DA82410FBB94FAA8487D61B51F
310
4BE0A03FD08743C31020D6628ED20305A22C2C2FAFA7ED1E7881C438AA5B9035F20759E243C51F34D0D5F02F11403B9E204CC1686C0B6C9000470561519CBE1B0E4FBEAB37A39EE4B84C05F023858779341991F36D9D9F351E7BB3B5ADF00148D9D05784F9AD8B037D48C01BFA83D4247F03BB768BEEF973A14E610090D4B9
310
6B1EEC5C5E66928F28EBEB6CF578B067DD83086081579848E60DFC7684044D8174993C39F886043481F6A2B743B18749E52447CD4D230513032D20D20206E536E15BCF7B7D211634F98FF9986287F33F9A94615A5A0A7CACF8DF5DCC1AC6EF9AF1945EB78E0A2FED1DA2ACC00EF983F9A012260BD722EF61C9DBCDD8719703
310
ECF839029010CA0B9F100B1D2842153E01A1A3837AB579516A31982FD2908A09100DAE591016CBCD4B011A2F4DE299E1338CE065DC4841BF9895D8C81714800CD08F5AD39601BC929B55D291F6CDCEF2AB40DD5D98F4E6F107C47AEE4A09A079C05316F479DAF4C2BAB83221BCC0CE23FE3D3D4C7BC9AB673D89A3677D6020
310
F6E182332028012FA0FBE0B2668FB85485902A8E7FA0BA2105C213E20BC2169211A4BABA7D693C3F1DA961F203694853137073AD5CD25F1C017DE0477626D7BA55B88F83B5EE513C41D814639FD1BF759171F4577D3CAB0C3DFF68B2D3B1F8478C18F67BEBB2598FA76A4545E9E961BACF657E0791D2373030E0EC9FAEDD17
310
BEA7703A738185D08236C407448A4CB504CBF01FF43859D3115488EA01B55078000DF085911805790DE1B41B6F8CB2889C3834FE02AFE07D85143C6C008438A944EA63E047023A7EF37E13B0903AFEA7BBAB9579330FAFDAACD540022980B65A75FBA17D388F1E6576405CCE7032D95BDA420E7DC0EFA320879E5F8B3B04C1
310
D2D9C1114210C19FCC49DC6A855E12010184DB8968109ED016E4683CD552A36B3AFA13BFC2114068935A7E774CD2C7225642B73325938052D8634ABC18DC9442BF9E0402E85B42F9F3273672DA8E8F1070405D1DC3248487574CD98092B8B956E6AFE1566530B78FAE05B4A0DE51FBAF85DD075C7E11939F80E015A58D1F87
310
E400CFFD2306C4D1D3C634380A201545A92BE01F445800BE12302AB477BD6F62600D211232EB061448A0D2B877BB940D63D059C37E0569A83DE93E214F4BD86209FF6F479C640AFF8AF6D1BFD987D029A94DB7C329B4184D4BB013BF912FB88FEEF913071A8D82B651BC10DB067A7EC52FE1B421883144C00F64FA23A11CF7
310
08BF16CA59F18D4C04B8085964B2D8DA4A855187000BE440BC816FFB13374640B0EB1D0998AF38A1AEF503F14302E2811081FC12EA6CD38A63B33035125F40F170C0B0AA45E9FCA38FC6D688D48563B5C4B4B7C359D3C7AE0EFB16ACD5E2FAA47EF8307044B4EBE1C71E84E742D81431FB06B90B600B9C239E277A57C94C42
310
7EE10E7826980C0136600D916A06058CBE8604DB4D314FBC014EDAACD0820F14BF75449B70339490FE5A0491221BF95F949DF1235380E969AABDBE2D32EB4403D3FDF17F42F9A0A7C28ED75BE86BDB7C7EC80C76F86B8800F77B305EB88F00A4352E0F8089EF811EA02A3DF08F7DA008F803BE4B4EF5F41E56087099E92070
310
8C3D720916444440FDFA013D4E1201414123A09290F5BD7AB729298209C4306D007BB0829FD4EC3A6D7E4F00B67DF38CA0764F832F0448E58439B952CB4F70DF964AFA74CCFDBABBDF273E2FF4F56D3DBFF2A78D42FFF2755DF307066497F44062AADFC0CC546F6DCCFECECFA232E14F408F05477D311B683A35BC245FCF8A
310
5CD2AF20022C21022266905A5BCC8B20235D6FF04019CC04058AC80023662E25F342063165956320BE50370F2A657BACC817DDA3DDD3EFE04028645780A768FE38DBA88BF2EF3ADADFC7FEACA952E5A77568ECF0C971DF32BF1D24F8486B22A649EC81B1B60315CBEFC026091CA45F858D7D04C1B437079431E63E38F88075
310
8842E780A9E03791C0FAAFE10012588C3C592FE35461A6047802BA18686887023A422A49599399893103942CF6DA53A8E387825FA0678B261F139F801E2B17C901D0F5217E07AC2401A87D0480F753FBED44FE949C93A1D042B879FCE499B3D861AEB23F9C1F372F0C24D0B7D6E70FE1AAF60F84BAE642D82F0A9F53E22783
310
915518494FDBC0AFAE7DA282E5050B703570E06319A015E00D693A6BEFFAE493941C3B08C13B96BD20D0115A9565701DC58568A3009DA13E965765C03091F0FF339F7309D44F6E61F837F1B1FF920450EB8FC48F9B40158BE89C81A597CFB0DAF5F5755D3886DC13D4479599B583758CBF35663AA234F133F91D3BCCFCE0A7
310
94367F385C59B19431780F1C099131384056616E15A1563B50021D369C593FB292685A68A8B2A50A0A2085CF05434617E05FC24A6B077B990014421A68401AC4D65788EE25F737EB780D08A6E38F060F2ABD889E1B889C44852C2FF368C1E3E710D73B6589EA83F7417B341ADA1F639A23D15298F087AD0326410E116C3A1B
310
325218433C71AE62C07C1480F1C045629724A076A4BB8D622D24690486727F56108D07046DAB065000678E04C4F8C342DE27F4AC102D854F2D08D59B4ED0E4F697B0FF62F113646BC5B7F3131D4EA8BF8B265EA3F2026E7061B96F6DF3D993276B2180B8E57067587428579460551049049B074CF8B1066C7E14C705F0B392
310
98C0997C17F701097023BAC31081390196801FB0C2A12380042927503D5A01CA127F9841B460310639C674BC8CDF1A320501448E0068905B07F6E5602F8C1F07786253438CEC51AE61FDB25FF71B09893AC026A9EAE3F30F369F5D5EAEA5801FBAD3C98B38C13EE017B054F81A56F05259DBDA64FE270B1FC4C77200FE276F
310
E814B916E222575ED717A62A92956504605268408CFE13FD61F84252228376060206802B9550F00B9D47E6AF1022538A752CF4FFF1F5931384A9FF8700EDD4FFA2B93FCBFABB3EA6C607FF714B0B8B04EBBE83B52B246092AB018C0D0002FC490849F1E214AE6FC42009D6D86616C835B65DB9862EFC4480C14137603C3089
310
D0A5588FA27E693DD184131BA4E88C35045ACEF1CDE1A82323C20B842F2419604821196EE8185BC834AD44F8E9B7549A32900196E9ECBBE20FFB4706861AACADBBFD9B56A23FFD3AB8BFACC18B1B5AC0ECD7B6AE2E2E9CCD2BE8AF1B1BC3A813B94107E82DE67A42E7CC7D4A6116700B5B2EE3C338A09B840F07C40A64800D
310
7C605AC42B72227C4C7020AB1F20056E26F542717F56534261DE3766AC10A6ED2D006DD03BA9DBA507AE0510A8B385C92363B9154167F1230C40D76AF6F3BE0CA08F8BA2FFBBCEFB09D0986550E0F0EAE2F2780CDF850CB0F88CFC2815FE87BD83909F474F45DD47F1C821DB2107A8817FD45384F57891B65F2543D0C1E20A
310
89B4A8DF806862AC27C60F6A054627FD344250718AC0FA21CDC4E28DBF2650D1B39D8B8A420C348A4F846E2BE824BF8C45E1DB8EEB52F576F47A75FF95F90FCE0FD3A7A08D48D5B9AFBE3EA658E1676FE3372FB57F0AD8D70ED4AEBA3D4C2BE0AAF1C3AD63A6004D12900CFC481A47430C9EACB390038642C8C41B13303166
310
614210592736B8603AD4FAB17189DBB32F3915F0C380795A089A15228460BDE8E52203527D41B5470901B088D84FF8B3FE2BA7F4FD30ACAB3DE0B7E2FF95807AB0010FFDE3A048F7360F9F3FB9380EE537F16F8673131325D3351A3F664022020811A0FE8C019CA17370725CBFF64132025DA1BE2555102212E80A907FB43E
310
D80A991A8AAC183932C19AE17524B06590B6AD286EB99BAD18FF4BD64BAB519202F992A963648ED30E7521F909F090C0213E367A77D8836BEB6F34D92EDA624183070248351F1A079E5D3E7A9EE81F2CE6678F92E299EE312B6C0572C0A7B5EEE07853612403813152C7125E2022A20C18F855DBAFA399817FC97FB6E1CDCA
310
31D348434ACD0012F0D32A5456B4007E6E92D72B1A4E9971223A42C1042819E4049C0C5801300C0013FA48F8944FBAE71DAFC27F1826FA2304ECDF3F6C10FF47D5C7E49748DDD687DE8E91C09394EE0682A4F84CFD6067EEDF43E67EA46CB2F4070160439245F00343D03BF25D7E2F26FC400A896DBF19FB8D4D0A66DA669C
310
3D608F9CD048A0533621B25690EE19D5D15248E390F042B12C682511B02BFE3E5700E4C9A9B2107A8F45248FA48234FD23005ED1F4EFE80D1320836F04003BF42856D478D1DCA3ABEEE3C68F9F30C3A16E5C238EA5DE3FF37DACC2F8B7980033F47FAC34421EF0418A045394802CE032D61C70023D788136788613887C0011
310
A4EA316E005718AE191F8D0D841B9C679CD2FC478442D005429166F5A24403B1E6ACF3298F388B6D0BA933D92339D48969A5C11F09B4FF017A9900A4F887010C474717E10F36468032FF33F4AD610517777104CD920C3CD15FC5F3B3A0C75BBCA3B00F2724863C10BCD4A0E00736C7981F2F72E4B001438B99714FCFAF713A
310
2603BC710376A1715FC602022202E06FDEBBC680A3DF1C4C095A12C50B554FE7623B50374FB2129DDEA4C392C9188077658C87F55FF92FFA507FF03FC8DFD3F31BDAB46DD51AEB03F7E1B38B8B87CFF47EA1479C3EBAD5C6B382C221C0F1B358B39D76D9D3142C4A20935F541E492E0EF081BA41B3620A8E172B584EA14856
310
32E22A8221CEDAC6110AFA4B6D43E2B76A18AB240BB24337721C9321D2C033B2D3E2641A55A400A28403C12D1DADE39AD23FC5FC08C47A64DC3FF6DFF76B5235124022D7E6D6D5F3CB870F9F31C96FE477FAFE54100068A3A87FA5908A2C08011CF31309C10025B089FEF9C510522B8DC07C30AA469841723A10C08E27F00F
310
7FBC181C083F2809EC3B2B328E294AEAD5A071B3A95C81D2DE3F930372D022C9C793535B92FDAD5426E90490C3C81D000017C6494441544698C416520C1C40C71FC204B22448FD9303782FBA67089A1A7D4CE38E89050FEF5F1E078A4DCCFADA058032C34C1CBC2E1202B1F8962B1A8024F0EB7A11F209E96FB369D4B64202
310
FE7BA230AD24C46413536EAE955B341B726C593B5D4630C0BE822480908522B0D85430230352618DCD4F7BA6D568BF4343801480006658EA3EDCBFFA9702B4FDE9022163C43F9B72B58001A23FCE6F0B3FF0E4E1DDFB9801A6FC42FD0132CC1F2224F89933107AD30B6C9131A53818AE944BE25A70810821C38F098411980E
310
46D108F483DC63F49B91B852351604091D60546702F58A3872A1716411B642C7629C267E64E77719F46B0548FD6BFFFC86A38DBFADFCDF700228C124C8664FAA02BFB1F92B09800876FCE4F2D1C3FB4FD0A44E0106A8DB8079751CBF0BD9340066C3D52BC64706467C05B5A54401BE4A1B0132A55EAC1CCCB10D378A3DFEB9
310
812022327745EF2102886A9142C812A1A2C9708027BB55B7006357459F9C2080E0BC34489FC629510F3017B62D5073E2A2C64048A0A42580E413BA9E08274091A398EA80B5BF31C87BF5ECF8F1C5DDFB4F22AAC181F070AAFDDAE5650C4000516440D8806786D874215149E69ABEC43FF0EFC820FEA112B0522003C84BE03F
310
B76623513B6D840820358B084119B0CEC8C00AE888826339A54091F5FCA513AFE147975BB1A86FC50618D9D74502F0C7C8815AA306602FEE3A5E79E0D7DED1B221001118B73182CD439A092FF801105D1AA14E1918EC282F6260869D55108065988BD67F68E5581720A708051F7C8070F582389C682BE53F2AFD85853F2A01
310
3D21564028E06E79B7A71E43212180A81541EBC88F451E02385100491AB0C4A3BC5309A95911E66D04C0B448366988ECD204C2FC930F8CEE8FA410EE4C25B58DD1B6EBAD83F6196670F7DE635282C0A56A851AB035831725F0471A10FE52097089C80495804100318405F0DFC2136004B4C40705EC9154315129205EC35793
310
0035688F61AC02188250CFA9A980233925F16A117A48CA54DAB6400221976B75D863330942E20EE3B00B08FBB71AA813B0E502FD2B023DF70114E0D7DF2E2EEEDE7B789504200112075478F2FBD6897835C91F0C20782401E801A2F9142700B74805703426023A81CC0BE88B537D0003E0C5181D29EB8D83050964DD258091
310
0A1E7A8138F76253DC01DC2F3824391AD748276C0B0CDF12366625D038603D0003E0266CB42704C8CE7FA7F11B4D59C0BF454A78F8FCF1E50513715D469607031272358F04E0003C90107223A581218F10008B10247CD20D860FF0BF48801040B361808148714764028EAC137E871501EFDD97C89B52107FF1235B0928C562
310
530082573CE137840EFEF82A0BDC602736C595912FBEC69E6A3A26903B3A300C5A098A9E3F1810CDFFBA019D97B4E7A7A075850F2E92569BD960CA7B8304995FD006FC4213BB1448A6F4BFBB3A9F9FC4962D0A1369129B10073771FEDA38B1737B663A71C088D8848027FC3008DAC4E4397A6F76271DFFFCF77D6BD7F1F67D
310
A51E0E08875A6BAFBD6BD7AE52CC04A0B4A2206F650EC412841A48258258E8662C3838FBE21E25172C2A15A4F78D82DCF68A005DCF07047C183E1CE47731BBCCB5469D9169E0D588945BEB637E87802A03D88FB82486210D28FB3B858D13DC7CE75F5E6F3B03C1744D30CC58C7C7A256146853A05243060B850072A7010CA4
310
7CFBF9A1E24F414037B8781E8E9F219A774B36481CB43E48A79819D638C8760D672FAC19FB9D3FC5EA9158DBD0159C27860409682E8FF2595652FE189D2CC2D7C023E944158355806FC320087CC74116030CC376C559C098B93A041C5DDA48AF33827D2327DC761D19C17CC62780D82A170E6CE7415A5E7FE825E053048F88
310
D2AC2A561CA4D4C60098DA28EF1A01382772484698F60C8DD24BF396EA76260542810A625978C03580A9CAB91D10249BE579B0377A3DD15749A45F24C4D81FF3D7D7996F6A1690288008C0FF6CC186DA9D5FC95BB09B1301004B016E707FDFED306A1BE8FA208828F00BF342186839839F1F6FA338DC5A0200FF383DE92614
310
C03A4508DA18F4D85F9354F7E867AA77A42FF49BBE6757A1A7454448D0BFC3C220714FE43A3D8F1547BE10F0BC5A05985AC3C28829A06FE24CD062700601F4AF12AF99099B08E7071DC4626A97C920C3FF96E190C9D1FD7CB6163E800D79E5F3F10A9306C02B799E80F1AB380E0571A584C0370A220C3125000B500900D96F
310
EA40409F980E2083E4EDF4D8D2480AE5667222E020BCDAD4EF19682120818FE18EC7FD6AAD67C03F7DF1955E697456F517AC4F24700C30171C67E9168B109A4F60AFA60F98BE30941BF776DBC7C70792A2FBE98AAA97224F8BEA39B47BFD14A8CD03320DA2B676E3AA397E652E30A42CE2987B7DA1EF7F75242413800A04C0
310
270C62A13372400B435ACD84B8B5009208F5AC73EB149FFF3508E21C2201E0338BE07E50EB47E7FF6D97724A601028C5519073E7978EC88834410450E074DD58AD13A4900103A6444A9CB99103229F0EF8C0C78161EBC68137240734CDCFC349807851E0EB46CE864D2E405ED341B71A390CF2DE20CF5193189E1901E866D0
310
230409684B193D17E2928534D04240937D3C84477494FC5E0FE0B448E35AFC19007926C1C6A6E622FDB8A12E30993C6710E070397C4B26304C0AE38218D19F01FFB15BAE1C0E7E74DF75F2406E373C414E848FF8E500EFAF3C1029C9C0ADAB2313A7426CA9B2C1B9E30032C84EF31A09A88A386F136E8C2F1D582EA0459207
310
015F10F1F001F0B1B7DF7222011EA2001F00BFD36BAEE0850928B08C077030FE3806C880EAA74BCE0863A952812E6008B3A89199C1EE918AF96AF583F1A073B0A355B9D861AF1460DCFB3BFC6B7EFDC834B09700CBED3510E48DC7129041C991F06BA5006CA6B5B34EE21501374E8DFC910042036111EC9C7CFA1C05D48A72
310
70F7F835BF04A4194DA4CF76CEC66718C84CD020D04C412AC848F03E3C61A1C8D50D0EA6838A00376054D3DF61A0E393E1F8B058A6C994093476D601A4A06F0CFD3C0A6BFA910E75CC10400A80FDA93AC9B5EA4303F6C0D188B559086091CC5910137772E14F2376D03181B5CFE74C0EA38440D0AC256D6C4D104CE05302FC
310
C00B60B9CD4D71E08BD40C144A025E60D4C1F45FE846A2105D717EEA84808A5DD90A168E133640311CF05DD870768683F5D2F1800F485AEBE5CABD8FFA3C0BEB33702493AEB551B1EB035EF5C8E5757FA7832141F88E8578A363802B560007AF93D7D470B478C4D00B412D634C9140C4F9275C00DCE8DFE3C7F8C0AFBC5B2C
310
E82E3C3BDF393D4375D50C43CD1C17E3777CD2C170725B7B42B41DF15BFC344DAD089C1E9118522B4A2C60B794E4E8F33081BB7C8CFCEEA0B2015E49D586429C6C78646180B7710E06018A3082243C275F077FBE412C17DE80D3E6B9462C5204C5D980D1DF84A864401C483CD01B143F4A4868087A0F780F37230200A4FBF6
310
AED325114C367C22512750A5C7C3E32D545CE20A0904183BA10015DCAD89864B3E1EE97EBAE8B204266A48E010511838E2FE413FB116E60880C2D8440AC3880DDA6DF6618C138CF1CB2A09637E18D00F80CB0DC05322E31EADB8081C29410903F06BFCDF5AB46024E4A75828056440503C707856EF0C037623DD4922A400E8
310
A6BD75E4D2800905F18450A00CEE88860C8964C7B3F90F56528BA18F71CFBBBCD2D05797E168FC37DB26DBE0DD2EAEF39686C18440820013C1444055402A541400DD362A0A402F1FE51246404E098249FEE30708C10CA0B54601053159480C00BAA9B1223A773234FE72FD5C3BD81804D8D196FE3D5315A0C981D88D04FA01
310
DFC185CA93F9120E1F480B08063364A0A318F08DF95056E4C91F1150D31B011200383502E079EE43CC18603AE2F88FD139C802A739F208E88D06DC78267C448C27C4113C19B0F51B0E9C1C021CF8F9167C6B1F2E10E461002910105D1042792D1CA303F469714C018C23D72179E165049C40E801CB96CF334562E5807291D1
310
E0C70FE6CAD91656715F0E5C5E70F8D7F83290549B1BAA6F781D25180EBCA93EC84E72A74081CE3020789B3790E1A9E478E658C099BECFF01E530E80EC5FE31204ACFF70AF8177A03059240CD074978A002A878BF883FEEC81DD684E406CA630ACFDE87292822A11953710F000885D6F68A67ED40CD772B0828359B753F7CE
310
23D9479AB9845771B389D6A77130F8C134EFC83947392029B10E4425440A84AF0E54825228FC1634D369874739C837A9DDC83C20D320C36042610ECDFA750303710224D01202488012CA847424F8D53F78AB6BECE9B3B35A7F32396AC6B7444566327DBB4DF06FD9616744F4D3A397EB3B0A3FBA8D763702883ED742FE5CD2
310
4146D8E353ACCF811C806AE09914D8446E93840FF4D6C963FF32BFB6AB015D1D3B0C9A0968776F021F21404B6260CF84A14F35180CE20B5E85BDA2EC91FD5A7DBA7E5705F4F0F97AF26CE18E3BA078138202400A62930FA6CC7882F911A92F33E547E64990B0F27323D73B6222863F86425153FA8009361C675554C25382CE
310
148420C8DCC47A20122806CA178A0918C14CBD33440289078A00EC6070184CA9907FD0A1270478E0B325B67C2193694EDB7DD0F3C238447C8A11485562FB4902134E6AC952FD5320A4F7C780882DA9684285CD81D278C0E8FF8DEC9F45D22DC3C2CA99C2728110888799575B6834BF22B0F01EDE72D7F21B672C40F0A97299
310
9E2200B7C91403F9BB3D09C01990819238CBAE5E7510D7D57450507E3DB04AAA0A3C280064E0775380C8C16EEA4834346A04BF0CE847B4B3AF760D06D24BBB267C32E2C9257DE5EB748AD101AF1FD33265E2B674EED8C01A0AC901392211011AC810560F77778E85B13BAFE3E25C95B70919A4862C15928BD8989664AD8638
310
101D009A80F00BDC41AF27602A4BDA0C077E550048E7F1011410F01405045E1C140B4D0E70E0F6E034171C3D6FD12004FCC1FA304312518910356628A4A326EC9ADF5DFFD1B2C0399503F14B4F8E3E0E4E39A06ABCB56A8014687E86E462BDDE5124615ECDB412B7314F62E6E0C76ADEC0F717B360E741960104CF1706CFA1
310
8E0605004B01AE007869B095ED92144A807841EFF2811C047889A04901C809062057192688C92346F97F279449F89B113500BAD282D1DA80A55C27EFFE02C8D4F395003F285B617BBF0831F49B055342DDDD414378E8888E92C16789F269A27C9A221FAA4A0DFDDB9F935B2ECC04DC51481558A69301E0460B02665AC4DD30
310
C03D480866C3409400051811876014C0F294C542821AB045011A3E3F09001FF304E3A0BED05CC11A811B865001769507FC01ADC611F400CF68C7B093606E30F3C7E0F00C1D10C31951C1E2D7252181DA00345842A19130715C736EC9ECE686A712FDB31E4D3E50AB336E5666D7B212C0113C4A4406029709B43D0228F3FBAF
310
49921B19CA0C82A2D5BC4A2079809240F37D3E10F9637607C3983F0458508A98B8B4EFC92AC13530180CF55359500080061DF59B98BB3FEACEE881DC8127F182A885A86FB12B43C590A4380504E32305E3148BBEEB2D2782029765428092545BA5C2C681FC5F8E869C0EE1034A822FF09A12C94084505AA868080303473F81
310
61F7AA0A6610745E280BE4427FB770106F8800EADABA19F453210435BDB2348471B13B65F2FCB554827632C4C44467333E4127095D22092ED492009930413251B5408345065065E415266E20279A40B3F520370BE2050C8360E6BB4601C1673B9BFE007EF5200B6483CD195400A783E6DEA0653515B0FCE8E86D1618FC1EFC
310
15C2E727F24F2A2DAB57326D8D0877D4E298894E7A0C3C7D9CE8A0E2D17AA2020FA1097D6372F2A9F955060FDD467AD0426368C24A8340FD0D6687A76316DEF5179ED9042005A2BF02A5DD810A4DEFA4A8F700EFC50FF4FB8C06410F0303C106ADF8852ACC6A2CA9046E9ED070739339857222CC009E206479886EA26227BF
310
7A341A15C351A8404A6C10080A2140FA4B4E8D9B9A11645899332363FD69887F436A660566964250FD752E787B64BCF8E6C8190DF8EA0C854C062D8A5A1346F810414313E606ECA0AC3A01D6928544029D5F42E202C0CB386F880F7842A31287061F32F3CBE09F2950783394F2F2B23D85386C6F51943E99DD10C8A0000BA9
310
569A14805693274BD0E4F4DC3F28E331EEA91C4F33ABE057889BFB92819187840A08E57A276A8BFCB75B0342668C70C565C8059996D209C2800941A21FB82B2F520BC2E6FE6F1A8827043DE17000DACC8193E78BBB8DF1467978C06F6AFE986123E3A95272CAC122046F4C65C4B88FED2F1CD1D918F7CDBF8903BF1A90057D
310
42F4DC133AF804ACBB58446A0DB78806FC053FA1E45D0AF1112613CC0DD976C5E70AD3282F42725C0D02AC8588DE451B1C01ABF063E7748A3882F0DD484BB78D037F9812240EB88B6034C0AD53E5116D4C6D920C6A89F084E6D0598AD7EB6930CC7B293E27A666E5CDFE9A3FA52FEB3C97976FDAAE9A60008FCA6B33099CF9
310
880D35D419FC687D424378E3099441E110C5B3C6DC311E6653514A67A530D863326C4D8430E0C28024803B5B069B0E60C10EDB6DF087034171DF01F1F3404B27B1056D8C0E56E7CA6056E7798147BE4C2F01CED5987E413AC6A724876DE3F599E0601CE7B9CEF3BEB3671E12DCE8AF9631B8031D3F360B6955DC2342B2A0E4
310
632A00264C0DA002220CFEC3E10D9BADC8904D88DC51928593AA16C91DF6FFF82B3234404C7214D0F8608E0052283EFB2B0563F1D072936C4017706010BCF1B16CDE0C1FA9C777E44E1F5259B0C9BBC8794A82A6C182A3AF56B16921405351FDDC91B5BAAA617860E8D76C97C377FE701A4EB4378FA97C2C8E3CC8950886C6
310
FD93AF70A1F5F676B7ED16CBC56AF5D09110EEB8607CC08A795882358280DDB98AFFE7087C6EB593D62F041CDB4018935238E73F1098100D0C8769818F777057F64C703C6530E142FDF5C837AE1CF66C94C4887D3A3726AB990DEA248F73B5D32C8E04F6714B1E67C53FC52040252E605B322407CBF8C7F05453462A295ABF
310
4D95592DDD76AC23512E9A2DF964715C80DD752CA8E263AC36F02C3C28A133EB22AC8D099BDEFDE28C3E8FFEE3815D5D00C17C00511058354D62443C1A546280E43572A9C661A34FA5891F8E7570608C8DF21DF51DF9D2A84D4501F41B8CD4F4C9DEB2F901E810C0E4CEB6EC08DFB06341C864CF8D0EEE779A606545E1E64A
310
AF30A4324C20FDD3BD558BD966BA994FA915CD162B1978642AD01694E533EC190368A68234657085B5F88E27A0805E04B8BB6A00A51646EE3C10A50FF007FF410F1963CA69BE2002F0F902E701AEC995FD41F83A3F0C3809A3288A083003A6CC2A20E6D703EE48E3777AC07ADD51EB6101603A9FCF17B3D5928F6D742EE7E4
310
CF38AE2B03C5FB39C81D7B2978FAFE85AF3D2710B0582C970F0FEB0E4D1103B8BE2B4D560CA10002FC8F334C891C07B44FE06B2E3ACE5E1E2D1FC32203110ABF9CA0E8381F68EC3C06701328E5A38278A5FCD944CEA5283DA933DF2A2448BD23F1C5D8BE04CC2DC3B43B3EEC29F8B5FF926D11D3E97EBF7FA1BD1E5E5F5FE6
310
D3D972F548547783146ECD84873F377C5820F7F9FCE5E07378D6CBCB7E036DF7F7104079A05B77C6942D1BA95D47424BFC3DB6411009A42E207871B7EE9B06614BBD20F22F7523FB985F3F7068E37600273A3ED0C1CCC380F6EC4AF01CC1CF95E4848B7BF950AD14C44F10460221E02D21D01DAE800F323704C00035DFE97C
310
B37F797D3D1C0E4FBF35EE1E5E9E0E879FBF3DF6F474780A01FB3DAF01FE0C0798218007C2090A3008BA7682A338F4A8804A06CBFE6A80CEC766F49853F15B2F45FCEA3F8250012841315016E75E797EFEEC4ACA6C79F515CF1738F7C36E2406071051043817C9E8C5888D49D0332E800062FF54FA562BF7446CC0BFDFBF86
310
03D1FEFCC9F7FFB5A7F000430755C2D3F72F2D02A022820897ABDD44594475BDCCA4A10AF34C06B08B4AB58BBFAE30999DC66C7CE903A83CF8EB006EEEAA063430F84B05F0ECF644825F5E95073870E72A0771AB89B080022A0C5A9FAF34C89286257FB7BEA000EC65B59750C68E0815B0D9834B15606328F80709DE09018A
310
C2A7817F83F96DB3D562C10A0A31300230CD4200B87F85808BAF64D04600254047F9C14DE93464009E7F5AABB4FDD6D55142A2C0BF1541FCE19C20C899BF4F76AB54B84CB97F88F48ECC029FD253F0C70DF4816B9AC94BCBD653B1A283C4001A0337955E4AFED3FB790B6B1F5EA0B5514074103A38D84280EE0F5F9BE974EA
310
B2D16AB1EA969684B6E4166CA28264B300474C7308D20013B204A65F82970718D05678B3315D442E1C0A327E2F56556040C005D2FAB1326A68A07507C9E46A3648555A7080F5F50219A00E6222E3E0862CE95B5680930530742F1D041805E69B788161F015944D041182B861A2C17F3AF01CF5BFDF6C343F9171F5B004BF59
310
C016719164B888EA206A02AD05E8464D06B48E4381A0E9345FD171625AC22198F57C003BEA5510F81FF78D31C9B033D0030000000049454E44AE426082504B0304140006080800AB5C295A51464CB48900000043010000360000006662782F34423944463733442D343430382D343134432D423046372D3842333045323441
310
443335382F6469726563746F72792E786D6C9D8F310EC2300C45AF127987122606C71DD918B841D4B851A43646695A717C52A85029031293A5A76FBF6FACEF7DA7264E43906840EF0FA03836E242F406C6DCEE4EA06AC22492573150D1F66C60C640E8938CB705396EEDD86DE9B5042FE27813D640EA63BB001C722AF6E55C
310
B61E4863F58284D5D3F53DD715CE1C3985E63FD7F1B7EBDD617E9F1E504B0304140006080800AB5C295A411022433D070000541C0000340000006662782F34423944463733442D343430382D343134432D423046372D3842333045323441443335382F6F626A656374732E786D6CDD595B6FE23814FE2B56F665F721F74061
310
441915282334EA4C356856FB169960A8B7B9C9495ABABF7E8F1D3B246980B43B238DB6954A6AECE373BE733F997C3C44217A222CA3497CADD986A5211207C996C6FB6BADC877FA48431FA768C29224AFEDD3508C2372ADF1656D3AD9B3A448E5D296EC7011B65797B3BF5016909868280871965D6B59F040226CE0224FB624
310
7B34B638C7C67E77306CA3DCD824BB67387D685D956246E21C5885F518A8480EECE6BF2092399D987C43639BD36F9B7B669B29046F324AE32CC771F08AAB161DA71F57AEED2D6E9DC1581F789EAB7B43C7D667CBD942B7AF5C6B3E9CCFC737B7630D4D279B24092B05A424DE82165FB4A93D31F93795F812852EBE83248E49
310
20D1ECDAB025922E25591B9306B0B610ADA69052D6DA82DB53F813DB7A81D260A981B6124E7DD6AD37D9FC0D20647DAC9465845B799633D0B5C4BEF4076B6296AB0DBDD00C4538278CE2108574C3300305C1D652410D32DC5B3829C431135A54F4EABC82615FF6A52E2E77451872FFD5A6C2D37CF04792678233FA0F6147EE
310
EBB7014F206D41E37C2485CD5F5220319E9862B1FCCE75E49725906817E23D580B88C937B94E0BAF398F05AB8536FDBCDC1CD63C3E745F9EB224252CE796279C59FA9DD260CDB4C0F87A8052E2DAD4DD11956F00FD1740BEE2054D40738C1EBC83A7646738CE76098B403BC842BA057F2CC41F5F3D4DCCEAF014A146AC3C85
310
29B8ED0FC2B42146E3EE1AA4D3C913187DC25C29DC3AC021D8F41D8DB99F83A1A030812588F7BBCD419BAE2098C2229CC221480FBF13933F22F828E940BC6969A82BFCF650947298B69F1D75F5096C86D1A0525543C653F80E7E08BE378BF5E775C176382077D2B1176447639A4332ED66A8017AC3E5BFAFBE088F7C254F63
310
5700F7EC131E383AF4B2967A414231C00ACFC3A56AC4CA1D05770F431C93A4C8E47A57A00A923061FEE6C52F7DB8F3AE3F95119497817F730BE80C6690DD0346530E8A3695E25591D038E2C4E3A034C07DA9547F8383470EAF1F40C47A0F1F60B598B5891651EAE32829621EBE5F9B775B34C3B5C48F6D8F1D6BEC8CC68381
310
3478E05D5CA0FC4705878A7D7E5384D313D7CC1BFA92714301597A9207F1B24B8600AAA622F793140734EFB68696183D59DED2DDAEC820AC7702D3E2D870ED41898DFAEB38C87AC36AC5D4796925533E8DF09EF83BCC7362277F0D402BE24A499D48EEC324CB684C3251D3BC8A752D142D03424769E98A6A87D9D2CC8F488E
310
DF63B12249B60C96915DE843F595F3FAF7B2BD2A0665BE3D4591D77A49EC0BF95FFC0C476958D6759730B09DD60D9DB872A6F9154F609F3ECE7D6B4B44997E897A154914BEBDA88FDF4DFE043C0CFF7478D415148A75C8AA97356B1B037BCC7F4610868603DB1D5E55AAB88496BA2CE7754B5840A515BCF8CF84EE1FFA0541
310
A5F2B3F76424DCF9340C8BC82F73484E2228DB705EB05E1E3B8468D2BE484686964BD46EDAD1108AEADE6156D42BAA6281CB44C1722ACCD6AE01A1680C7D5D2F415E49D169C44217A287E5ADDA65FDBF9DEA7F8E98F5DEE691BC3C276CDBC969B3F450559B2A3278C09439B152AFA03C9DD4DD2F12CDCE651C3C454446B8B2
310
B39016C2C813E5C30CD13575F61CD933CE0308A56BF1A9CFC023B6647BAC431AE4E468449BC2A58A9AAA6DEBDD11843B9E401AC5DA8A87D40826149847DA3BFE107EC3A06AA8163353564266B9BEE2A9CD8061CC918F33B4BE7E5AB7A8C04AEFD3F71C23F2DCA22057E7BCF83B43EAFBEA58E3B6284889BEAFCE1CCF1F8A68
310
1363CA7323370BBC4D3F7C14FDE7B509CD85E9CDC68BE595BBD03DCF1AE99EEDCDF599B5BCD24733D7BA75BC9B853B18998C6449C10292998E69F9AADA4AE3BD328C12BA3E5D084C222EB78BCA9EDB0AFE1F772161B2C1A76CF1576D42AA828F97642D5FECDB847406EACDDB3A06FB55A0EE4E626FAAB5CBF98232F0F3690B
310
8291CAF7FD8B0B455A65F86E9E6B19F18D89F7647FF3D3734C23A077E687C68EAE90DF8CC530AFEAC852AA231671CD1BBADE72399AE9AE33F0606EEBBAFAF866BCD4BDE56C38585837B7B7836327217361DFBCF24BC450C56C6DF40613E42C09290CF2C916ED49023D104C2A7AC45716914CF4365000C834AEDE22F438FD54
310
CE6173BC09D5E9E001C3303B9419B90860900A7DC7B526D7D16F303AE5D34B31D0321E21F1486BD750C1E8B506269053C82FC606466062E028A8B7469CA0361CEF79D7549EAAFE3F1EE3E880AD1CE5AAF6F4C1454AD6B04E1827A4E2DD02443B5590BC5F74C50EC2393C6E8ABC12E6B870944682A05E2294C2C1A4F051C27B
310
80C0735E2EDB107B1A90F49AE69FB58392AA9E63B61723F91ADE378B7B934FD3575F511A167BAECE73F9BE4149E77546589483AB0918861433C5BC139F7F30EF5902AFA522B4A46004E8F7C368F887394FA22889CB25F346BEDC42EB077855B535D598100A17CB714C51F7C8570130EBCA8881B7D9232C806A19E5F3D412E2
310
860154E1A966004A235C1770ACB17FB5403209D44AD87AE9CAE111EF011038127FFFC3DDA6BEA136B4045F00AECAD96EF5A016262683C1F9F45F504B0304140006080800AB5C295AE8F98A5DE2000000550100003C0000006662782F34423944463733442D343430382D343134432D423046372D3842333045323441443335
310
382F7265736F75726365732F322F636E782E786D6C4D90CD6AC33010845FC5087AB42CA994B641565E22A75E822A6F5C114B6BF4539AB7CF2A55A1A75D663E96D9D1C79FB00DDF90B2C73833C9051B203A5C7C5C6756CB657C63C3D1E88458FE616C8836C0CC9ACC8C5E13D6BD4B0B5C6CDD9ABAF978EDA238AF10217977DE
310
E3CA06B7D99C6796DD1704CB6D2DB840BEF2C516CB254F90B1260774A2F800FD844B600B2CCC28A15E462147F17E92F2F0FC7A50EA434F8D34FA1371EBBC8F0512EE4F4A38A4355222A1A706185D93EF547B838CBF789CE2E9896CA37349D441C7CA6D27CC07BBC2F4407E5DA3A7F6248D4703345B21E60E504B0304140006
310
080800AB5C295AFF15A4A45D000000800000003A0000006662782F34423944463733442D343430382D343134432D423046372D3842333045323441443335382F7265736F75726365732F636E782E786D6C4D8B3B0E80201005AF42B6F75B59F0390B113044D83508C6E30BC6C26AF226F3B8BA6360974DA7271430F523308B
310
2B198F9B80925DB700539227A2FCCB80A18E5640D320F996A81C9F32D6E9129A0D1EF74FCE750E6D57BC7165FBCA07504B0304140006080800AB5C295ADF23D1D54201000056050000300000006662782F34423944463733442D343430382D343134432D423046372D3842333045323441443335382F636E782E786D6CCD94
310
C14E032110865F6543E27161778D511B96261E7C020FC61BCB4E572C0B1B188C7D7BA16E5B8D69F4D0A4BD91E123F9FF999FE1CB8FD114EFE08376B62535AD480156B95EDBA1251157E51D2996827BE7F01B460A2B4768492E13C107EFE234977A58C96872D568BB9E8B12D1EB2E220452282343684950AF304A2A23BA1EC2
310
9AF61225ADA987E0A25790DEA31E617EAF3C48849E88A66A6ECAAA2EABFBA7BA5E5CDF2E9AE685B34C0ADE3967665E5B04EFA6ABA6522E1D6D9253719601C1A3D733953D1071D0463B6D394BF78287A4D70E33879B2973D364B492981AC59C42C032412047CEBE60C15976FCC3F7E3C3F341433AF5DA8342E737676B437DAC
310
0D7B693425E27F5DD8827F9977DD5BB27CBEB91F353C0B3B99DD5D72438AEEEF24A43C493B984BFC007B69A7CF7F5A2CA8D5259ADE293B9167B65D8169F079238A4F504B0304140006080800AB5C295AF4A84A647E000000A30000000B0000006662782F636E782E786D6C4D8CD10AC22018465F45FE7BCBA531037564B6F7
310
18CD0D99D3B0193D7E1ABBE8EA83C3778EE83EAB476F9B5E2E0609CD8100B2E11147176609799B3007D4299162DCFE6E80C2B05A09158312738AF9B9A3D14E43F6957A17961D327D317D4B0D668C70CC1A76C39AF42DE69A92FB895D0D3DF3621CAB52E6D72B5BF3EA0B504B0304140006080800AB5C295AA6D797065F0000
310
008200000007000000636E782E786D6C4DCB3B0E80201045D1AD90E9FD7516806B51190811670C8A61F982B1B0BAC9C97B72CA7B1037C6D3332918DA1E04D2CAC69353902EDB8C20262D23F3F59B81A079470595414B17391D1F19B4730A5583A7ED43BBE4025D9592775E5ADFFA01504B0304140006080800AB5C295AECFD
310
112DA800000026010000130000005B436F6E74656E745F54797065735D2E786D6C7D4F4B0EC22010BD0A61DF525D18634ABB506FE00510A79458060253536F2FD89D5197F3FED3F68B9BD80362B21E25DFD40D6780DADF2C1AC9671AAA3D677DD75E9E0112CB5A4C928F44E12044D22338956A1F003333F8E814E5331A1194
310
BE2B0362DB343BA13D122055543278D79E6050F344ECBC6478EDCD76CE8EABAE5449AE4298AC56946789C28AAFBEABC53F3EAF09A84A1441B91F0101CD4780756578C173A578FFDDBD00504B0304140006080800AB5C295A3DEE336E64000000790000001B0000006175746F6465736B2D64657369676E2D7061636B616765
310
2E786D6C35CBC10E83200C00D05F21DCA56CA76D41FC96062B120735B69A7DBE268BB7777961F8D5AF396893C2ADB70FE7ADA196782C2DF776D7A97B5933C430F15651E5469C55D70F80A4992A3ADC954792C525AE70A1E4D6AD9816CC044FEFDF01FE3FDE907802504B0304140006080800AB5C295A294CC29EF20000008E
310
0100003D0000006662782F34423944463733442D343430382D343134432D423046372D3842333045323441443335382F7265736F75726365732F322F636F72652E786D6C8550CB6EC32010FC156BEFD818C7721D6122F9F1073DF58680242831583CAA7E7E2176A5F6D4D3AE66676677875EBED667F1A99CD7D60C5097180A
310
658495DADC0688E18ADEA0B830EAAC0DBF685018BEAA01320C8CDE9C8DDB01096B8232193556AA03E4DEAB008578A666002FEE6AE5258F2131FCA3DCB878F09B2AEB72E7311AA3968754CBE4A6AF5A3960DDD48CCB8267444E6441A77622689CFB167573B79069C46DD7635A6531A341AF3FDB85533C28098C60D2225C23DC
310
BFD7F5B9E9CE847CD02A3319F5C1A59F8FA5F9BB44A7D58EFE718B9BFCDF2D6A131A72B8ED0A0FAC4EC7BD068C56399D545ED1A59A9364DF504B0304140006080800AB5C295A83D3C431F8000000960100003B0000006662782F34423944463733442D343430382D343134432D423046372D3842333045323441443335382F
310
7265736F75726365732F636F72652E786D6C8550CB6EC32010FC156BEFD818C77213612239F11FF4D41B824D821283C5A3EAE71712576A4F3DED6A76667677F8F16B79549FE883717684B6A650A1554E1B7B1D21C50B7983EA28B8772EFEA24165E58223141804BF7A97D60D52CE46B405B54EE306CA103042A51EB91921A8
310
1B2EB296296646B8D7AB547779C5BAAD5F3CC153327A931A9DDDCCC5A007319CBA699EE999B01D9BC9AE3F31329DF73D19CEC3CC4E13ED873DE54D110B1ECDF2B35D799411350846594F684BE8FEBD6D0FDD7060EC8337852978883EFFBC2D2DDF81F0185CF20A036F5ED33FAE69D5FFBB266363C736D797228068F391CF81
310
E04D4929976784B99644C537504B0304140006080800AB5C295A7DA9DF5BF2000000B1010000310000006662782F34423944463733442D343430382D343134432D423046372D3842333045323441443335382F636F72652E786D6C8D504B6EC32014BC8AC51E1B30919D0813D5757382AEBA43405C94182C3E558F5F885DA9
310
DD65F5D0BC1966DEB0F3F772AFBEB40FC6D901E01A814A5BE994B1F30052BCC21E5467CEBC73F10F0D54562C7A0005069CCDDEA57587A4B351DB825AA7F40E8A10740495BCE7C70082FCD48BA8458A99116EF52AE44DCCBAC6F5C6E32C9AE5572ABD16512BC0092207883044C7778C4F6D7722E4833585C9594A46ED564665
310
777335DA034EC7E374E9DA09528A7A48317D8523BA74B01F5BF446E8CBD41E7AD614316721FA7CF3FE49B9EE59F926FC9739ADEA89CCC6C696EC869B22008E739EC782B3A61498C7A3DD3C4BD9FC07504B0304140006080800AB5C295AF25FF7D253010000DD0200000C0000006662782F636F72652E786D6C8D52DB8E8320
310
14FC15C33B8AB4C66D833469EB1FECD3BE51A49654C120987EFE8297B83E6C77638264CE3933672690D3AB6DA241985E6A5580344620128AEB4AAABA00CEDEE107884E9418ADED8F361029D68A02041850521BEDBA19E25A59A102AA74256690F5BDB020E28DBF14A0E70FD1B29839EB3BFA67DC31FE64B588D378EAA3C439
310
59CDA3B2F26CF22E850134BFECCE6589AE10EF7109F7D905C3F3F590C1FC9A97F87246597E402409C39458D92EEADC08664505284638832885E8F099A6C75D7EC4F88B24A19392DE1AEF79160DEE00BDDF5E2499F00D9FEBAABFF99C54768767BE69A20734F5EB8D054A92908FFF8DE16D33F4C23E3FCB6ECD62E1E9A14170
310
ABCDDE572AEDD6D2C01A273C358AC68F2453D5338F04BFF1E0373CEF397C504CD57E3566FDF5E66C50DFEED4090307FB8A94362D6BD6E5A615D77315DA585AC6B96EB4F9CFF462750933090F937E03504B0304140006080800AB5C295AA0C0FC3805010000B201000008000000636F72652E786D6C8D50CB6E842014FD1572
310
F728E2183B1364121F7FD0557754184B46C1004EDABF2F8C3669775D5D72EE7971D9F57399D14339AFAD69A0C8082065462BB5991AD8C20DBF00BA72E6AC0DBF68808C5854030906CE2667B7F580466B8232093556AA0314DEAB00689CE3A3013F7EA84564620B91E1EFD92AC6BB985456643B8FB3A0971FE9E894084A02A7
310
84569814989C5F8BE252D6174ADF589E989C6D9B96479496315DDFB472C0EBAE6C8781F4989EE8804F554771DB9F2B5CF7F540BB9654F599B03C8939F3C1C53F1F26B167405E3C522ECBF71567EFD6CE07219692C89AF90B7874488B3FA5B755FEA3B436A1A487E1AEF0C08B58E8B988C1E982713CCF1B67BA36FF06504B01
310
021400140006080800AB5C295A0000000000000000000000003700000000000000000000000000000000006662782F34423944463733442D343430382D343134432D423046372D3842333045323441443335382F617474726962757465732E62696E504B01021400140006080800AB5C295A00000000000000000000000035
310
00000000000000000000000000550000006662782F34423944463733442D343430382D343134432D423046372D3842333045323441443335382F76657274696365732E62696E504B01021400140006080800AB5C295AF270F13306000000040000003600000000000000000000000000A80000006662782F34423944463733
310
442D343430382D343134432D423046372D3842333045323441443335382F747269616E676C65732E62696E504B01021400140006080800AB5C295AB5A795FFE3790000DE7900004200000000000000000000000000020100006662782F34423944463733442D343430382D343134432D423046372D38423330453234414433
310
35382F7265736F75726365732F322F305F67656E657269632E706E67504B01021400140006080800AB5C295A51464CB489000000430100003600000000000000000000000000457B00006662782F34423944463733442D343430382D343134432D423046372D3842333045323441443335382F6469726563746F72792E786D
310
6C504B01021400140006080800AB5C295A411022433D070000541C00003400000000000000000000000000227C00006662782F34423944463733442D343430382D343134432D423046372D3842333045323441443335382F6F626A656374732E786D6C504B01021400140006080800AB5C295AE8F98A5DE200000055010000
310
3C00000000000000000000000000B18300006662782F34423944463733442D343430382D343134432D423046372D3842333045323441443335382F7265736F75726365732F322F636E782E786D6C504B01021400140006080800AB5C295AFF15A4A45D000000800000003A00000000000000000000000000ED840000666278
310
2F34423944463733442D343430382D343134432D423046372D3842333045323441443335382F7265736F75726365732F636E782E786D6C504B01021400140006080800AB5C295ADF23D1D542010000560500003000000000000000000000000000A28500006662782F34423944463733442D343430382D343134432D423046
310
372D3842333045323441443335382F636E782E786D6C504B01021400140006080800AB5C295AF4A84A647E000000A30000000B00000000000000000000000000328700006662782F636E782E786D6C504B01021400140006080800AB5C295AA6D797065F000000820000000700000000000000000000000000D9870000636E
310
782E786D6C504B01021400140006080800AB5C295AECFD112DA80000002601000013000000000000000000000000005D8800005B436F6E74656E745F54797065735D2E786D6C504B01021400140006080800AB5C295A3DEE336E64000000790000001B00000000000000000000000000368900006175746F6465736B2D6465
310
7369676E2D7061636B6167652E786D6C504B01021400140006080800AB5C295A294CC29EF20000008E0100003D00000000000000000000000000D38900006662782F34423944463733442D343430382D343134432D423046372D3842333045323441443335382F7265736F75726365732F322F636F72652E786D6C504B0102
310
1400140006080800AB5C295A83D3C431F8000000960100003B00000000000000000000000000208B00006662782F34423944463733442D343430382D343134432D423046372D3842333045323441443335382F7265736F75726365732F636F72652E786D6C504B01021400140006080800AB5C295A7DA9DF5BF2000000B101
310
00003100000000000000000000000000718C00006662782F34423944463733442D343430382D343134432D423046372D3842333045323441443335382F636F72652E786D6C504B01021400140006080800AB5C295AF25FF7D253010000DD0200000C00000000000000000000000000B28D00006662782F636F72652E786D6C
310
504B01021400140006080800AB5C295AA0C0FC3805010000B201000008000000000000000000000000002F8F0000636F72652E786D6C504B050600000000120012002D0600005A9000000000
  0
CELLSTYLEMAP
  5
935
102
{ACAD_REACTORS
330
934
102
}
330
934
100
AcDbCellStyleMap
 90
        3
300
CELLSTYLE
  1
TABLEFORMAT_BEGIN
 90
        5
170
     1
 91
        0
 92
    32768
 62
   257
 93
        1
300
CONTENTFORMAT
  1
CONTENTFORMAT_BEGIN
 90
        0
 91
        0
 92
      512
 93
        0
300

 40
0.0
140
1.0
 94
        5
 62
     0
340
3B
144
6.0
309
CONTENTFORMAT_END
171
     1
301
MARGIN
  1
CELLMARGIN_BEGIN
 40
1.5
 40
1.5
 40
1.5
 40
1.5
 40
1.5
 40
1.5
309
CELLMARGIN_END
 94
        6
 95
        1
302
GRIDFORMAT
  1
GRIDFORMAT_BEGIN
 90
        0
 91
        1
 62
     0
 92
       -2
340
12
 93
        0
 40
0.045
309
GRIDFORMAT_END
 95
        2
302
GRIDFORMAT
  1
GRIDFORMAT_BEGIN
 90
        0
 91
        1
 62
     0
 92
       -2
340
12
 93
        0
 40
0.045
309
GRIDFORMAT_END
 95
        4
302
GRIDFORMAT
  1
GRIDFORMAT_BEGIN
 90
        0
 91
        1
 62
     0
 92
       -2
340
12
 93
        0
 40
0.045
309
GRIDFORMAT_END
 95
        8
302
GRIDFORMAT
  1
GRIDFORMAT_BEGIN
 90
        0
 91
        1
 62
     0
 92
       -2
340
12
 93
        0
 40
0.045
309
GRIDFORMAT_END
 95
       16
302
GRIDFORMAT
  1
GRIDFORMAT_BEGIN
 90
        0
 91
        1
 62
     0
 92
       -2
340
12
 93
        0
 40
0.045
309
GRIDFORMAT_END
 95
       32
302
GRIDFORMAT
  1
GRIDFORMAT_BEGIN
 90
        0
 91
        1
 62
     0
 92
       -2
340
12
 93
        0
 40
0.045
309
GRIDFORMAT_END
309
TABLEFORMAT_END
  1
CELLSTYLE_BEGIN
 90
        1
 91
        1
300
_TITLE
309
CELLSTYLE_END
300
CELLSTYLE
  1
TABLEFORMAT_BEGIN
 90
        5
170
     1
 91
        0
 92
        0
 62
   257
 93
        1
300
CONTENTFORMAT
  1
CONTENTFORMAT_BEGIN
 90
        0
 91
        0
 92
      512
 93
        0
300

 40
0.0
140
1.0
 94
        5
 62
     0
340
3B
144
4.5
309
CONTENTFORMAT_END
171
     1
301
MARGIN
  1
CELLMARGIN_BEGIN
 40
1.5
 40
1.5
 40
1.5
 40
1.5
 40
1.5
 40
1.5
309
CELLMARGIN_END
 94
        6
 95
        1
302
GRIDFORMAT
  1
GRIDFORMAT_BEGIN
 90
        0
 91
        1
 62
     0
 92
       -2
340
12
 93
        0
 40
0.045
309
GRIDFORMAT_END
 95
        2
302
GRIDFORMAT
  1
GRIDFORMAT_BEGIN
 90
        0
 91
        1
 62
     0
 92
       -2
340
12
 93
        0
 40
0.045
309
GRIDFORMAT_END
 95
        4
302
GRIDFORMAT
  1
GRIDFORMAT_BEGIN
 90
        0
 91
        1
 62
     0
 92
       -2
340
12
 93
        0
 40
0.045
309
GRIDFORMAT_END
 95
        8
302
GRIDFORMAT
  1
GRIDFORMAT_BEGIN
 90
        0
 91
        1
 62
     0
 92
       -2
340
12
 93
        0
 40
0.045
309
GRIDFORMAT_END
 95
       16
302
GRIDFORMAT
  1
GRIDFORMAT_BEGIN
 90
        0
 91
        1
 62
     0
 92
       -2
340
12
 93
        0
 40
0.045
309
GRIDFORMAT_END
 95
       32
302
GRIDFORMAT
  1
GRIDFORMAT_BEGIN
 90
        0
 91
        1
 62
     0
 92
       -2
340
12
 93
        0
 40
0.045
309
GRIDFORMAT_END
309
TABLEFORMAT_END
  1
CELLSTYLE_BEGIN
 90
        2
 91
        1
300
_HEADER
309
CELLSTYLE_END
300
CELLSTYLE
  1
TABLEFORMAT_BEGIN
 90
        5
170
     1
 91
        0
 92
        0
 62
   257
 93
        1
300
CONTENTFORMAT
  1
CONTENTFORMAT_BEGIN
 90
        0
 91
        0
 92
      512
 93
        0
300

 40
0.0
140
1.0
 94
        2
 62
     0
340
3B
144
4.5
309
CONTENTFORMAT_END
171
     1
301
MARGIN
  1
CELLMARGIN_BEGIN
 40
1.5
 40
1.5
 40
1.5
 40
1.5
 40
1.5
 40
1.5
309
CELLMARGIN_END
 94
        6
 95
        1
302
GRIDFORMAT
  1
GRIDFORMAT_BEGIN
 90
        0
 91
        1
 62
     0
 92
       -2
340
12
 93
        0
 40
0.045
309
GRIDFORMAT_END
 95
        2
302
GRIDFORMAT
  1
GRIDFORMAT_BEGIN
 90
        0
 91
        1
 62
     0
 92
       -2
340
12
 93
        0
 40
0.045
309
GRIDFORMAT_END
 95
        4
302
GRIDFORMAT
  1
GRIDFORMAT_BEGIN
 90
        0
 91
        1
 62
     0
 92
       -2
340
12
 93
        0
 40
0.045
309
GRIDFORMAT_END
 95
        8
302
GRIDFORMAT
  1
GRIDFORMAT_BEGIN
 90
        0
 91
        1
 62
     0
 92
       -2
340
12
 93
        0
 40
0.045
309
GRIDFORMAT_END
 95
       16
302
GRIDFORMAT
  1
GRIDFORMAT_BEGIN
 90
        0
 91
        1
 62
     0
 92
       -2
340
12
 93
        0
 40
0.045
309
GRIDFORMAT_END
 95
       32
302
GRIDFORMAT
  1
GRIDFORMAT_BEGIN
 90
        0
 91
        1
 62
     0
 92
       -2
340
12
 93
        0
 40
0.045
309
GRIDFORMAT_END
309
TABLEFORMAT_END
  1
CELLSTYLE_BEGIN
 90
        3
 91
        2
300
_DATA
309
CELLSTYLE_END
  0
ENDSEC
  0
SECTION
  2
THUMBNAILIMAGE
 90
    16364
310
28000000B4000000550000000100080000000000C43B000000000000000000000001000000010000000000000000FF0000FFFF0000FF0000FFFF0000FF000000FF00FF00FFFFFF0080808000C0C0C0000000FF007F7FFF000000CC006666CC00000099004C4C990000007F003F3F7F0000004C0026264C00003FFF007F9FFF
310
000033CC00667FCC00002699004C5F9900001F7F003F4F7F0000134C00262F4C00007FFF007FBFFF000066CC006699CC00004C99004C729900003F7F003F5F7F0000264C0026394C0000BFFF007FDFFF000099CC0066B2CC00007299004C859900005F7F003F6F7F0000394C0026424C0000FFFF007FFFFF0000CCCC0066CC
310
CC00009999004C999900007F7F003F7F7F00004C4C00264C4C0000FFBF007FFFDF0000CC990066CCB200009972004C998500007F5F003F7F6F00004C3900264C420000FF7F007FFFBF0000CC660066CC990000994C004C997200007F3F003F7F5F00004C2600264C390000FF3F007FFF9F0000CC330066CC7F00009926004C
310
995F00007F1F003F7F4F00004C1300264C2F0000FF00007FFF7F0000CC000066CC6600009900004C994C00007F00003F7F3F00004C0000264C26003FFF00009FFF7F0033CC00007FCC6600269900005F994C001F7F00004F7F3F00134C00002F4C26007FFF0000BFFF7F0066CC000099CC66004C99000072994C003F7F0000
310
5F7F3F00264C0000394C2600BFFF0000DFFF7F0099CC0000B2CC66007299000085994C005F7F00006F7F3F00394C0000424C2600FFFF0000FFFF7F00CCCC0000CCCC66009999000099994C007F7F00007F7F3F004C4C00004C4C2600FFBF0000FFDF7F00CC990000CCB266009972000099854C007F5F00007F6F3F004C3900
310
004C422600FF7F0000FFBF7F00CC660000CC996600994C000099724C007F3F00007F5F3F004C2600004C392600FF3F0000FF9F7F00CC330000CC7F660099260000995F4C007F1F00007F4F3F004C1300004C2F2600FF000000FF7F7F00CC000000CC66660099000000994C4C007F0000007F3F3F004C0000004C262600FF00
310
3F00FF7F9F00CC003300CC667F0099002600994C5F007F001F007F3F4F004C0013004C262F00FF007F00FF7FBF00CC006600CC66990099004C00994C72007F003F007F3F5F004C0026004C263900FF00BF00FF7FDF00CC009900CC66B20099007200994C85007F005F007F3F6F004C0039004C264200FF00FF00FF7FFF00CC
310
00CC00CC66CC0099009900994C99007F007F007F3F7F004C004C004C264C00BF00FF00DF7FFF009900CC00B266CC0072009900854C99005F007F006F3F7F0039004C0042264C007F00FF00BF7FFF006600CC009966CC004C009900724C99003F007F005F3F7F0026004C0039264C003F00FF009F7FFF003300CC007F66CC00
310
260099005F4C99001F007F004F3F7F0013004C002F264C00333333005B5B5B0084848400ADADAD00D6D6D600FFFFFF00FAA9FAFAFAFAFAFAFAFAFAFAFAFAFAFAFAFAA9FAFAFAFAFAFAFAFAFAFAFAFAFAFAFAFA9FFAFAFAFAFAFAFAFAFAFAFAFAFAFAFAFAA9FAFAFAFAFAFAFAFAFAFAFAFAFAFAFAFAA9FAFAFAFAFAFAFAFAFA
310
FAFAFAFAFAFAFAA9FAFAFAFAFAFAFAFAFAFAFAFAFAFAFAFAA9FAFAFAFAFAFAFAFAFAFAFAFAFAFAFAFA9FFAFAFAFAFAFAFAFAFAFAFAFAFAFAFAFAA9FAFAFAFAFAFAFAFAFAFAFAFAFAFAFAFAA9FAFAFAFAFAFAFAFAFAFAFAFAFAFAFAFAA9FAFAFAFAFAFAFAFAFAA9FAFAFAFAFAFAFAFAFAFAFAFAFAFAFAFAA9FAFAFAFAFAFAFA
310
FAFAFAFAFAFAFAFAFA9FFAFAFAFAFAFAFAFAFAFAFAFAFAFAFAFAA9FAFAFAFAFAFAFAFAFAFAFAFAFAFAFAFAA9FAFAFAFAFAFAFAFAFAFAFAFAFAFAFAFAA9FAFAFAFAFAFAFAFAFAFAFAFAFAFAFAFAA9FAFAFAFAFAFAFAFAFAFAFAFAFAFAFAFA9FFAFAFAFAFAFAFAFAFAFAFAFAFAFAFAFAA9FAFAFAFAFAFAFAFAFAFAFAFAFAFAFA
310
FAA9FAFAFAFAFAFAFAFAFAFAFAFAFAFAFAFAA9FAFAFAFAFAFAFAFAFAA9FAFAFAFAFAFAFAFAFAFAFAFAFAFAFAFAA9FAFAFAFAFAFAFAFAFAFAFAFAFAFAFAFA9FFAFAFAFAFAFAFAFAFAFAFAFAFAFAFAFAA9FAFAFAFAFAFAFAFAFAFAFAFAFAFAFAFAA9FAFAFAFAFAFAFAFAFAFAFAFAFAFAFAFAA9FAFAFAFAFAFAFAFAFAFAFAFAFA
310
FAFAFAA9FAFAFAFAFAFAFAFAFAFAFAFAFAFAFAFA9FFAFAFAFAFAFAFAFAFAFAFAFAFAFAFAFAA9FAFAFAFAFAFAFAFAFAFAFAFAFAFAFAFAA9FAFAFAFAFAFAFAFAFAFAFAFAFAFAFAFAA9FAFAFAFAFAFAFAFA9F9F9F9F9F9F9F9F9F9F9F9F9F9F9F9F9F9F9F9F9F9F9F9F9F9F9F9F9F9F9F9F9F9F9F020202020202020202020202
310
02020202020202020202020202020202020202020202020202020202020202020202020202020202020202020202020202020202020202020202020202020202020202020202020202020202020202020202020202020202020202020202020202020213131313131313131313131313131313131313131313131313131313
310
131313131313FAA9FAFAFAFAFAFAFAFAFAFAFAFAFAFAFAFAA9FAFAFAFAFAFAFAFAFAFAFAFAFAFAFAFA02FAFA0707070707070707070707070707070707070707070707070707070707070707070707070707070707070707070707070707070707070707070707070707070707070707070707070707070707070707070707
310
070707070707020202020202020202020202020202FAFAFA02FAFAFAFAFAFAFAFAA9FAFAFAFAFAFAFAFAFAFAFAFAFAFAFAFAA9FAFAFAFAFAFAFAFAFAA9FAFAFAFAFAFAFAFAFAFAFAFAFAFAFAFAA9FAFAFAFAFAFAFAFAFAFAFAFAFAFAFAFA02FA07070707070707070707070707070707070707070707070707070707070707
310
070707070707070707070707070707070707070707070707070707070707070707070707070707070707070707070707070707070707070707070707070707070707070707070707070707FAFA02FAFAFAFAFAFAFAFAA9FAFAFAFAFAFAFAFAFAFAFAFAFAFAFAFAA9FAFAFAFAFAFAFAFAFAA9FAFAFAFAFAFAFAFAFAFAFAFAFA
310
FAFAFAA9FAFAFAFAFAFAFAFAFAFAFAFAFAFAFAFA0207070707070707070707070707070707070707070707070707070707070707070707070707070707070707070707070707070707070707070707070707070707070707070707070707070707070707070707070707070707070707070707070707070707070707070707
310
0707FA02FAFAFAFAFAFAFAFAA9FAFAFAFAFAFAFAFAFAFAFAFAFAFAFAFAA9FAFAFAFAFAFAFAFAFAA9FAFAFAFAFAFAFAFAFAFAFAFAFAFAFAFAA9FAFAFAFAFAFAFAFAFAFAFAFAFAFAFAFA020707070707070707070707070707070707070707070707070707070707070707070707070707070707070707070707070707070707
310
07070707070707070707070707070707070707070707070707070707070707070707070707070707070707070707070707070707070707FA02FAFAFAFAFAFAFAFAA9FAFAFAFAFAFAFAFAFAFAFAFAFAFAFAFAA9FAFAFAFAFAFAFAFAFAA9FAFAFAFAFAFAFAFAFAFAFAFAFAFAFAFAA9FAFAFAFAFAFAFAFAFAFAFAFAFAFAFAFA02
310
0707070707070707070707070707070707070707070707070707070707070707070707070707070707070707070707070707070707070707070707070707070707070707070707070707FAFAFAFAFAFAFAFAFAFA9FFAFAFAFAFAFAFDFDFDFAFAFAFAFAFAFAA9FA07070707070702FAFAFAFAFAFAFAFAA9FAFAFAFAFAFAFAFA
310
FAFAFAFAFAFAFAFAA9FAFAFAFAFAFAFAFAFAA9FAFAFAFAFAFAFAFAFAFAFAFAFAFAFAFAA9FAFAFAFAFAFAFAFAFAFAFAFAFAFAFAFA0207070707070707FAFAFAFAFAFAFAFAFAA9FAFAFAFAFAFAFAFAFAFAFAFAFAFAFAFAA9FAFAFAFAFAFAFAFAFAFAFAFAFAFAFAFAA9FAFAFAFAFAFAFAFAFAFAFAFAFAFAFAFAA9FAFAFAFAFAFA
310
FAFAFAFAFAFAFAFAFAFA9FFAFAFAFAFAFAFDFDFDFAFAFAFAFAFAFAA9FAFA070707070702FAFAFAFAFAFAFAFAA9FAFAFAFAFAFAFAFAFAFAFAFAFAFAFAFAA9FAFAFAFAFAFAFAFAFAA9FAFAFAFAFAFAFAFAFAFAFAFAFAFAFAFAA9FAFAFAFAFAFAFAFAFAFAFAFAFAFAFAFA020707070707FAFAFAFAFAFAFAFAFAFAFAA9FAFAFAFA
310
FAFAFAFAFAFAFAFAFAFAFAFAA9FAFAFAFAFAFAFAFAFAFAFAFAFAFAFAFAA9FAFAFAFAFAFAFAFAFAFAFAFAFAFAFAFAA9FAFAFAFAFAFAFAFAFAFAFAFAFAFAFAFA9FFAFDFDFAFAFAFDFDFDFAFAFAFAFDFAFAA9FAFA070707070702FAFAFAFAFAFAFAFAA9FAFAFAFAFAFAFAFAFAFAFAFAFAFAFAFAA9FAFAFAFAFAFAFAFAFAA9FAFA
310
FAFAFAFAFAFAFAFAFAFAFAFAFAFAA9FAFAFAFAFAFAFAFAFAFAFAFAFAFAFAFA020707070707FAFAFAFAFAFAFAFAFAFAFAA9FAFAFAFAFAFAFAFAFAFAFAFAFAFAFAFAA9FAFAFAFAFAFAFAFAFAFAFAFAFAFAFAFAA9FAFAFAFAFAFAFAFAFAFAFAFAFAFAFAFAA9FAFAFAFAFAFAFAFAFAFAFAFAFAFAFAFA9FFAFAFCFDFAFAFDFDFDFA
310
FAFBFCFAFAFAA9FAFA070707070702FAFAFAFAFAFAFAFAA9FAFAFAFAFAFAFAFAFAFAFAFAFAFAFAFAA9FAFAFAFAFAFAFAFAFAA9FAFAFAFAFAFAFAFAFAFAFAFAFAFAFAFAA9FAFAFAFAFAFAFAFAFAFAFAFAFAFAFAFA020707070707FAFAFAFAFAFAFAFAFAFAFAA9FAFAFAFAFAFAFAFAFAFAFAFAFAFAFAFAA9FAFAFAFAFAFAFAFA
310
FAFAFAFAFAFAFAFAA9FAFAFAFAFAFAFAFAFAFAFAFAFAFAFAFAA9FAFAFAFAFAFAFAFAFAFAFAFAFAFAFAFA9FFAFAFBFBFDFAFDFDFDFAFBFCFBFAFAFAA9FAFA070707070702FAFAFAFAFAFAFAFAA9FAFAFAFAFAFAFAFAFAFAFAFAFAFAFAFAA9FAFAFAFAFAFAFAFAFAA9FAFAFAFAFAFAFAFAFAFAFAFAFAFAFAFAA9FAFAFAFAFAFA
310
FAFAFAFAFAFAFAFAFAFA020707070707FAFAFAFAFAFAFAFAFAFAFAA9FAFAFAFAFAFAFAFAFAFAFAFAFAFAFAFAA9FAFAFAFAFAFAFAFAFAFAFAFAFAFAFAFAA9FAFAFAFAFAFAFAFAFAFAFAFAFAFAFAFAA9FAFAFAFAFAFAFAFAFAFAFAFAFAFAFAFA9FFAFAFAFBFBFDFDFDFDFC08FBFAFAFAFAA9FAFA070707070702FAFAFAFAFAFA
310
FAFAA9FAFAFAFAFAFAFAFAFAFAFAFAFAFAFAFAA9FAFAFAFAFAFAFAFAFAA9FAFAFAFAFAFAFAFAFAFAFAFAFAFAFAFAA9FAFAFAFAFAFAFAFAFAFAFAFAFAFAFAFA020707070707FAFAFAFAFAFAFAFAFAFAFAA9FAFAFAFAFAFAFAFAFAFAFAFAFAFAFAFAA9FAFAFAFAFAFAFAFAFAFAFAFAFAFAFAFAA9FAFAFAFAFAFAFAFAFAFAFAFA
310
FAFAFAFAA9FAFAFAFAFAFAFAFAFAFAFAFAFAFAFAFA9FFAFAFAFAFCFAFDFDFDFBFCFAFAFAFAFAFDFDFD070707070702FAFAFAFAFAFAFAFAA9FAFAFAFAFAFAFAFAFAFAFAFAFAFAFAFAA9FAFAFAFAFAFAFAFAFAA9FAFAFAFAFAFAFAFAFAFAFAFAFAFAFAFAA9FAFAFAFAFAFAFAFAFAFAFAFAFAFAFAFA020707070707FAFAFAFAFA
310
FAFAFAFAFAFAA9FAFAFAFAFAFAFAFAFAFAFAFAFAFAFAFAA9FAFAFAFAFAFAFAFAFAFAFAFAFAFAFAFAA9FAFAFAFAFAFAFAFAFAFAFAFAFAFAFAFAA9FAFAFAFAFAFAFAFAFAFAFAFAFAFAFAFAFDFDFDFDFDFDFDFAFAFAFDFDFDFDFDFDFDA9FAFAFD0707070702FAFAFAFAFAFAFAFAA9FAFAFAFAFAFAFAFAFAFAFAFAFAFAFAFAA9FA
310
FAFAFAFAFAFAFAFAA9FAFAFAFAFAFAFAFAFAFAFAFAFAFAFAFAA9FAFAFAFAFAFAFAFAFAFAFAFAFAFAFAFA020707070707FAFAFAFAFAFAFAFAFAFAFAA9FAFAFAFAFAFAFAFAFAFAFAFAFAFAFAFAA9FAFAFAFAFAFAFAFAFAFAFAFAFAFAFAFAA9FAFAFAFAFAFAFAFAFAFAFAFAFAFAFAFAA9FAFAFAFAFAFAFAFAFAFAFAFAFAFAFAFA
310
FDFDFDFDFDFDFDFAFAFAFDFDFDFDFDFDFDA9FAFAFD0707070702FAFAFAFAFAFAFAFAA9FAFAFAFAFAFAFAFAFAFAFAFAFAFAFAFAA9FAFAFAFAFAFAFAFAFAA9FAFAFAFAFAFAFAFAFAFAFAFAFAFAFAFAA9FAFAFAFAFAFAFAFAFAFAFAFAFAFAFAFA020707070707FAFAFAFAFAFAFAFAFAFAFAA9FAFAFAFAFAFAFAFAFAFAFAFAFAFA
310
FAFAA9FAFAFAFAFAFAFAFAFAFAFAFAFAFAFAFAA9FAFAFAFAFAFAFAFAFAFAFAFAFAFAFAFAA9FAFAFAFAFAFAFAFAFAFAFAFAFAFAFAFA9FFAFAFAFAFCFAFDFDFDFBFCFAFAFAFAFAFDFDFD070707070702FAFAFAFAFAFAFAFAA9FAFAFAFAFAFAFAFAFAFAFAFAFAFAFAFAA9FAFAFAFAFAFAFAFAFAA9FAFAFAFAFAFAFAFAFAFAFAFA
310
FAFAFAFAA9FAFAFAFAFAFAFAFAFAFAFAFAFAFAFAFA020707070707FAFAFAFAFAFAFAFAFAFAFAA9FAFAFAFAFAFAFAFAFAFAFAFAFAFAFAFAA9FAFAFAFAFAFAFAFAFAFAFAFAFAFAFAFAA9FAFAFAFAFAFAFAFAFAFAFAFAFAFAFAFAA9FAFAFAFAFAFAFAFAFAFAFAFAFAFAFAFA9FFAFAFAFBFBFDFDFAFDFC08FBFAFAFAFAA9FAFA07
310
0707070702FAFAFAFAFAFAFAFAA9FAFAFAFAFAFAFAFAFAFAFAFAFAFAFAFAA9FAFAFAFAFAFAFAFAFAA9FAFAFAFAFAFAFAFAFAFAFAFAFAFAFAFAA9FAFAFAFAFAFAFAFAFAFAFAFAFAFAFAFA020707070707FAFAFAFAFAFAFAFAFAFAFAA9FAFAFAFAFAFAFAFAFAFAFAFAFAFAFAFAA9FAFAFAFAFAFAFAFAFAFAFAFAFAFAFAFAA9FA
310
FAFAFAFAFAFAFAFAFAFAFAFAFAFAFAA9FAFAFAFAFAFAFAFAFAFAFAFAFAFAFAFA9FFAFAFBFBFDFAFDFAFDFAFBFCFBFAFAFAA9FAFA070707070702FAFAFAFAFAFAFAFAA9FAFAFAFAFAFAFAFAFAFAFAFAFAFAFAFAA9FAFAFAFAFAFAFAFAA9A9A9A9A9A9A9A9A9A9A9A9A9A9A9A9A9A9A9A9A9A9A9A9A9A9A9A9A9A9A9A9A9A9A9
310
020707070707A9A9A9A9A9A9A9A9A9A9A9A9A9A9A9A9A9A9A9A9A9A9A9A9A9A9A9A9A9A9A9A9A9A9A9A9A9A9A9A9A9A9A9A9A9A9A9A9A9A9A9A9A9A9A9A9A9A9A9A9A9A9A9A9A9A9A9A9A9A9A9A9A9A9A9A9A9A9A9A9A995FCFDA9A9FDA9FDA9A9FBFC95A9A9A9A9A9070707070702A9A9A9A9A9A9A9A9A9A9A9A9A9A9A9A9
310
A9A9A9A9A9A9A9A9A9A9A9A9A9A9A9A9A9A9FAA9FAFAFAFAFAFAFAFAFAFAFAFAFAFAFAFAA9FAFAFAFAFAFAFAFAFAFAFAFAFAFAFAFA020707070707FAFAFAFAFAFAFAFAFAFAFAA9FAFAFAFAFAFAFAFAFAFAFAFAFAFAFAFAA9FAFAFAFAFAFAFAFAFAFAFAFAFAFAFAFAA9FAFAFAFAFAFAFAFAFAFAFAFAFAFAFAFAA9FAFAFAFAFA
310
FAFAFAFAFAFAFAFAFAFAFA9FFAFDFDFAFAFAFDFAFDFAFAFAFAFDFAFAA9FAFA070707070702FAFAFAFAFAFAFAFAA9FAFAFAFAFAFAFAFAFAFAFAFAFAFAFAFAA9FAFAFAFAFAFAFAFAFAA9FAFAFAFAFAFAFAFAFAFAFAFAFAFAFAFAA9FAFAFAFAFAFAFAFAFAFAFAFAFAFAFAFA020707070707FAFAFAFAFAFAFAFAFAFAFAA9FAFAFA
310
FAFAFAFAFAFAFAFAFAFAFAFAFAA9FAFAFAFAFAFAFAFAFAFAFAFAFAFAFAFAA9FAFAFA03FAFAFAFAFAFAFAFAFAFAFAFAA9FAFAFAFAFAFAFAFAFAFAFAFAFAFAFAFA9FFAFAFAFAFAFAFDFAFDFAFAFAFAFAFAFAA9FAFA070707070702FAFAFAFAFAFAFAFAA9FAFAFAFAFAFAFAFAFAFAFAFAFAFAFAFAA9FAFAFAFAFAFAFAFAFAA9FA
310
FAFAFAFAFAFAFAFAFAFAFAFAFAFAFAA9FAFAFAFAFAFAFAFAFAFAFAFAFAFAFAFA020707070707FAFAFAFAFAFAFAFAFAFAFAA9FAFAFAFAFAFAFAFAFAFAFAFAFAFAFAFAA9FAFAFAFAFAFAFAFAFAFAFAFAFAFAFAFAA9FAFA0703FAFAFAFAFAFAFAFAFAFAFAFAA9FAFAFAFAFAFAFAFAFAFAFAFAFAFAFAFA9FFAFAFAFAFAFAFDFDFD
310
FAFAFAFAFAFAFAA9FAFA070707070702FAFAFAFAFAFAFAFAA9FAFAFAFAFAFAFAFAFAFAFAFAFAFAFAFAA9FAFAFAFAFAFAFAFAFAA9FAFAFAFAFAFAFAFAFAFAFAFAFAFAFAFAA9FAFAFAFAFAFAFAFAFAFAFAFAFAFAFAFA020707070707FAFAFAFAFAFAFAFAFAFAFAA9FAFAFAFAFAFAFAFAFAFAFAFAFAFAFAFAA9FAFAFAFAFAFAFA
310
FAFAFAFAFAFAFAFAFAA9FAFA0703FAFAFAFAFAFAFAFAFAFAFAFAA9FAFAFAFAFAFAFAFAFAFAFAFAFAFAFAFA9FFAFAFAFAFDFDFDFDFDFDFDFDFDFDFDFDA9FAFA070707070702FAFAFAFAFAFAFAFAA9FAFAFAFAFAFAFAFAFAFAFAFAFAFAFAFAA9FAFAFAFAFAFAFAFAFAA9FAFAFAFAFAFAFAFAFAFAFAFAFAFAFAFAA9FAFAFAFAFA
310
FAFAFAFAFAFAFAFAFAFAFA020707070707FAFAFAFAFAFAFAFAFAFAFAA9FAFAFAFAFAFAFAFAFAFAFAFAFAFAFAFAA9FAFAFAFAFAFAFAFAFAFAFAFAFAFAFAFAA9FAFA0703FAFAFAFAFAFAFAFAFAFAFAFAA9FAFAFAFAFAFAFAFAFAFAFAFAFAFAFAFA9FFAFAFAFAFAFAFAFAFAFAFAFAFAFAFAFAA9FAFA070707070702FAFAFAFAFA
310
FAFAFAA9FAFAFAFAFAFAFAFAFAFAFAFAFAFAFAFAA9FAFAFAFAFAFAFAFAFAA9FAFAFAFAFAFAFAFAFAFAFAFAFAFAFAFAA9FAFAFAFAFAFAFAFAFAFAFAFAFAFAFAFA020707070707FAFAFAFAFAFAFAFAFAFAFAA9FAFAFAFAFAFAFAFAFAFAFAFAFAFAFAFAA9FAFAFAFAFAFAFAFAFAFAFAFAFAFAFAFAA9FAFA0703FAFAFAFAFAFAFA
310
FAFAFAFAFAA9FAFAFAFAFAFAFAFAFAFAFAFAFAFAFAFA9FFAFAFAFAFAFAFAFAFAFAFAFAFAFAFAFAA9FAFA070707070702FAFAFAFAFAFAFAFAA9FAFAFAFAFAFAFAFAFAFAFAFAFAFAFAFAA9FAFAFAFAFAFAFAFAFAA9FAFAFAFAFAFAFAFAFAFAFAFAFAFAFAFAA9FAFAFAFAFAFAFAFAFAFAFAFAFAFAFAFA020707070707FAFAFAFA
310
FAFAFAFAFAFAFAA9FAFAFAFAFAFAFAFAFAFAFAFAFAFAFAFAA9FAFAFAFAFAFAFAFAFAFAFAFAFAFAFAFAA9FAFAFAFAFAFAFAFAFAFAFAFAFAFAFAFAA9FAFAFAFAFAFAFAFAFAFAFAFAFAFAFAFA9FFAFAFAFAFAFAFAFAFAFAFAFAFAFAFAFAA9FAFA070707070702FAFAFAFAFAFAFAFAA9FAFAFAFAFAFAFAFAFAFAFAFAFAFAFAFAA9
310
FAFAFAFAFAFAFAFAFAA9FAFAFAFAFAFAFAFAFAFAFAFAFAFAFAFAA9FAFAFAFAFAFAFAFAFAFAFAFAFAFAFAFA020707070707FAFAFAFAFAFAFAFAFAFAFAA9FAFAFAFA0707070707070707070707070707070707070707070707070707070707070707070707070707070707070707070707070707070707070707070707070707
310
0707070707FAFAFAFAFAFAFAFAFAFAFAFAFAA9FAFA070707070702FAFAFAFAFAFAFAFAA9FAFAFAFAFAFAFAFAFAFAFAFAFAFAFAFAA9FAFAFAFAFAFAFAFAFAA9FAFAFAFAFAFAFAFAFAFAFAFAFAFAFAFAA9FAFAFAFAFAFAFAFAFAFAFAFAFAFAFAFA020707070707FAFAFAFAFAFAFAFAFAFAFAA9FAFA0707070707070707070707
310
0707070707070707070707070707070707070707070707070707070707070707070707070707070707070707070707070707070707070707070707FAFAFAFAFAFAFAFAFAFAFAFAA9FAFA070707070702FAFAFAFAFAFAFAFAA9FAFAFAFAFAFAFAFAFAFAFAFAFAFAFAFAA9FAFAFAFAFAFAFAFAFAA9FAFAFAFAFAFAFAFAFAFAFA
310
FAFAFAFAFAA9FAFAFAFAFAFAFAFAFAFAFAFAFAFAFAFA020707070707FAFAFAFAFAFAFAFAFAFAFAA9FA070707070707070707070707070707070707070707070707070707070707070707070707070707070707070707070707070707070707070707070707070707070707070707070707FAFAFAFAFAFAFAFAFAFAFAA9FAFA
310
070707070702FAFAFAFAFAFAFAFAA9FAFAFAFAFAFAFAFAFAFAFAFAFAFAFAFAA9FAFAFAFAFAFAFAFAFAA9FAFAFAFAFAFAFAFAFAFAFAFAFAFAFAFAA9FAFAFAFAFAFAFAFAFAFAFAFAFAFAFAFA020707070707FAFAFAFAFAFAFAFAFAFAFAA9FA070707070707070707070707070707070707070707070707070707070707070707
310
070707070707070707070707070707070707070707070707070707070707070707070707070707FAFAFAFAFAFAFAFAFAFAFAA9FAFA070707070702FAFAFAFAFAFAFAFAA9FAFAFAFAFAFAFAFAFAFAFAFAFAFAFAFAA9FAFAFAFAFAFAFAFAFAA9FAFAFAFAFAFAFAFAFAFAFAFAFAFAFAFAA9FAFAFAFAFAFAFAFAFAFAFAFAFAFAFA
310
FA020707070707FAFAFAFAFAFAFAFAFAFAFAA9FA070707070707070707070707070707070707070707070707070707070707070707070707070707070707070707070707070707070707070707070707070707070707070707070707FAFAFAFAFAFAFAFAFAFAFAA9FAFA070707070702FAFAFAFAFAFAFAFAA9FAFAFAFAFAFA
310
FAFAFAFAFAFAFAFAFAFAA9FAFAFAFAFAFAFAFAFAA9FAFAFAFAFAFAFAFAFAFAFAFAFAFAFAFAA9FAFAFAFAFAFAFAFAFAFAFAFAFAFAFAFA020707070707FAFAFAFAFAFAFAFAFAFAFAA9FA070707070707070707070707070707070707070707070707070707070707070707070707070707070707070707070707070707070707
310
070707070707070707070707070707070707FAFAFAFAFAFAFAFAFAFAFAA9FAFA070707070702FAFAFAFAFAFAFAFAA9FAFAFAFAFAFAFAFAFAFAFAFAFAFAFAFAA9FAFAFAFAFAFAFAFAFAA9FAFAFAFAFAFAFAFAFAFAFAFAFAFAFAFAA9FAFAFAFAFAFAFAFAFAFAFAFAFAFAFAFA020707070707FAFAFAFAFAFAFAFAFAFAFAA9FA07
310
0707070707070707070707070707070707070707070707070707070707070707070707070707070707070707070707070707070707070707070707070707070707070707070707FAFAFAFAFAFAFAFAFAFAFAA9FAFA070707070702FAFAFAFAFAFAFAFAA9FAFAFAFAFAFAFAFAFAFAFAFAFAFAFAFAA9FAFAFAFAFAFAFAFAFAA9
310
FAFAFAFAFAFAFAFAFAFAFAFAFAFAFAFAA9FAFAFAFAFAFAFAFAFAFAFAFAFAFAFAFA020707070707FAFAFAFAFAFAFAFAFAFAFAA9FA070707070707070707070707070707070707070707070707070707070707070707070707070707070707070707070707070707070707070707070707070707070707070707070707FAFAFA
310
FAFAFAFAFAFAFAFAA9FAFA070707070702FAFAFAFAFAFAFAFAA9FAFAFAFAFAFAFAFAFAFAFAFAFAFAFAFAA9FAFAFAFAFAFAFAFAFAA9FAFAFAFAFAFAFAFAFAFAFAFAFAFAFAFAA9FAFAFAFAFAFAFAFAFAFAFAFAFAFAFAFA020707070707FAFAFAFAFAFAFAFAFAFAFAA9FA07070707070707070707070707070707070707070707
310
0707070707070707070707070707070707070707070707070707070707070707070707070707070707070707070707070707FAFAFAFAFAFAFAFAFAFAFAA9FAFA070707070702FAFAFAFAFAFAFAFAA9FAFAFAFAFAFAFAFAFAFAFAFAFAFAFAFAA9FAFAFAFAFAFAFAFAA9A9A9A9A9A9A9A9A9A9A9A9A9A9A9A9A9A9A9A9A9A9A9
310
A9A9A9A9A9A9A9A9A9A9A9A9020707070707A9A9A9A9A9A9A9A9A9A9A9A9A9070707070707070707070707070707070707070707070707070707070707070707070707070707070707070707070707070707070707070707070707070707070707070707070707A9A9A9A9A9A9A9A9A9A9A9A9A9A9070707070702A9A9A9A9
310
A9A9A9A9A9A9A9A9A9A9A9A9A9A9A9A9A9A9A9A9A9A9A9A9A9A9A9A9A9A9FAA9FAFAFAFAFAFAFAFAFAFAFAFAFAFAFAFAA9FAFAFAFAFAFAFAFAFAFAFAFAFAFAFAFA020707070707FAFAFAFAFAFAFAFAFAFAFAA9FA07070707070707070707070707070707070707070707070707070707070707070707070707070707070707
310
0707070707070707070707070707070707070707070707070707070707FAFAFAFAFAFAFAFAFAFAFAA9FAFA070707070702FAFAFAFAFAFAFAFAA9FAFAFAFAFAFAFAFAFAFAFAFAFAFAFAFAA9FAFAFAFAFAFAFAFAFAA9FAFAFAFAFAFAFAFAFAFAFAFAFAFAFAFAA9FAFAFAFAFAFAFAFAFAFAFAFAFAFAFAFA020707070707FAFAFA
310
FAFAFAFAFAFAFAFAA9FA0707070707FA01FA01070707070707070707070707070707070707070707070707070707070707070707070707070707070707070707070707070707070707070707070707070707FAFAFAFAFAFAFAFAFAFAFAA9FAFA070707070702FAFAFAFAFAFAFAFAA9FAFAFAFAFAFAFAFAFAFAFAFAFAFAFAFA
310
A9FAFAFAFAFAFAFAFAFAA9FAFAFAFAFAFAFAFAFAFAFAFAFAFAFAFAA9FAFAFAFAFAFAFAFAFAFAFAFAFAFAFAFA020707070707FAFAFAFAFAFAFA0303030303FA070707070701FA01FA07070707070707070707070707070707070707070707070707070707070707070707070707070707070707070707070707070707070707
310
0707070707070707FA0303030303FAFAFAFAFAA9FAFA070707070702FAFAFAFAFAFAFAFAA9FAFAFAFAFAFAFAFAFAFAFAFAFAFAFAFAA9FAFAFAFAFAFAFAFAFAA9FAFAFAFAFAFAFAFAFAFAFAFAFAFAFAFAA9FAFAFAFAFAFAFAFAFAFAFAFAFAFAFAFA020707070707FAFAFAFAFAFAFAFAFAFAFAA9FA07070707070101FA010707
310
07070707070707070707070707070707070707070707070707070707070707070707070707070707070707070707070707070707070707070707070707FAFAFAFAFAFAFAFAFAFAFAA9FAFA070707070702FAFAFAFAFAFAFAFAA9FAFAFAFAFAFAFAFAFAFAFAFAFAFAFAFAA9FAFAFAFAFAFAFAFAFAA9FAFAFAFAFAFAFAFAFAFA
310
FAFAFAFAFAFAA9FAFAFAFAFAFAFAFAFAFAFAFAFAFAFAFA020707070707FAFAFAFAFAFAFAFAFAFAFAA9FA070707070707070707070707070707070707070707070707070707070707070707070707070707070707070707070707070707070707070707070707070707070707070707070707FAFAFAFAFAFAFAFAFAFAFAA9FA
310
FA070707070702FAFAFAFAFAFAFAFAA9FAFAFAFAFAFAFAFAFAFAFAFAFAFAFAFAA9FAFAFAFAFAFAFAFAFAA9FAFAFAFAFAFAFAFAFAFAFAFAFAFAFAFAA9FAFAFAFAFAFAFAFAFAFAFAFAFAFAFAFA020707070707FAFAFAFAFAFAFAFAFAFAFAA9FA0707070707070707070707070707070707070707070707070707070707070707
310
07070707070707070707070707070707070707070707070707070707070707070707070707070707FAFAFAFAFAFAFAFAFAFAFAA9FAFA070707070702FAFAFAFAFAFAFAFAA9FAFAFAFAFAFAFAFAFAFAFAFAFAFAFAFAA9FAFAFAFAFAFAFAFAFAA9FAFAFAFAFAFAFAFAFAFAFAFAFAFAFAFAA9FAFAFAFAFAFAFAFAFAFAFAFAFAFA
310
FAFA020707070707FAFAFAFAFAFAFAFAFAFAFAA9FA070707070707070707070707070707070707070707070707070707070707070707070707070707070707070707070707070707070707070707070707070707070707070707070707FAFAFAFAFAFAFAFAFAFAFAA9FAFA070707070702FAFAFAFAFAFAFAFAA9FAFAFAFAFA
310
FAFAFAFAFAFAFAFAFAFAFAA9FAFAFAFAFAFAFAFAFAA9FAFAFAFAFAFAFAFAFAFAFAFAFAFAFAFAA9FAFAFAFAFAFAFAFAFAFAFAFAFAFAFAFA020707070707FAFAFAFAFAFAFAFAFAFAFAA9FA0707070707070707070707070707070707070707070707070707070707070707070707070707070707070707070707070707070707
310
07070707070707070707070707070707070707FAFAFAFAFAFAFAFAFAFAFAA9FAFA070707070702FAFAFAFAFAFAFAFAA9FAFAFAFAFAFAFAFAFAFAFAFAFAFAFAFAA9FAFAFAFAFAFAFAFAFAA9FAFAFAFAFAFAFAFAFAFAFAFAFAFAFAFAA9FAFAFAFAFAFAFAFAFAFAFAFAFAFAFAFA020707070707FAFAFAFAFAFAFAFAFAFAFAA9FA
310
070707070707070707070707070707070707070707070707070707070707070707070707070707070707070707070707070707070707070707070707070707070707070707070707FAFAFAFAFAFAFAFAFAFAFAA9FAFA070707070702FAFAFAFAFAFAFAFAA9FAFAFAFAFAFAFAFAFAFAFAFAFAFAFAFAA9FAFAFAFAFAFAFAFAFA
310
A9FAFAFAFAFAFAFAFAFAFAFAFAFAFAFAFAA9FAFAFAFAFAFAFAFAFAFAFAFAFAFAFAFA020707070707FAFAFAFAFAFAFAFAFAFAFAA9FA070707070707070707070707070707070707070707070707070707070707070707070707070707070707070707070707070707070707070707070707070707070707070707070707FAFA
310
FAFAFAFAFAFAFAFAFAA9FAFA070707070702FAFAFAFAFAFAFAFAA9FAFAFAFAFAFAFAFAFAFAFAFAFAFAFAFAA9FAFAFAFAFAFAFAFAFAA9FAFAFAFAFAFAFAFAFAFAFAFAFAFAFAFAA9FAFAFAFAFAFAFAFAFAFAFAFAFAFAFAFA020707070707FAFAFAFAFAFAFAFAFAFAFAA9FA070707070707070707070707070707070707070707
310
070707070707070707070707070707070707070707070707070707070707070707070707070707070707070707070707070707FAFAFAFAFAFAFAFAFAFAFAA9FAFA070707070702FAFAFAFAFAFAFAFAA9FAFAFAFAFAFAFAFAFAFAFAFAFAFAFAFAA9FAFAFAFAFAFAFAFAFAA9FAFAFAFAFAFAFAFAFAFAFAFAFAFAFAFAA9FAFAFA
310
FAFAFAFAFAFAFAFAFAFAFAFAFA020707070707FAFAFAFAFAFAFAFAFAFAFAA9FA070707070707070707070707070707070707070707070707070707070707070707070707070707070707070707070707070707070707070707070707070707070707070707070707FAFAFAFAFAFAFAFAFAFAFAA9FAFA070707070702FAFAFA
310
FAFAFAFAFAA9FAFAFAFAFAFAFAFAFAFAFAFAFAFAFAFAA9FAFAFAFAFAFAFAFAFAA9FAFAFAFAFAFAFAFAFAFAFAFAFAFAFAFAA9FAFAFAFAFAFAFAFAFAFAFAFAFAFAFAFA020707070707FAFAFAFAFAFAFAFAFAFAFAA9FA070707070707070707070707070707070707070707070707070707070707070707070707070707070707
310
070707070707070707070707070707070707070707070707070707070707FAFAFAFAFAFAFAFAFAFAFAA9FAFA070707070702FAFAFAFAFAFAFAFAA9FAFAFAFAFAFAFAFAFAFAFAFAFAFAFAFAA9FAFAFAFAFAFAFAFAFAA9FAFAFAFAFAFAFAFAFAFAFAFAFAFAFAFAA9FAFAFAFAFAFAFAFAFAFAFAFAFAFAFAFA020707070707FAFA
310
FAFAFAFAFAFAFAFAFAA9FAFA07070707070707070707070707070707070707070707070707070707070707070707070707070707070707070707070707070707070707070707070707070707070707070707FAFAFAFAFAFAFAFAFAFAFAFAA9FAFA070707070702FAFAFAFAFAFAFAFAA9FAFAFAFAFAFAFAFAFAFAFAFAFAFAFA
310
FAA9FAFAFAFAFAFAFAFAFAA9FAFAFAFAFAFAFAFAFAFAFAFAFAFAFAFAA9FAFAFAFAFAFAFAFAFAFAFAFAFAFAFAFA020707070707FAFAFAFAFAFAFAFAFAFAFAA9FAFAFAFA070707070707070707070707070707070707070707070707070707070707070707070707070707070707070707070707070707070707070707070707
310
07070707070707FAFAFAFAFAFAFAFAFAFAFAFAFAA9FAFA070707070702FAFAFAFAFAFAFAFAA9FAFAFAFAFAFAFAFAFAFAFAFAFAFAFAFAA9FAFAFAFAFAFAFAFAFAA9FAFAFAFAFAFAFAFAFAFAFAFAFAFAFAFAA9FAFAFAFAFAFAFAFAFAFAFAFAFAFAFAFA020707070707FAFAFAFAFAFAFAFAFAFAFAA9FAFAFAFAFAFAFAFAFAFAFA
310
FAFAFAFAFAA9FAFAFAFAFAFAFAFAFAFAFAFAFAFAFAFAA9FAFAFAFAFAFAFAFAFAFAFAFAFAFAFAFAA9FAFAFAFAFAFAFAFAFAFAFAFAFAFAFAFA9FFAFAFAFAFAFAFAFAFAFAFAFAFAFAFAFAA9FAFA070707070702FAFAFAFAFAFAFAFAA9FAFAFAFAFAFAFAFAFAFAFAFAFAFAFAFAA9FAFAFAFAFAFAFAFAA9A9A9A9A9A9A9A9A9A9A9
310
A9A9A9A9A9A9A9A9A9A9A9A9A9A9A9A9A9A9A9A9A9A9A9A9020707070707A9A9A9A9A9A9A9A9A9A9A9A9A9A9A9A9A9A9A9A9A9A9A9A9A9A9A9A9A9A9A9A9A9A9A9A9A9A9A9A9A9A9A9A9A9A9A9A9A9A9A9A9A9A9A9A9A9A9A9A9A9A9A9A9A9A9A9A9A9A9A9A9A9A9A9A9A9A9A9A9A9A9A9A9A9A9A9A9A9A9A9A9A9A9A9A9A9
310
A9A9070707070702A9A9A9A9A9A9A9A9A9A9A9A9A9A9A9A9A9A9A9A9A9A9A9A9A9A9A9A9A9A9A9A9A9A9FAA9FAFAFAFAFAFAFAFAFAFAFAFAFAFAFAFAA9FAFAFAFAFAFAFAFAFAFAFAFAFAFAFAFA020707070707FAFAFAFAFAFAFAFAFAFAFAA9FAFAFAFAFAFAFAFAFAFAFAFAFAFAFAFAA9FAFAFAFAFAFAFAFAFAFAFAFAFAFAFA
310
FAA9FAFAFA03FAFAFAFAFAFAFAFAFAFAFAFAA9FAFAFAFAFAFAFAFAFAFAFAFAFAFAFAFA9FFAFAFAFAFAFAFAFAFAFAFAFAFAFAFAFAA9FAFA070707070702FAFAFAFAFAFAFAFAA9FAFAFAFAFAFAFAFAFAFAFAFAFAFAFAFAA9FAFAFAFAFAFAFAFAFAA9FAFAFAFAFAFAFAFAFAFAFAFAFAFAFAFAA9FAFAFAFAFAFAFAFAFAFAFAFAFA
310
FAFAFA020707070707FAFAFAFAFAFAFAFAFAFAFAA9FAFAFAFAFAFAFAFAFAFAFAFAFAFAFAFAA9FAFAFAFAFAFAFAFAFAFAFAFAFAFAFAFAA9FAFAFA03FAFAFAFAFAFAFAFAFAFAFAFAA9FAFAFAFAFAFAFAFAFAFAFAFAFAFAFAFA9FFAFAFAFAFAFAFAFAFAFAFAFAFAFAFAFAA9FAFA070707070702FAFAFAFAFAFAFAFAA9FAFAFAFA
310
FAFAFAFAFAFAFAFAFAFAFAFAA9FAFAFAFAFAFAFAFAFAA9FAFAFAFAFAFAFAFAFAFAFAFAFAFAFAFAA9FAFAFAFAFAFAFAFAFAFAFAFAFAFAFAFA020707070707FAFAFAFAFAFAFAFAFAFAFAA9FAFAFAFAFAFAFAFAFAFAFAFAFAFAFAFAA9FAFAFAFAFAFAFAFAFAFAFAFAFAFAFAFAA9FAFAFA03FAFAFAFAFAFAFAFAFAFAFAFAA9FAFA
310
FAFAFAFAFAFAFAFAFAFAFAFAFAFA9FFAFAFAFAFAFAFAFAFAFAFAFAFAFAFAFAA9FAFA070707070702FAFAFAFAFAFAFAFAA9FAFAFAFAFAFAFAFAFAFAFAFAFAFAFAFAA9FAFAFAFAFAFAFAFAFAA9FAFAFAFAFAFAFAFAFAFAFAFAFAFAFAFAA9FAFAFAFAFAFAFAFAFAFAFAFAFAFAFAFA020707070707FAFAFAFAFAFAFAFAFAFAFAA9
310
FAFAFAFAFAFAFAFAFAFAFAFAFAFAFAFAA9FAFAFAFAFAFAFAFAFAFAFAFAFAFAFAFAA9FAFAFA03FAFAFAFAFAFAFAFAFAFAFAFAA9FAFAFAFAFAFAFAFAFAFAFAFAFAFAFAFA9FFAFAFAFAFAFAFAFAFAFAFAFAFAFAFAFAA9FAFA070707070702FAFAFAFAFAFAFAFAA9FAFAFAFAFAFAFAFAFAFAFAFAFAFAFAFAA9FAFAFAFAFAFAFAFA
310
FAA9FAFAFAFAFAFAFAFAFAFAFAFAFAFAFAFAA9FAFAFAFAFAFAFAFAFAFAFAFAFAFAFAFA020707070707FAFAFAFAFAFAFAFAFAFAFAA9FAFAFAFAFAFAFAFAFAFAFAFAFAFAFAFAA9FAFAFAFAFAFAFAFAFAFAFAFAFAFAFAFAA9FAFAFA03FAFAFAFAFAFAFAFAFAFAFAFAA9FAFAFAFAFAFAFAFAFAFAFAFAFAFAFAFA9FFAFAFAFAFAFA
310
FAFAFAFAFAFAFAFAFAFAA9FAFA070707070702FAFAFAFAFAFAFAFAA9FAFAFAFAFAFAFAFAFAFAFAFAFAFAFAFAA9FAFAFAFAFAFAFAFAFAA9FAFAFAFAFAFAFAFAFAFAFAFAFAFAFAFAA9FAFAFAFAFAFAFAFAFAFAFAFAFAFAFAFA020707070707FAFAFAFAFAFAFAFAFAFAFAA9FAFAFAFAFAFAFAFAFAFAFAFAFAFAFAFAA9FAFAFAFA
310
FAFAFAFAFAFAFAFAFAFAFAFAA9FAFAFAFAFAFAFAFAFAFAFAFAFAFAFAFAA9FAFAFAFAFAFAFAFAFAFAFAFAFAFAFAFA9FFAFAFAFAFAFAFAFAFAFAFAFAFAFAFAFAA9FAFA070707070702FAFAFAFAFAFAFAFAA9FAFAFAFAFAFAFAFAFAFAFAFAFAFAFAFAA9FAFAFAFAFAFAFAFAFAA9FAFAFAFAFAFAFAFAFAFAFAFAFAFAFAFAA9FAFA
310
FAFAFAFAFAFAFAFAFAFAFAFAFAFA020707070707FAFAFAFAFAFAFAFAFAFAFAA9FAFAFAFAFAFAFAFAFAFAFAFAFAFAFAFAA9FAFAFAFAFAFAFAFAFAFAFAFAFAFAFAFAA9FAFAFAFAFAFAFAFAFAFAFAFAFAFAFAFAA9FAFAFAFAFAFAFAFAFAFAFAFAFAFAFAFA9FFAFAFAFAFAFAFAFAFAFAFAFAFAFAFAFAA9FAFA070707070702FAFA
310
FAFAFAFAFAFAA9FAFAFAFAFAFAFAFAFAFAFAFAFAFAFAFAA9FAFAFAFAFAFAFAFAFAA9FAFAFAFAFAFAFAFAFAFAFAFAFAFAFAFAA9FAFAFAFAFAFAFAFAFAFAFAFAFAFAFAFA020707070707FAFAFAFAFAFAFAFAFAFAFAA9FAFAFAFAFAFAFAFAFAFAFAFAFAFAFAFAA9FAFAFAFAFAFAFAFAFAFAFAFAFAFAFAFAA9FAFAFAFAFAFAFAFA
310
FAFAFAFAFAFAFAFAA9FAFAFAFAFAFAFAFAFAFAFAFAFAFAFAFA9FFAFAFAFAFAFAFAFAFAFAFAFAFAFAFAFAA9FAFA070707070702FAFAFAFAFAFAFAFAA9FAFAFAFAFAFAFAFAFAFAFAFAFAFAFAFAA9FAFAFAFAFAFAFAFAFAA9FAFAFAFAFAFAFAFAFAFAFAFAFAFAFAFAA9FAFAFAFAFAFAFAFAFAFAFAFAFAFAFAFA020707070707FA
310
FAFAFAFAFAFAFAFAFAFAA9FAFAFAFAFAFAFAFAFAFAFAFAFAFAFAFAA9FAFAFAFAFAFAFAFAFAFAFAFAFAFAFAFAA9FAFAFAFAFAFAFAFAFAFAFAFAFAFAFAFAA9FAFAFAFAFAFAFAFAFAFAFAFAFAFAFAFA9FFAFAFAFAFAFAFAFAFAFAFAFAFAFAFAFAA9FAFA070707070702FAFAFAFAFAFAFAFAA9FAFAFAFAFAFAFAFAFAFAFAFAFAFA
310
FAFAA9FAFAFAFAFAFAFAFAFAA9FAFAFAFAFAFAFAFAFAFAFAFAFAFAFAFAA9FAFAFAFAFAFAFAFAFAFAFAFAFAFAFAFA020707070707FAFAFAFAFAFAFAFAFAFAFAA9FAFAFAFAFAFAFAFAFAFAFAFAFAFAFAFAA9FAFAFAFAFAFAFAFAFAFAFAFAFAFAFAFAA9FAFAFAFAFAFAFAFAFAFAFAFAFAFAFAFAA9FAFAFAFAFAFAFAFAFAFAFAFA
310
FAFAFAFA9FFAFAFAFAFAFAFAFAFAFAFAFAFAFAFAFAA9FAFA070707070702FAFAFAFAFAFAFAFAA9FAFAFAFAFAFAFAFAFAFAFAFAFAFAFAFAA9FAFAFAFAFAFAFAFAFAA9FAFAFAFAFAFAFAFAFAFAFAFAFAFAFAFAA9FAFAFAFAFAFAFAFAFAFAFAFAFAFAFAFA020707070707FAFAFAFAFAFAFAFAFAFAFAA9FAFAFAFAFAFAFAFAFAFA
310
FAFAFAFAFAFAA9FAFAFAFAFAFAFAFAFAFAFAFAFAFAFAFAA9FAFAFAFAFAFAFAFAFAFAFAFAFAFAFAFAA9FAFAFAFAFAFAFAFAFAFAFAFAFAFAFAFA9FFAFAFAFAFAFAFAFAFAFAFAFAFAFAFAFAA9FAFA070707070702FAFAFAFAFAFAFAFAA9FAFAFAFAFAFAFAFAFAFAFAFAFAFAFAFAA9FAFAFAFAFAFAFAFAFAA9FAFAFAFAFAFAFAFA
310
FAFAFAFAFAFAFAFAA9FAFAFAFAFAFAFAFAFAFAFAFAFAFAFAFA020707070707FAFAFAFAFAFAFAFAFAFAFAA9FAFAFAFAFAFAFAFAFAFAFAFAFAFAFAFAA9FAFAFAFAFAFAFAFAFAFAFAFAFAFAFAFAA9FAFAFAFAFAFAFAFAFAFAFAFAFAFAFAFAA9FAFAFAFAFAFAFAFAFAFAFAFAFAFAFAFA9FFAFAFAFAFAFAFAFAFAFAFAFAFAFAFAFA
310
A9FAFA070707070702FAFAFAFAFAFAFAFAA9FAFAFAFAFAFAFAFAFAFAFAFAFAFAFAFAA9FAFAFAFAFAFAFAFAFAA9FAFAFAFAFAFAFAFAFAFAFAFAFAFAFAFAA9FAFAFAFAFAFAFAFAFAFAFAFAFAFAFAFA020707070707FAFAFAFAFAFAFAFAFAFAFAA9FAFAFAFAFAFAFAFAFAFAFAFAFAFAFAFAA9FAFAFAFAFAFAFAFAFAFAFAFAFAFA
310
FAFAA9FAFAFAFAFAFAFAFAFAFAFAFAFAFAFAFAA9FAFAFAFAFAFAFAFAFAFAFAFAFAFAFAFA9FFAFAFAFAFAFAFAFAFAFAFAFAFAFAFAFAA9FAFA070707070702FAFAFAFAFAFAFAFAA9FAFAFAFAFAFAFAFAFAFAFAFAFAFAFAFAA9FAFAFAFAFAFAFAFAFAA9FAFAFAFAFAFAFAFAFAFAFAFAFAFAFAFAA9FAFAFAFAFAFAFAFAFAFAFAFA
310
FAFAFAFA020707070707FAFAFAFAFAFAFAFAFAFAFAA9FAFAFAFAFAFAFAFAFAFAFAFAFAFAFAFAA9FAFAFAFAFAFAFAFAFAFAFAFAFAFAFAFAA9FAFAFAFAFAFAFAFAFAFAFAFAFAFAFAFAA9FAFAFAFAFAFAFAFAFAFAFAFAFAFAFAFA9FFAFAFAFAFAFAFAFAFAFAFAFAFAFAFAFAA9FAFA070707070702FAFAFAFAFAFAFAFAA9FAFAFA
310
FAFAFAFAFAFAFAFAFAFAFAFAFAA9FAFAFAFAFAFAFAFAFAA9FAFAFAFAFAFAFAFAFAFAFAFAFAFAFAFAA9FAFAFAFAFAFAFAFAFAFAFAFAFAFAFAFA020707070707FAFAFAFAFAFAFAFAFAFAFAA9FAFAFAFAFAFAFAFAFAFAFAFAFAFAFAFAA9FAFAFAFAFAFAFAFAFAFAFAFAFAFAFAFA020202020202020202FAFAFAFAFAFAFAFAA9FA
310
FAFAFAFAFAFAFAFAFAFAFAFAFAFAFA9FFAFAFAFAFAFAFAFAFAFAFAFAFAFAFAFAA9FAFA070707070702FAFAFAFAFAFAFAFAA9FAFAFAFAFAFAFAFAFAFAFAFAFAFAFAFAA9FAFAFAFAFAFAFAFAFAA9FAFAFAFAFAFAFAFAFAFAFAFAFAFAFAFAA9FAFAFAFAFAFAFAFAFAFAFAFAFAFAFAFA020707070707FAFAFAFAFAFAFAFAFAFAFA
310
A9FAFAFAFAFAFAFAFAFAFAFAFAFAFAFAFAA9FAFAFAFAFAFAFAFAFAFAFAFAFAFAFAFA020202020202020202FAFAFAFAFAFAFAFAA9FAFAFAFAFAFAFAFAFAFAFAFAFAFAFAFA9FFAFAFAFAFAFAFAFDFDFDFDFDFDFDFDFDFDFDFA070707070702FAFAFAFAFAFAFAFAA9FAFAFAFAFAFAFAFAFAFAFAFAFAFAFAFAA9FAFAFAFAFAFAFA
310
FAA9A9A9A9A9A9A9A9A9A9A9A9A9A9A9A9A9A9A9A9A9A9A9A9A9A9A9A9A9A9A9A9A9A9A9020707070707A9A9A9A9A9A9A9A9A9A9A9A9A9A9A9A9A9A9A9A9A9A9A9A9A9A9A9A9A9A9A9A9A9A9A9A9A9A9A9A9A9A9A9A9A9020202020202020202A9A9A9A9A9A9A9A9A9A9A9A9A9A9A9A9A9A9A9A9A9A9A9A9A9A9A9A9A9A9A9
310
A9A9A9A9A9A9A9A9A9A9A9A9A9A9070707070702A9A9A9A9A9A9A9A9A9A9A9A9A9A9A9A9A9A9A9A9A9A9A9A9A9A9A9A9A9A9A9A9A9A9FAA9FAFAFAFAFAFAFAFAFAFAFAFAFAFAFAFAA9FAFAFAFAFAFAFAFAFAFAFAFAFAFAFAFA020707070707FAFAFAFAFAFAFAFAFAFAFAA9FAFAFAFAFAFAFAFAFAFAFAFAFAFAFAFAA9FAFAFA
310
FA020202020202020202020202020202020202020202020202020202020202020202FAFAFAFAFAFAFAFAFAFAFAFAFA9FFAFAFAFAFAFAFAFAFAFAFAFAFAFAFAFAA9FAFA070707070702FAFAFAFAFAFAFAFAA9FAFAFAFAFAFAFAFAFAFAFAFAFAFAFAFAA9FAFAFAFAFAFAFAFAFAA9FAFAFAFAFAFAFAFAFAFAFAFAFAFAFAFAA9FA
310
FAFAFAFAFAFAFAFAFAFAFAFAFAFAFA020707070707FAFAFAFAFAFAFAFAFAFAFAA9FAFAFAFAFAFAFAFAFAFAFAFAFAFAFAFAA9FAFAFAFA0202020202020202020202020202020202020202020202020202020202020202FAFAFAFAFAFAFAFAFAFAFAFAFAFA9FFAFAFAFAFAFAFAFAFAFAFAFAFAFAFAFAA9FAFA070707070702FA
310
FAFAFAFAFAFAFAA9FAFAFAFAFAFAFAFAFAFAFAFAFAFAFAFAA9FAFAFAFAFAFAFAFAFAA9FAFAFAFAFAFAFAFAFAFAFAFAFAFAFAFAA9FAFAFAFAFAFAFAFAFAFAFAFAFAFAFAFA020707070707FAFAFAFAFAFAFAFAFAFAFAA9FAFAFAFAFAFAFAFAFAFAFAFAFAFAFAFAA9FAFAFAFA0202020202020202020202020202020202020202
310
020202020202020202020202FAFAFAFAFAFAFAFAFAFAFAFAFAFA9FFAFAFAFAFAFAFAFAFAFAFAFAFAFAFAFAA9FAFA070707070702FAFAFAFAFAFAFAFAA9FAFAFAFAFAFAFAFAFAFAFAFAFAFAFAFAA9FAFAFAFAFAFAFAFAFAA9FAFAFAFAFAFAFAFAFAFAFAFAFAFAFAFAA9FAFAFAFAFAFAFAFAFAFAFAFAFAFAFAFA020707070707
310
FAFAFAFAFAFAFAFAFAFAFAA9FAFAFAFAFAFAFAFAFAFAFAFAFAFAFAFAA9FAFAFAFAFAFAFAFAFAFAFAFAFAFAFAFAA9FAFAFAFAFAFAFAFAFAFAFAFAFAFAFAFAA9FAFAFAFAFAFAFAFAFAFAFAFAFAFAFAFA9FFAFAFAFAFAFAFAFAFAFAFAFAFAFAFAFAA9FAFA070707070702FAFAFAFAFAFAFAFAA9FAFAFAFAFAFAFAFAFAFAFAFAFA
310
FAFAFAA9FAFAFAFAFAFAFAFAFAA9FAFAFAFAFAFAFAFAFAFAFAFAFAFAFAFAA9FAFAFAFAFAFAFAFAFAFAFAFAFAFAFAFA0207070707070707070707070707070707070707070707070707070707070707070707070707070707070707070707070707070707070707070707070707070707070707070707070707070707070707
310
07070707070707070707070707070707070707070707070707070707070702FAFAFAFAFAFAFAFAA9FAFAFAFAFAFAFAFAFAFAFAFAFAFAFAFAA9FAFAFAFAFAFAFAFAFAA9FAFAFAFAFAFAFAFAFAFAFAFAFAFAFAFAA9FAFAFAFAFAFAFAFAFAFAFAFAFAFAFAFA020707070707070707070707070707070707070707070707070707
310
07070707070707070707070707070707070707070707070707070707070707070707070707070707070707070707070707070707070707070707070707070707070707070707070707070101010101010101FA02FAFAFAFAFAFAFAFAA9FAFAFAFAFAFAFAFAFAFAFAFAFAFAFAFAA9FAFAFAFAFAFAFAFAFAA9FAFAFAFAFAFAFA
310
FAFAFAFAFAFAFAFAFAA9FAFAFAFAFAFAFAFAFAFAFAFAFAFAFAFA0207070707070707070707070707070707070707070707070707070707070707070707070707070707070707070707070707070707070707070707070707070707070707070707070707070707070707070707070707070707070707070707070707070707
310
0101010101010101FA02FAFAFAFAFAFAFAFAA9FAFAFAFAFAFAFAFAFAFAFAFAFAFAFAFAA9FAFAFAFAFAFAFAFAFAA9FAFAFAFAFAFAFAFAFAFAFAFAFAFAFAFAA9FAFAFAFAFAFAFAFAFAFAFAFAFAFAFAFA02FA07070707070707070707070707070707070707070707070707070707070707070707070707070707070707070707
310
07070707070707070707070707070707070707070707070707070707070707070707070707070707070707070707070707070707070101010101010101FA02FAFAFAFAFAFAFAFAA9FAFAFAFAFAFAFAFAFAFAFAFAFAFAFAFAA9FAFAFAFAFAFAFAFAFAA9FAFAFAFAFAFAFAFAFAFAFAFAFAFAFAFAA9FAFAFAFAFAFAFAFAFAFAFA
310
FAFAFAFAFA020202020202020202020202020202020202020202020202020202020202020202020202020202020202020202020202020202020202020202020202020202020202020202020202020202020202020202020202020202020202020202020202020202020202020202020202020202FAFAFAFAFAFAFAFAA9FAFA
310
FAFAFAFAFAFAFAFAFAFAFAFAFAFAA9FAFAFAFAFAFAFAFAFAA9FAFAFAFAFAFAFAFAFAFAFAFAFAFAFAFAA9FAFAFAFAFAFAFAFAFAFAFAFAFAFAFAFA63FAFAFAFAFAFAFAFAFAFAFAFAFAFAFAFAA9FAFAFAFAFAFAFAFAFAFAFAFAFAFAFAFAA9FAFAFAFAFAFAFAFAFAFAFAFAFAFAFAFAA9FAFAFAFAFAFAFAFAFAFAFAFAFAFAFAFAA9
310
FAFAFAFAFAFAFAFAFAFAFAFAFAFAFAFA9FFAFAFAFAFAFAFAFAFAFAFAFAFAFAFAFAA9FAFAFAFAFAFAFAFAFAFAFAFAFAFAFAFAA9FAFAFAFAFAFAFAFAFAFAFAFAFAFAFAFAA9FAFAFAFAFAFAFAFAFAA9FAFAFAFAFAFAFAFAFAFAFAFAFAFAFAFAA9FAFAFAFAFAFAFAFAFAFAFAFAFAFAFAFA63FAFAFAFAFAFAFAFAFAFAFAFAFAFAFA
310
FAA9FAFAFAFAFAFAFAFAFAFAFAFAFAFAFAFAA9FAFAFAFAFAFAFAFAFAFAFAFAFAFAFAFAA9FAFAFAFAFAFAFAFAFAFAFAFAFAFAFAFAA9FAFAFAFAFAFAFAFAFAFAFAFAFAFAFAFA9FFAFAFAFAFAFAFAFAFAFAFAFAFAFAFAFAA9FAFAFAFAFAFAFAFAFAFAFAFAFAFAFAFAA9FAFAFAFAFAFAFAFAFAFAFAFAFAFAFAFAA9FAFAFAFAFAFA
310
FAFAFAA9FAFAFAFAFAFAFAFAFAFAFAFAFAFAFAFAA9FAFAFAFAFAFAFAFAFAFAFAFAFAFAFAFA63FAFAFAFAFAFAFAFAFAFAFAFAFAFAFAFAA9FAFAFAFAFAFAFAFAFAFAFAFAFAFAFAFAA9FAFAFAFAFAFAFAFAFAFAFAFAFAFAFAFAA9FAFAFAFAFAFAFAFAFAFAFAFAFAFAFAFAA9FAFAFAFAFAFAFAFAFAFAFAFAFAFAFAFA9FFAFAFAFA
310
FAFAFAFAFAFAFAFAFAFAFAFAA9FAFAFAFAFAFAFAFAFAFAFAFAFAFAFAFAA9FAFAFAFAFAFAFAFAFAFAFAFAFAFAFAFAA9FAFAFAFAFAFAFAFAFAA9FAFAFAFAFAFAFAFAFAFAFAFAFAFAFAFAA9FAFAFAFAFAFAFAFAFAFAFAFAFAFAFAFA63FAFAFAFAFAFAFAFAFAFAFAFAFAFAFAFAA9FAFAFAFAFAFAFAFAFAFAFAFAFAFAFAFAA9FAFA
310
FAFAFAFAFAFAFAFAFAFAFAFAFAFAA9FAFAFAFAFAFAFAFAFAFAFAFAFAFAFAFAA9FAFAFAFAFAFAFAFAFAFAFAFAFAFAFAFA9FFAFAFAFAFAFAFAFAFAFAFAFAFAFAFAFAA9FAFAFAFAFAFAFAFAFAFAFAFAFAFAFAFAA9FAFAFAFAFAFAFAFAFAFAFAFAFAFAFAFAA9FAFAFAFAFAFAFAFA
  0
ENDSEC
  0
EOF
