  0
SECTION
  2
HEADER
  9
$ACADVER
  1
AC1032
  9
$ACADMAINTVER
 90
      155
  9
$DWGCODEPAGE
  3
ANSI_949
  9
$LASTSAVEDBY
  1
suppo
  9
$REQUIREDVERSIONS
160
                 0
  9
$INSBASE
 10
0.0
 20
0.0
 30
0.0
  9
$EXTMIN
 10
0.0
 20
0.0
 30
-0.0000000000340386
  9
$EXTMAX
 10
50400.0
 20
35639.99999999999
 30
0.0
  9
$LIMMIN
 10
0.0
 20
0.0
  9
$LIMMAX
 10
12.0
 20
9.0
  9
$ORTHOMODE
 70
     1
  9
$REGENMODE
 70
     1
  9
$FILLMODE
 70
     1
  9
$QTEXTMODE
 70
     0
  9
$MIRRTEXT
 70
     0
  9
$LTSCALE
 40
1.0
  9
$ATTMODE
 70
     1
  9
$TEXTSIZE
 40
210.0
  9
$TRACEWID
 40
0.05
  9
$TEXTSTYLE
  7
주석
  9
$CLAYER
  8
KC-2B REV
  9
$CELTYPE
  6
ByLayer
  9
$CECOLOR
 62
   256
  9
$CELTSCALE
 40
1.0
  9
$DISPSILH
 70
     0
  9
$DIMSCALE
 40
1.0
  9
$DIMASZ
 40
150.0
  9
$DIMEXO
 40
150.0
  9
$DIMDLI
 40
50.0
  9
$DIMRND
 40
0.0
  9
$DIMDLE
 40
0.0
  9
$DIMEXE
 40
50.0
  9
$DIMTP
 40
0.0
  9
$DIMTM
 40
0.0
  9
$DIMTXT
 40
150.0
  9
$DIMCEN
 40
120.0
  9
$DIMTSZ
 40
0.0
  9
$DIMTOL
 70
     0
  9
$DIMLIM
 70
     0
  9
$DIMTIH
 70
     0
  9
$DIMTOH
 70
     0
  9
$DIMSE1
 70
     0
  9
$DIMSE2
 70
     0
  9
$DIMTAD
 70
     1
  9
$DIMZIN
 70
     8
  9
$DIMTOFFSET
 70
     1
  9
$DIMBLK
  1

  9
$DIMASO
 70
     1
  9
$DIMSHO
 70
     1
  9
$DIMPOST
  1

  9
$DIMAPOST
  1

  9
$DIMALT
 70
     0
  9
$DIMALTD
 70
     3
  9
$DIMALTF
 40
0.03937007874016
  9
$DIMLFAC
 40
0.2
  9
$DIMTOFL
 70
     1
  9
$DIMTVP
 40
0.0
  9
$DIMTIX
 70
     0
  9
$DIMSOXD
 70
     0
  9
$DIMSAH
 70
     0
  9
$DIMBLK1
  1

  9
$DIMBLK2
  1

  9
$DIMSTYLE
  2
Copy of ISO-25
  9
$DIMCLRD
 70
   253
  9
$DIMCLRE
 70
   253
  9
$DIMCLRT
 70
     3
  9
$DIMTFAC
 40
1.0
  9
$DIMGAP
 40
50.0
  9
$DIMJUST
 70
     0
  9
$DIMSD1
 70
     0
  9
$DIMSD2
 70
     0
  9
$DIMTOLJ
 70
     0
  9
$DIMTZIN
 70
     8
  9
$DIMALTZ
 70
     0
  9
$DIMALTTZ
 70
     0
  9
$DIMUPT
 70
     0
  9
$DIMDEC
 70
     1
  9
$DIMTDEC
 70
     1
  9
$DIMALTU
 70
     2
  9
$DIMALTTD
 70
     3
  9
$DIMTXSTY
  7
arial
  9
$DIMAUNIT
 70
     0
  9
$DIMADEC
 70
     0
  9
$DIMALTRND
 40
0.0
  9
$DIMAZIN
 70
     0
  9
$DIMDSEP
 70
    46
  9
$DIMATFIT
 70
     3
  9
$DIMFRAC
 70
     0
  9
$DIMLDRBLK
  1

  9
$DIMLUNIT
 70
     2
  9
$DIMLWD
 70
    -2
  9
$DIMLWE
 70
    -2
  9
$DIMTMOVE
 70
     0
  9
$DIMFXL
 40
1.0
  9
$DIMFXLON
 70
     0
  9
$DIMJOGANG
 40
0.7853981633974483
  9
$DIMTFILL
 70
     0
  9
$DIMTFILLCLR
 70
     0
  9
$DIMARCSYM
 70
     0
  9
$DIMLTYPE
  6

  9
$DIMLTEX1
  6

  9
$DIMLTEX2
  6

  9
$DIMTXTDIRECTION
 70
     0
  9
$LUNITS
 70
     2
  9
$LUPREC
 70
     0
  9
$SKETCHINC
 40
0.1
  9
$FILLETRAD
 40
300.0
  9
$AUNITS
 70
     0
  9
$AUPREC
 70
     0
  9
$MENU
  1
.
  9
$ELEVATION
 40
0.0
  9
$PELEVATION
 40
0.0
  9
$THICKNESS
 40
0.0
  9
$LIMCHECK
 70
     0
  9
$CHAMFERA
 40
0.0
  9
$CHAMFERB
 40
0.0
  9
$CHAMFERC
 40
0.0
  9
$CHAMFERD
 40
0.0
  9
$SKPOLY
 70
     0
  9
$TDCREATE
 40
2460581.349041563
  9
$TDUCREATE
 40
2460580.974041563
  9
$TDUPDATE
 40
2461288.455848923
  9
$TDUUPDATE
 40
2461288.080848923
  9
$TDINDWG
 40
19.7170615856
  9
$TDUSRTIMER
 40
19.7170571991
  9
$USRTIMER
 70
     1
  9
$ANGBASE
 50
0.0
  9
$ANGDIR
 70
     0
  9
$PDMODE
 70
     0
  9
$PDSIZE
 40
0.0
  9
$PLINEWID
 40
0.0
  9
$SPLFRAME
 70
     0
  9
$SPLINETYPE
 70
     6
  9
$SPLINESEGS
 70
     8
  9
$HANDSEED
  5
1652
  9
$SURFTAB1
 70
     6
  9
$SURFTAB2
 70
     6
  9
$SURFTYPE
 70
     6
  9
$SURFU
 70
     6
  9
$SURFV
 70
     6
  9
$UCSBASE
  2

  9
$UCSNAME
  2

  9
$UCSORG
 10
0.0
 20
0.0
 30
0.0
  9
$UCSXDIR
 10
1.0
 20
0.0
 30
0.0
  9
$UCSYDIR
 10
0.0
 20
1.0
 30
0.0
  9
$UCSORTHOREF
  2

  9
$UCSORTHOVIEW
 70
     0
  9
$UCSORGTOP
 10
0.0
 20
0.0
 30
0.0
  9
$UCSORGBOTTOM
 10
0.0
 20
0.0
 30
0.0
  9
$UCSORGLEFT
 10
0.0
 20
0.0
 30
0.0
  9
$UCSORGRIGHT
 10
0.0
 20
0.0
 30
0.0
  9
$UCSORGFRONT
 10
0.0
 20
0.0
 30
0.0
  9
$UCSORGBACK
 10
0.0
 20
0.0
 30
0.0
  9
$PUCSBASE
  2

  9
$PUCSNAME
  2

  9
$PUCSORG
 10
0.0
 20
0.0
 30
0.0
  9
$PUCSXDIR
 10
1.0
 20
0.0
 30
0.0
  9
$PUCSYDIR
 10
0.0
 20
1.0
 30
0.0
  9
$PUCSORTHOREF
  2

  9
$PUCSORTHOVIEW
 70
     0
  9
$PUCSORGTOP
 10
0.0
 20
0.0
 30
0.0
  9
$PUCSORGBOTTOM
 10
0.0
 20
0.0
 30
0.0
  9
$PUCSORGLEFT
 10
0.0
 20
0.0
 30
0.0
  9
$PUCSORGRIGHT
 10
0.0
 20
0.0
 30
0.0
  9
$PUCSORGFRONT
 10
0.0
 20
0.0
 30
0.0
  9
$PUCSORGBACK
 10
0.0
 20
0.0
 30
0.0
  9
$USERI1
 70
     0
  9
$USERI2
 70
     0
  9
$USERI3
 70
     0
  9
$USERI4
 70
     0
  9
$USERI5
 70
     0
  9
$USERR1
 40
0.0
  9
$USERR2
 40
0.0
  9
$USERR3
 40
0.0
  9
$USERR4
 40
0.0
  9
$USERR5
 40
0.0
  9
$WORLDVIEW
 70
     1
  9
$SHADEDGE
 70
     3
  9
$SHADEDIF
 70
    70
  9
$TILEMODE
 70
     1
  9
$MAXACTVP
 70
    64
  9
$PINSBASE
 10
0.0
 20
0.0
 30
0.0
  9
$PLIMCHECK
 70
     0
  9
$PEXTMIN
 10
1.000000000000000E+20
 20
1.000000000000000E+20
 30
1.000000000000000E+20
  9
$PEXTMAX
 10
-1.000000000000000E+20
 20
-1.000000000000000E+20
 30
-1.000000000000000E+20
  9
$PLIMMIN
 10
0.0
 20
0.0
  9
$PLIMMAX
 10
12.0
 20
9.0
  9
$UNITMODE
 70
     0
  9
$VISRETAIN
 70
     1
  9
$PLINEGEN
 70
     0
  9
$PSLTSCALE
 70
     1
  9
$TREEDEPTH
 70
  3020
  9
$CMLSTYLE
  2
Standard
  9
$CMLJUST
 70
     0
  9
$CMLSCALE
 40
1.0
  9
$PROXYGRAPHICS
 70
     1
  9
$MEASUREMENT
 70
     1
  9
$CELWEIGHT
370
    -1
  9
$ENDCAPS
280
     0
  9
$JOINSTYLE
280
     0
  9
$LWDISPLAY
290
     1
  9
$INSUNITS
 70
     0
  9
$HYPERLINKBASE
  1

  9
$STYLESHEET
  1
monochrome.ctb
  9
$XEDIT
290
     1
  9
$CEPSNTYPE
380
     0
  9
$PSTYLEMODE
290
     1
  9
$FINGERPRINTGUID
  2
{5B99FFC6-A4F6-4A46-87C5-64F024738117}
  9
$VERSIONGUID
  2
{D20DEDF7-08CC-004C-A0BF-1F1772D2A679}
  9
$EXTNAMES
290
     1
  9
$PSVPSCALE
 40
0.0
  9
$OLESTARTUP
290
     0
  9
$SORTENTS
280
   127
  9
$INDEXCTL
280
     0
  9
$HIDETEXT
280
     1
  9
$XCLIPFRAME
280
     2
  9
$HALOGAP
280
     0
  9
$OBSCOLOR
 70
   257
  9
$OBSLTYPE
280
     0
  9
$INTERSECTIONDISPLAY
280
     0
  9
$INTERSECTIONCOLOR
 70
   257
  9
$DIMASSOC
280
     2
  9
$PROJECTNAME
  1

  9
$CAMERADISPLAY
290
     0
  9
$LENSLENGTH
 40
50.0
  9
$CAMERAHEIGHT
 40
0.0
  9
$STEPSPERSEC
 40
2.0
  9
$STEPSIZE
 40
6.0
  9
$3DDWFPREC
 40
2.0
  9
$PSOLWIDTH
 40
0.25
  9
$PSOLHEIGHT
 40
4.0
  9
$LOFTANG1
 40
1.570796326794897
  9
$LOFTANG2
 40
1.570796326794897
  9
$LOFTMAG1
 40
0.0
  9
$LOFTMAG2
 40
0.0
  9
$LOFTPARAM
 70
     7
  9
$LOFTNORMALS
280
     1
  9
$LATITUDE
 40
37.795
  9
$LONGITUDE
 40
-122.394
  9
$NORTHDIRECTION
 40
0.0
  9
$TIMEZONE
 70
 -8000
  9
$LIGHTGLYPHDISPLAY
280
     1
  9
$TILEMODELIGHTSYNCH
280
     1
  9
$CMATERIAL
347
1A
  9
$SOLIDHIST
280
     0
  9
$SHOWHIST
280
     1
  9
$DWFFRAME
280
     2
  9
$DGNFRAME
280
     2
  9
$REALWORLDSCALE
290
     1
  9
$INTERFERECOLOR
 62
   256
  9
$INTERFEREOBJVS
345
39
  9
$INTERFEREVPVS
346
3A
  9
$CSHADOW
280
     0
  9
$SHADOWPLANELOCATION
 40
0.0
  0
ENDSEC
  0
SECTION
  2
CLASSES
  0
CLASS
  1
ACDBDICTIONARYWDFLT
  2
AcDbDictionaryWithDefault
  3
ObjectDBX Classes
 90
        0
 91
        1
280
     0
281
     0
  0
CLASS
  1
MATERIAL
  2
AcDbMaterial
  3
ObjectDBX Classes
 90
     1153
 91
        1
280
     0
281
     0
  0
CLASS
  1
SORTENTSTABLE
  2
AcDbSortentsTable
  3
ObjectDBX Classes
 90
        0
 91
        1
280
     0
281
     0
  0
CLASS
  1
VISUALSTYLE
  2
AcDbVisualStyle
  3
ObjectDBX Classes
 90
     4095
 91
        1
280
     0
281
     0
  0
CLASS
  1
SUN
  2
AcDbSun
  3
SCENEOE
 90
     1153
 91
        1
280
     0
281
     0
  0
CLASS
  1
SCALE
  2
AcDbScale
  3
ObjectDBX Classes
 90
     1153
 91
        1
280
     0
281
     0
  0
CLASS
  1
DIMASSOC
  2
AcDbDimAssoc
  3
"AcDbDimAssoc|Product Desc:     AcDim ARX App For Dimension|Company:          Autodesk, Inc.|WEB Address:      www.autodesk.com"
 90
        0
 91
        1
280
     0
281
     0
  0
CLASS
  1
DICTIONARYVAR
  2
AcDbDictionaryVar
  3
ObjectDBX Classes
 90
        0
 91
        1
280
     0
281
     0
  0
CLASS
  1
TABLESTYLE
  2
AcDbTableStyle
  3
ObjectDBX Classes
 90
     4095
 91
        1
280
     0
281
     0
  0
CLASS
  1
MLEADERSTYLE
  2
AcDbMLeaderStyle
  3
ACDB_MLEADERSTYLE_CLASS
 90
     4095
 91
        1
280
     0
281
     0
  0
CLASS
  1
CELLSTYLEMAP
  2
AcDbCellStyleMap
  3
ObjectDBX Classes
 90
     1152
 91
        1
280
     0
281
     0
  0
ENDSEC
  0
SECTION
  2
TABLES
  0
TABLE
  2
VPORT
  5
34
330
0
100
AcDbSymbolTable
 70
     1
  0
VPORT
  5
3D
330
34
100
AcDbSymbolTableRecord
100
AcDbViewportTableRecord
  2
*Active
 70
     0
 10
0.0
 20
0.0
 11
1.0
 21
1.0
 12
-754678.7919709347
 22
-681025.9721086399
 13
0.0
 23
0.0
 14
0.5
 24
0.5
 15
0.5
 25
0.5
 16
2.095475792884827E-9
 26
2.095475792884827E-9
 36
4595220.217464903
 17
779878.7919709347
 27
698845.97210864
 37
4.999999999551602
 40
36007.89677419355
 41
2.305236270753513
 42
50.0
 43
0.0
 44
0.0
 50
0.0
 51
0.0
 71
     0
 72
   100
 73
     1
 74
     3
 75
     0
 76
     1
 77
     0
 78
     2
281
     0
 65
     1
110
0.0
120
0.0
130
0.0
111
1.0
121
0.0
131
0.0
112
0.0
122
1.0
132
0.0
 79
     0
146
0.0
348
3E
 60
     3
 61
     5
292
     1
282
     1
141
0.0
142
0.0
 63
   250
361
3F
1001
ACAD_NAV_VCDISPLAY
1070
     3
  0
ENDTAB
  0
TABLE
  2
LTYPE
  5
11
330
0
100
AcDbSymbolTable
 70
     3
  0
LTYPE
  5
12
330
11
100
AcDbSymbolTableRecord
100
AcDbLinetypeTableRecord
  2
ByBlock
 70
     0
  3

 72
    65
 73
     0
 40
0.0
  0
LTYPE
  5
13
330
11
100
AcDbSymbolTableRecord
100
AcDbLinetypeTableRecord
  2
ByLayer
 70
     0
  3

 72
    65
 73
     0
 40
0.0
  0
LTYPE
  5
14
330
11
100
AcDbSymbolTableRecord
100
AcDbLinetypeTableRecord
  2
Continuous
 70
     0
  3
Solid line
 72
    65
 73
     0
 40
0.0
  0
LTYPE
  5
156
330
11
100
AcDbSymbolTableRecord
100
AcDbLinetypeTableRecord
  2
PHANTOM
 70
     0
  3
Phantom ______  __  __  ______  __  __  ______
 72
    65
 73
     6
 40
500.0
 49
250.0
 74
     0
 49
-50.0
 74
     0
 49
50.0
 74
     0
 49
-50.0
 74
     0
 49
50.0
 74
     0
 49
-50.0
 74
     0
  0
LTYPE
  5
1248
330
11
100
AcDbSymbolTableRecord
100
AcDbLinetypeTableRecord
  2
CENTER2
 70
     0
  3
Center (.5x) ___ _ ___ _ ___ _ ___ _ ___ _ ___
 72
    65
 73
     4
 40
225.0
 49
150.0
 74
     0
 49
-25.0
 74
     0
 49
25.0
 74
     0
 49
-25.0
 74
     0
  0
ENDTAB
  0
TABLE
  2
LAYER
  5
1
102
{ACAD_XDICTIONARY
360
2
102
}
330
0
100
AcDbSymbolTable
 70
    16
  0
LAYER
  5
28
102
{ACAD_XDICTIONARY
360
29
102
}
330
1
100
AcDbSymbolTableRecord
100
AcDbLayerTableRecord
  2
0
 70
     0
 62
     7
  6
Continuous
370
    -3
390
A
347
C
348
0
  0
LAYER
  5
153
102
{ACAD_XDICTIONARY
360
154
102
}
330
1
100
AcDbSymbolTableRecord
100
AcDbLayerTableRecord
  2
KC-2B Membrane level
 70
     0
 62
     1
  6
PHANTOM
370
     5
390
A
347
C
348
0
1001
AcCmTransparency
1071
 33554687
  0
LAYER
  5
457
102
{ACAD_XDICTIONARY
360
458
102
}
330
1
100
AcDbSymbolTableRecord
100
AcDbLayerTableRecord
  2
KC-2B Membrane Sheet
 70
     0
 62
   181
  6
Continuous
370
    25
390
A
347
C
348
0
1001
AcCmTransparency
1071
 33554687
  0
LAYER
  5
14C
102
{ACAD_XDICTIONARY
360
14D
102
}
330
1
100
AcDbSymbolTableRecord
100
AcDbLayerTableRecord
  2
KC-2B Steel Wall
 70
     0
 62
     7
  6
Continuous
370
    20
390
A
347
C
348
0
1001
AcCmTransparency
1071
 33554687
  0
LAYER
  5
E0D
102
{ACAD_XDICTIONARY
360
E0E
102
}
330
1
100
AcDbSymbolTableRecord
100
AcDbLayerTableRecord
  2
KC-2B Wall Name
 70
     0
 62
     3
  6
Continuous
370
    25
390
A
347
C
348
0
1001
AcCmTransparency
1071
 33554687
  0
LAYER
  5
279
102
{ACAD_XDICTIONARY
360
27A
102
}
330
1
100
AcDbSymbolTableRecord
100
AcDbLayerTableRecord
  2
KC-2B Membrane Sheet UM
 70
     0
 62
   181
  6
Continuous
370
    25
390
A
347
C
348
0
1001
AcCmTransparency
1071
 33554687
  0
LAYER
  5
D64
102
{ACAD_XDICTIONARY
360
D65
102
}
330
1
100
AcDbSymbolTableRecord
100
AcDbLayerTableRecord
  2
KC-2B HHITABLE
 70
     0
 62
   253
  6
Continuous
370
    25
390
A
347
C
348
0
1001
AcCmTransparency
1071
 33554687
  0
LAYER
  5
68
102
{ACAD_XDICTIONARY
360
69
102
}
330
1
100
AcDbSymbolTableRecord
100
AcDbLayerTableRecord
  2
KC-2B Note
 70
     0
 62
     2
  6
Continuous
370
    25
390
A
347
C
348
0
1001
AcCmTransparency
1071
 33554687
  0
LAYER
  5
15B
102
{ACAD_XDICTIONARY
360
15C
102
}
330
1
100
AcDbSymbolTableRecord
100
AcDbLayerTableRecord
  2
KC-2B Non Scale View
 70
     0
 62
   253
  6
Continuous
370
    25
390
A
347
C
348
0
1001
AcCmTransparency
1071
 33554687
  0
LAYER
  5
161C
330
1
100
AcDbSymbolTableRecord
100
AcDbLayerTableRecord
  2
Defpoints
 70
     0
 62
     7
  6
Continuous
290
     0
370
    -3
390
A
347
C
348
0
  0
LAYER
  5
6E
330
1
100
AcDbSymbolTableRecord
100
AcDbLayerTableRecord
  2
New Scale Title
 70
     0
 62
     7
  6
Continuous
370
    -3
390
A
347
C
348
0
  0
LAYER
  5
1238
330
1
100
AcDbSymbolTableRecord
100
AcDbLayerTableRecord
  2
1
 70
     0
 62
     7
  6
Continuous
370
    -3
390
A
347
C
348
0
  0
LAYER
  5
B8C
330
1
100
AcDbSymbolTableRecord
100
AcDbLayerTableRecord
  2
Membrane Sheet
 70
     0
 62
   181
  6
Continuous
370
    -3
390
A
347
C
348
0
  0
LAYER
  5
B3C
330
1
100
AcDbSymbolTableRecord
100
AcDbLayerTableRecord
  2
_0
 70
     0
 62
     7
  6
Continuous
370
     0
390
A
347
C
348
0
1001
AcAecLayerStandard
1000

1000
0
  0
LAYER
  5
87
330
1
100
AcDbSymbolTableRecord
100
AcDbLayerTableRecord
  2
MULTI-PLOT-AREA
 70
     0
 62
     2
  6
Continuous
290
     0
370
    -3
390
A
347
C
348
0
  0
LAYER
  5
7
330
1
100
AcDbSymbolTableRecord
100
AcDbLayerTableRecord
  2
KC-2B REV
 70
     2
 62
     1
  6
Continuous
370
    -3
390
A
347
C
348
0
1001
AcAecLayerStandard
1000

1000

1001
AcCmTransparency
1071
        0
  0
ENDTAB
  0
TABLE
  2
STYLE
  5
17
330
0
100
AcDbSymbolTable
 70
     4
  0
STYLE
  5
3B
330
17
100
AcDbSymbolTableRecord
100
AcDbTextStyleTableRecord
  2
Standard
 70
     0
 40
0.0
 41
1.0
 50
0.0
 71
     0
 42
210.0
  3
txt
  4

  0
STYLE
  5
6B
330
17
100
AcDbSymbolTableRecord
100
AcDbTextStyleTableRecord
  2
Default
 70
     0
 40
0.0
 41
1.0
 50
0.0
 71
     0
 42
210.0
  3
tahoma.ttf
  4

1001
ACAD
1000
Tahoma
1071
        0
  0
STYLE
  5
1D
330
17
100
AcDbSymbolTableRecord
100
AcDbTextStyleTableRecord
  2
arial
 70
     0
 40
0.0
 41
1.0
 50
0.0
 71
     0
 42
210.0
  3
arialbd.ttf
  4

1001
ACAD
1000
Arial
1071
 33554466
  0
STYLE
  5
18
330
17
100
AcDbSymbolTableRecord
100
AcDbTextStyleTableRecord
  2
주석
 70
     0
 40
0.0
 41
1.0
 50
0.0
 71
     0
 42
210.0
  3
ariblk.ttf
  4

1001
AcadAnnotative
1000
AnnotativeData
1002
{
1070
     1
1070
     1
1002
}
1001
ACAD
1000
Arial Black
1071
 33554466
  0
ENDTAB
  0
TABLE
  2
VIEW
  5
32
330
0
100
AcDbSymbolTable
 70
     0
  0
ENDTAB
  0
TABLE
  2
UCS
  5
33
330
0
100
AcDbSymbolTable
 70
     0
  0
ENDTAB
  0
TABLE
  2
APPID
  5
F
330
0
100
AcDbSymbolTable
 70
    14
  0
APPID
  5
10
330
F
100
AcDbSymbolTableRecord
100
AcDbRegAppTableRecord
  2
ACAD
 70
     0
  0
APPID
  5
16
330
F
100
AcDbSymbolTableRecord
100
AcDbRegAppTableRecord
  2
AcCmTransparency
 70
     0
  0
APPID
  5
1E
330
F
100
AcDbSymbolTableRecord
100
AcDbRegAppTableRecord
  2
ACAD_DSTYLE_DIMJAG
 70
     0
  0
APPID
  5
1611
330
F
100
AcDbSymbolTableRecord
100
AcDbRegAppTableRecord
  2
ACAD_DSTYLE_DIMBREAK
 70
     0
  0
APPID
  5
40
330
F
100
AcDbSymbolTableRecord
100
AcDbRegAppTableRecord
  2
ACAD_NAV_VCDISPLAY
 70
     0
  0
APPID
  5
DEC
330
F
100
AcDbSymbolTableRecord
100
AcDbRegAppTableRecord
  2
GENIUS_GENREC_14
 70
     0
  0
APPID
  5
DED
330
F
100
AcDbSymbolTableRecord
100
AcDbRegAppTableRecord
  2
GENIUS_GENOBJ-N-REC_13
 70
     0
  0
APPID
  5
DEE
330
F
100
AcDbSymbolTableRecord
100
AcDbRegAppTableRecord
  2
GENIUS_GENODEF_13
 70
     0
  0
APPID
  5
15
330
F
100
AcDbSymbolTableRecord
100
AcDbRegAppTableRecord
  2
AcAecLayerStandard
 70
     0
  0
APPID
  5
19
330
F
100
AcDbSymbolTableRecord
100
AcDbRegAppTableRecord
  2
AcadAnnotative
 70
     0
  0
APPID
  5
1F
330
F
100
AcDbSymbolTableRecord
100
AcDbRegAppTableRecord
  2
ACAD_DSTYLE_DIMTALN
 70
     0
  0
APPID
  5
78
330
F
100
AcDbSymbolTableRecord
100
AcDbRegAppTableRecord
  2
GradientColor1ACI
 70
     0
  0
APPID
  5
79
330
F
100
AcDbSymbolTableRecord
100
AcDbRegAppTableRecord
  2
GradientColor2ACI
 70
     0
  0
APPID
  5
164E
330
F
100
AcDbSymbolTableRecord
100
AcDbRegAppTableRecord
  2
ACAD_MLEADERVER
 70
     0
  0
ENDTAB
  0
TABLE
  2
DIMSTYLE
  5
1B
330
0
100
AcDbSymbolTable
 70
     3
100
AcDbDimStyleTable
  0
DIMSTYLE
105
3C
330
1B
100
AcDbSymbolTableRecord
100
AcDbDimStyleTableRecord
  2
ISO-25
 70
     0
 41
100.0
 42
0.625
 43
3.75
 44
1.25
 73
     0
 74
     0
 77
     1
 78
     8
140
100.0
141
2.5
143
0.03937007874016
147
0.625
171
     3
172
     1
178
     0
271
     1
272
     1
274
     3
278
    44
283
     0
284
     8
340
3B
1001
ACAD_DSTYLE_DIMJAG
1070
   388
1040
1.5
1001
ACAD_DSTYLE_DIMTALN
1070
   392
1070
     0
  0
DIMSTYLE
105
1C
330
1B
100
AcDbSymbolTableRecord
100
AcDbDimStyleTableRecord
  2
Copy of ISO-25
 70
     0
 41
150.0
 42
150.0
 43
50.0
 44
50.0
 73
     0
 74
     0
 77
     1
 78
     8
140
150.0
141
120.0
143
0.03937007874016
144
0.2
147
50.0
171
     3
172
     1
176
   253
177
   253
271
     1
178
     3
271
     1
272
     1
274
     3
283
     0
284
     8
340
1D
1001
ACAD_DSTYLE_DIMJAG
1070
   388
1040
1.5
1001
ACAD_DSTYLE_DIMTALN
1070
   392
1070
     0
  0
DIMSTYLE
105
1610
330
1B
100
AcDbSymbolTableRecord
100
AcDbDimStyleTableRecord
  2
Copy of ISO-25$0
 70
     0
 41
200.0
 42
180.0
 43
50.0
 44
80.0
 73
     0
 74
     0
 77
     1
 78
     8
140
250.0
141
120.0
143
0.03937007874016
147
90.0
171
     3
172
     1
176
   253
177
   253
271
     1
178
     3
271
     1
272
     1
274
     3
283
     0
284
     8
340
1D
371
    -1
372
    -1
345
13
346
13
347
13
1001
ACAD_DSTYLE_DIMBREAK
1070
   391
1040
3.75
1001
ACAD_DSTYLE_DIMJAG
1070
   388
1040
1.5
1001
ACAD_DSTYLE_DIMTALN
1070
   392
1070
     0
  0
ENDTAB
  0
TABLE
  2
BLOCK_RECORD
  5
22
330
0
100
AcDbSymbolTable
 70
     1
  0
BLOCK_RECORD
  5
23
102
{ACAD_XDICTIONARY
360
24
102
}
330
22
100
AcDbSymbolTableRecord
100
AcDbBlockTableRecord
  2
*Model_Space
340
2D
 70
     0
280
     1
281
     0
  0
BLOCK_RECORD
  5
2E
330
22
100
AcDbSymbolTableRecord
100
AcDbBlockTableRecord
  2
*Paper_Space
340
31
 70
     0
280
     1
281
     0
  0
BLOCK_RECORD
  5
84
330
22
100
AcDbSymbolTableRecord
100
AcDbBlockTableRecord
  2
MULTI-PLOT-AREA
340
0
102
{BLKREFS
331
148
102
}
 70
     4
280
     1
281
     0
  0
ENDTAB
  0
ENDSEC
  0
SECTION
  2
BLOCKS
  0
BLOCK
  5
27
330
23
100
AcDbEntity
  8
0
100
AcDbBlockBegin
  2
*Model_Space
 70
     0
 10
0.0
 20
0.0
 30
0.0
  3
*Model_Space
  1

  0
ENDBLK
  5
2B
330
23
100
AcDbEntity
  8
0
100
AcDbBlockEnd
  0
BLOCK
  5
2F
330
2E
100
AcDbEntity
 67
     1
  8
0
100
AcDbBlockBegin
  2
*Paper_Space
 70
     0
 10
0.0
 20
0.0
 30
0.0
  3
*Paper_Space
  1

  0
ENDBLK
  5
30
330
2E
100
AcDbEntity
 67
     1
  8
0
100
AcDbBlockEnd
  0
BLOCK
  5
85
330
84
100
AcDbEntity
  8
0
100
AcDbBlockBegin
  2
MULTI-PLOT-AREA
 70
     0
 10
0.0
 20
0.0
 30
0.0
  3
MULTI-PLOT-AREA
  1

  0
LWPOLYLINE
  5
86
330
84
100
AcDbEntity
  8
MULTI-PLOT-AREA
100
AcDbPolyline
 90
        4
 70
     1
 43
0.0
 10
0.0
 20
0.0
 10
1.0
 20
0.0
 10
1.0
 20
1.0
 10
0.0
 20
1.0
  0
ENDBLK
  5
88
330
84
100
AcDbEntity
  8
0
100
AcDbBlockEnd
  0
ENDSEC
  0
SECTION
  2
ENTITIES
  0
TEXT
  5
133
330
23
100
AcDbEntity
  8
KC-2B Note
100
AcDbText
 10
23069.3754197448
 20
30588.16245802538
 30
0.0
 40
750.0
  1
%%UWALL PM
  7
Default
 72
     1
 11
25200.0
 21
30375.09999999986
 31
0.0
100
AcDbText
 73
     1
  0
TEXT
  5
134
330
23
100
AcDbEntity
  8
KC-2B Note
100
AcDbText
 10
18026.14170584285
 20
31963.16245802538
 30
0.0
 40
750.0
  1
%%UARRANGEMENT OF MEMBRANE
  7
Default
 72
     1
 11
25200.0
 21
31750.09999999986
 31
0.0
100
AcDbText
 73
     1
  0
LINE
  5
135
330
23
100
AcDbEntity
  8
New Scale Title
  6
Continuous
 62
     7
370
    40
100
AcDbLine
 10
48599.99999810196
 20
1199.999999988824
 30
0.0
 11
1800.0
 21
1200.0
 31
0.0
  0
LINE
  5
136
330
23
100
AcDbEntity
  8
New Scale Title
  6
Continuous
 62
     7
370
    40
100
AcDbLine
 10
1200.0
 20
1800.0
 30
0.0
 11
1200.0
 21
33480.0
 31
0.0
  0
LINE
  5
137
330
23
100
AcDbEntity
  8
New Scale Title
  6
Continuous
 62
     7
370
    40
100
AcDbLine
 10
1800.0
 20
34080.0
 30
0.0
 11
48599.99999810359
 21
34080.0
 31
0.0
  0
ARC
  5
138
330
23
100
AcDbEntity
  8
New Scale Title
  6
Continuous
 62
     7
370
    40
100
AcDbCircle
 10
1800.0
 20
33480.0
 30
0.0
 40
600.0
100
AcDbArc
 50
90.0
 51
180.0
  0
LINE
  5
139
330
23
100
AcDbEntity
  8
New Scale Title
  6
Continuous
 62
     7
370
    40
100
AcDbLine
 10
49199.99999810359
 20
33480.0
 30
0.0
 11
49199.99999810359
 21
1800.0
 31
0.0
  0
ARC
  5
13A
330
23
100
AcDbEntity
  8
New Scale Title
  6
Continuous
 62
     7
370
    40
100
AcDbCircle
 10
1800.0
 20
1800.0
 30
0.0
 40
600.0
100
AcDbArc
 50
180.0
 51
270.0
  0
ARC
  5
13B
330
23
100
AcDbEntity
  8
New Scale Title
  6
Continuous
 62
     7
370
    40
100
AcDbCircle
 10
48599.99999810359
 20
33480.0
 30
0.0
 40
600.0
100
AcDbArc
 50
0.0
 51
90.0
  0
ARC
  5
13C
330
23
100
AcDbEntity
  8
New Scale Title
  6
Continuous
 62
     7
370
    40
100
AcDbCircle
 10
48599.99999810359
 20
1800.0
 30
0.0
 40
600.0
100
AcDbArc
 50
270.0
 51
0.0
  0
ARC
  5
13D
330
23
100
AcDbEntity
  8
New Scale Title
  6
Continuous
 62
     7
370
    40
100
AcDbCircle
 10
48599.99999810359
 20
1799.999999966472
 30
0.0
 40
599.9999999760023
100
AcDbArc
 50
270.0
 51
0.0
  0
HATCH
  5
13E
330
23
100
AcDbEntity
  8
New Scale Title
 62
     1
420
 16711680
370
     5
100
AcDbHatch
 10
0.0
 20
0.0
 30
0.0
210
0.0
220
0.0
230
1.0
  2
SOLID
 70
     1
 71
     0
 91
        3
 92
        7
 72
     0
 73
     1
 93
        4
 10
49813.30035634339
 20
35044.63804308325
 10
46249.30035634199
 20
35044.63804308325
 10
46249.30035634199
 20
34180.63804308325
 10
49813.30035634339
 20
34180.63804308325
 97
        0
 92
       22
 72
     0
 73
     1
 93
        4
 10
46351.30035634269
 20
34282.63804308325
 10
46351.30035634269
 20
34942.63804308325
 10
49711.30035634269
 20
34942.63804308325
 10
49711.30035634269
 20
34282.63804308325
 97
        0
 92
      136
 93
        4
 72
     1
 10
46420.18020687695
 20
34299.7089844197
 11
49689.89371301618
 21
34299.7089844197
 72
     1
 10
49689.89371301606
 20
34299.7089844197
 11
49689.89371301606
 21
34917.92180843186
 72
     1
 10
49689.89371301606
 20
34917.92180842906
 11
46420.18020687683
 21
34917.92180842906
 72
     1
 10
46420.18020687695
 20
34917.92180842906
 11
46420.18020687695
 21
34299.70898441691
 97
        0
 75
     1
 76
     1
 47
2.342306147350701
 98
        2
 10
47712.0000000007
 20
34223.99999998882
 10
47712.0000000007
 20
34223.99999998882
450
        0
451
        0
460
0.0
461
0.0
452
        0
462
0.0
453
        2
463
0.0
 63
     5
421
      255
463
1.0
 63
     2
421
 16776960
470
LINEAR
1001
GradientColor1ACI
1070
     5
1001
GradientColor2ACI
1070
     2
1001
ACAD
1010
0.0
1020
0.0
1030
0.0
  0
LINE
  5
13F
330
23
100
AcDbEntity
  8
New Scale Title
 62
     1
420
 16711680
370
     5
100
AcDbLine
 10
46249.30035634199
 20
35044.63804308325
 30
0.0
 11
49813.30035634339
 21
35044.63804308325
 31
0.0
  0
LINE
  5
140
330
23
100
AcDbEntity
  8
New Scale Title
 62
     1
420
 16711680
370
     5
100
AcDbLine
 10
49813.30035634339
 20
35044.63804308325
 30
0.0
 11
49813.30035634339
 21
34180.63804308325
 31
0.0
  0
LINE
  5
141
330
23
100
AcDbEntity
  8
New Scale Title
 62
     1
420
 16711680
370
     5
100
AcDbLine
 10
49813.30035634339
 20
34180.63804308325
 30
0.0
 11
46249.30035634199
 21
34180.63804308325
 31
0.0
  0
LINE
  5
142
330
23
100
AcDbEntity
  8
New Scale Title
 62
     1
420
 16711680
370
     5
100
AcDbLine
 10
46249.30035634199
 20
34180.63804308325
 30
0.0
 11
46249.30035634199
 21
35044.63804308325
 31
0.0
  0
LINE
  5
143
330
23
100
AcDbEntity
  8
New Scale Title
 62
     1
420
 16711680
370
     5
100
AcDbLine
 10
46351.30035634269
 20
34282.63804308325
 30
0.0
 11
46351.30035634269
 21
34942.63804308325
 31
0.0
  0
LINE
  5
144
330
23
100
AcDbEntity
  8
New Scale Title
 62
     1
420
 16711680
370
     5
100
AcDbLine
 10
46351.30035634269
 20
34942.63804308325
 30
0.0
 11
49711.30035634269
 21
34942.63804308325
 31
0.0
  0
LINE
  5
145
330
23
100
AcDbEntity
  8
New Scale Title
 62
     1
420
 16711680
370
     5
100
AcDbLine
 10
49711.30035634269
 20
34282.63804308325
 30
0.0
 11
49711.30035634269
 21
34942.63804308325
 31
0.0
  0
LINE
  5
146
330
23
100
AcDbEntity
  8
New Scale Title
 62
     1
420
 16711680
370
     5
100
AcDbLine
 10
49711.30035634269
 20
34282.63804308325
 30
0.0
 11
46351.30035634269
 21
34282.63804308325
 31
0.0
  0
MTEXT
  5
147
330
23
100
AcDbEntity
  8
New Scale Title
 62
     1
420
 16711680
370
     5
100
AcDbMText
 10
46515.03013866255
 20
34768.63804307207
 30
0.0
 40
300.0
 41
265200.0
 46
0.0
 71
     1
 72
     5
  1
{\fArial|b1|i0|c129|p34;CONFIDENTIAL}
  7
arial
 73
     1
 44
1.0
101
Embedded Object
 70
     1
 10
1.0
 20
0.0
 30
0.0
 11
46515.03013866255
 21
34768.63804307207
 31
0.0
 40
265200.0
 41
0.0
 42
3087.175989085948
 43
310.2319236016372
 71
     2
 72
     1
 44
265200.0
 45
8226000.0
 73
     0
 74
     0
 46
-310.2319236016372
  0
INSERT
  5
148
330
23
100
AcDbEntity
  8
New Scale Title
370
     5
100
AcDbBlockReference
  2
MULTI-PLOT-AREA
 10
0.0
 20
0.0
 30
0.0
 41
50400.0
 42
35640.0
 43
1.2
  0
MTEXT
  5
149
330
23
100
AcDbEntity
  8
New Scale Title
 62
     2
100
AcDbMText
 10
42130.75588901364
 20
1011.897685009986
 30
0.0
 40
300.0
 41
0.0
 46
0.0
 71
     1
 72
     1
  1
SCALE : 1:120
  7
arial
 73
     1
 44
1.0
  0
MTEXT
  5
14A
330
23
100
AcDbEntity
  8
New Scale Title
 62
     2
100
AcDbMText
 10
45294.43998814514
 20
1015.519458454102
 30
0.0
 40
300.0
 41
3389.560011854694
 46
0.0
 71
     1
 72
     1
  1
SHEET SIZE : A3
  7
arial
 73
     1
 44
1.0
  0
LWPOLYLINE
  5
236
330
23
100
AcDbEntity
  8
KC-2B Non Scale View
  6
Continuous
100
AcDbPolyline
 90
        8
 70
     1
 43
0.0
 10
-42325.73060733615
 20
5135.057306073373
 10
-41966.95730607351
 20
5493.830607336015
 10
-41966.95730607351
 20
6117.083764281357
 10
-42228.31629585102
 20
6378.442754058866
 10
-43338.64101022249
 20
6378.442754058866
 10
-43600.00000000023
 20
6117.083764281357
 10
-43600.00000000023
 20
5493.830607336015
 10
-43241.22669873736
 20
5135.057306073373
210
0.0
220
0.0
230
-1.0
  0
TEXT
  5
237
330
23
100
AcDbEntity
  8
KC-2B Non Scale View
100
AcDbText
 10
42670.73060733615
 20
5644.001984365517
 30
0.0
 40
225.4960914010823
  1
A
  7
Default
100
AcDbText
  0
LWPOLYLINE
  5
238
330
23
100
AcDbEntity
  8
KC-2B Non Scale View
  6
Continuous
100
AcDbPolyline
 90
        8
 70
     1
 43
0.0
 10
-46825.73060733615
 20
5135.057306073373
 10
-46466.95730607351
 20
5493.830607336015
 10
-46466.95730607351
 20
6117.083764281357
 10
-46728.31629585102
 20
6378.442754058866
 10
-47838.64101022249
 20
6378.442754058866
 10
-48100.00000000023
 20
6117.083764281357
 10
-48100.00000000023
 20
5493.830607336015
 10
-47741.22669873736
 20
5135.057306073373
210
0.0
220
0.0
230
-1.0
  0
TEXT
  5
239
330
23
100
AcDbEntity
  8
KC-2B Non Scale View
100
AcDbText
 10
47170.73060733615
 20
5644.001984365517
 30
0.0
 40
225.4960914010823
  1
F
  7
Default
100
AcDbText
  0
LWPOLYLINE
  5
23A
330
23
100
AcDbEntity
  8
KC-2B Non Scale View
  6
Continuous
100
AcDbPolyline
 90
        4
 70
     1
 43
0.0
 10
42325.73060733615
 20
5135.057306073373
 10
42325.73060733615
 20
2268.09999999986
 10
43241.22669873736
 20
2268.09999999986
 10
43241.22669873736
 20
5135.057306073373
  0
TEXT
  5
23B
330
23
100
AcDbEntity
  8
KC-2B Non Scale View
100
AcDbText
 10
42670.73060733615
 20
3588.830607336015
 30
0.0
 40
225.4960914010823
  1
B
  7
Default
100
AcDbText
  0
LWPOLYLINE
  5
23C
330
23
100
AcDbEntity
  8
KC-2B Non Scale View
  6
Continuous
100
AcDbPolyline
 90
        4
 70
     1
 43
0.0
 10
-42228.31629585102
 20
6378.442754058866
 10
-42228.31629585102
 20
9245.400060132146
 10
-43338.64101022249
 20
9245.400060132146
 10
-43338.64101022249
 20
6378.442754058866
210
0.0
220
0.0
230
-1.0
  0
TEXT
  5
23D
330
23
100
AcDbEntity
  8
KC-2B Non Scale View
100
AcDbText
 10
42670.73060733615
 20
7699.17336139502
 30
0.0
 40
225.4960914010823
  1
T
  7
Default
100
AcDbText
  0
LWPOLYLINE
  5
23E
330
23
100
AcDbEntity
  8
KC-2B Non Scale View
  6
Continuous
100
AcDbPolyline
 90
        4
 70
     1
 43
0.0
 10
-41966.95730607351
 20
5493.830607336015
 10
-39100.00000000023
 20
5493.830607336015
 10
-39100.00000000023
 20
6117.083764281357
 10
-41966.95730607351
 20
6117.083764281357
210
0.0
220
0.0
230
-1.0
  0
TEXT
  5
23F
330
23
100
AcDbEntity
  8
KC-2B Non Scale View
100
AcDbText
 10
40307.98256163555
 20
5692.7091401082
 30
0.0
 40
225.4960914010823
  1
SM
  7
Default
100
AcDbText
  0
LWPOLYLINE
  5
240
330
23
100
AcDbEntity
  8
KC-2B Non Scale View
  6
Continuous
100
AcDbPolyline
 90
        4
 70
     1
 43
0.0
 10
-43600.00000000023
 20
6117.083764281357
 10
-46466.95730607351
 20
6117.083764281357
 10
-46466.95730607351
 20
5493.830607336015
 10
-43600.00000000023
 20
5493.830607336015
210
0.0
220
0.0
230
-1.0
  0
HATCH
  5
241
330
23
100
AcDbEntity
  8
KC-2B Non Scale View
100
AcDbHatch
 10
0.0
 20
0.0
 30
0.0
210
0.0
220
0.0
230
-1.0
  2
WALLCHECK
 70
     0
 71
     0
 91
        1
 92
        3
 72
     0
 73
     1
 93
        4
 10
-43600.00000000023
 20
6117.083764281357
 10
-46466.95730607351
 20
6117.083764281357
 10
-46466.95730607351
 20
5493.830607336015
 10
-43600.00000000023
 20
5493.830607336015
 97
        0
 75
     0
 76
     2
 52
90.0
 41
0.0901984367519617
 77
     0
 78
     1
 53
135.0
 43
849183.4786530368
 44
5135.057306073373
 45
-127.5598525594761
 46
-127.559852559476
 79
     2
 49
9.019843675196167
 49
-0.0090198438096023
 98
        0
1001
ACAD
1010
594644.638204049
1020
6846.609741431149
1030
0.0
  0
TEXT
  5
242
330
23
100
AcDbEntity
  8
KC-2B Non Scale View
100
AcDbText
 10
44807.98256163555
 20
5692.7091401082
 30
0.0
 40
225.4960914010823
  1
PM
  7
Default
100
AcDbText
  0
LWPOLYLINE
  5
243
330
23
100
AcDbEntity
  8
KC-2B Non Scale View
  6
Continuous
100
AcDbPolyline
 90
        4
 70
     1
 43
0.0
 10
-42325.73060733615
 20
5135.057306073373
 10
-40298.48565483931
 20
3107.812353576533
 10
-39939.71235357667
 20
3466.585654839175
 10
-41966.95730607351
 20
5493.830607336015
210
0.0
220
0.0
230
-1.0
  0
TEXT
  5
244
330
23
100
AcDbEntity
  8
KC-2B Non Scale View
100
AcDbText
 10
40907.22538905521
 20
4188.073434755672
 30
0.0
 40
225.4960914010823
  1
SL
  7
Default
100
AcDbText
  0
LWPOLYLINE
  5
245
330
23
100
AcDbEntity
  8
KC-2B Non Scale View
  6
Continuous
100
AcDbPolyline
 90
        4
 70
     1
 43
0.0
 10
-43600.00000000023
 20
5493.830607336015
 10
-45627.24495249684
 20
3466.585654839175
 10
-45268.47165123397
 20
3107.812353576533
 10
-43241.22669873736
 20
5135.057306073373
210
0.0
220
0.0
230
-1.0
  0
TEXT
  5
246
330
23
100
AcDbEntity
  8
KC-2B Non Scale View
100
AcDbText
 10
44208.73973421589
 20
4188.073434755672
 30
0.0
 40
225.4960914010823
  1
PL
  7
Default
100
AcDbText
  0
LWPOLYLINE
  5
247
330
23
100
AcDbEntity
  8
KC-2B Non Scale View
  6
Continuous
100
AcDbPolyline
 90
        4
 70
     1
 43
0.0
 10
-41966.95730607351
 20
6117.083764281357
 10
-39939.71235357667
 20
8144.328716778196
 10
-40201.07134335418
 20
8405.687706555706
 10
-42228.31629585102
 20
6378.442754058866
210
0.0
220
0.0
230
-1.0
  0
TEXT
  5
248
330
23
100
AcDbEntity
  8
KC-2B Non Scale View
100
AcDbText
 10
40858.51823331276
 20
7148.637689718045
 30
0.0
 40
225.4960914010823
  1
SU
  7
Default
100
AcDbText
  0
LWPOLYLINE
  5
249
330
23
100
AcDbEntity
  8
KC-2B Non Scale View
  6
Continuous
100
AcDbPolyline
 90
        4
 70
     1
 43
0.0
 10
-43338.64101022249
 20
6378.442754058866
 10
-45365.88596271933
 20
8405.687706555706
 10
-45627.24495249684
 20
8144.328716778196
 10
-43600.00000000023
 20
6117.083764281357
210
0.0
220
0.0
230
-1.0
  0
TEXT
  5
24A
330
23
100
AcDbEntity
  8
KC-2B Non Scale View
100
AcDbText
 10
44257.44688995858
 20
7148.637689718045
 30
0.0
 40
225.4960914010823
  1
PU
  7
Default
100
AcDbText
  0
TEXT
  5
24B
330
23
100
AcDbEntity
  8
KC-2B Non Scale View
100
AcDbText
 10
41157.38750839513
 20
9930.625043342354
 30
0.0
 40
300.0
  1
LOCATION OF TANK WALL
  7
Default
 72
     1
 11
43600.00000000023
 21
9845.400060132146
 31
0.0
100
AcDbText
 73
     1
  0
TEXT
  5
24C
330
23
100
AcDbEntity
  8
KC-2B Non Scale View
100
AcDbText
 10
42364.74143720641
 20
9555.625043342354
 30
0.0
 40
300.0
  1
(NON-SCALE)
  7
Default
 72
     1
 11
43600.00000000023
 21
9470.400060132146
 31
0.0
100
AcDbText
 73
     1
  0
LINE
  5
24D
330
23
100
AcDbEntity
  8
KC-2B Steel Wall
100
AcDbLine
 10
9203.938578270609
 20
20524.96309447882
 30
0.0
 11
40988.93857827061
 21
20524.96309447882
 31
0.0
210
0.0
220
0.0
230
-1.0
  0
LINE
  5
24E
330
23
100
AcDbEntity
  8
KC-2B Steel Wall
100
AcDbLine
 10
40988.93857827061
 20
20524.96309447882
 30
0.0
 11
40988.93857827061
 21
13615.23690552113
 31
0.0
210
0.0
220
0.0
230
-1.0
  0
LINE
  5
24F
330
23
100
AcDbEntity
  8
KC-2B Steel Wall
100
AcDbLine
 10
40988.93857827061
 20
13615.23690552113
 30
0.0
 11
9203.938578270609
 21
13615.23690552113
 31
0.0
210
0.0
220
0.0
230
-1.0
  0
LINE
  5
250
330
23
100
AcDbEntity
  8
KC-2B Steel Wall
100
AcDbLine
 10
9203.938578270609
 20
13615.23690552113
 30
0.0
 11
9203.938578270609
 21
20524.96309447882
 31
0.0
210
0.0
220
0.0
230
-1.0
  0
LWPOLYLINE
  5
77E
330
23
100
AcDbEntity
  8
KC-2B Membrane Sheet UM
100
AcDbPolyline
 90
        5
 70
     0
 43
0.0
 10
9781.438578270667
 20
20259.09999999986
 10
10516.43857827067
 20
20259.09999999986
 10
10516.43857827067
 20
18510.09999999986
 10
9781.438578270667
 20
18510.09999999986
 10
9781.438578270667
 20
20259.09999999986
  0
LWPOLYLINE
  5
77F
330
23
100
AcDbEntity
  8
KC-2B Membrane Sheet
100
AcDbPolyline
 90
        5
 70
     0
 43
0.0
 10
9781.438578270609
 20
15630.09999999998
 10
10516.43857827061
 20
15630.09999999998
 10
10516.43857827061
 20
13881.09999999998
 10
9781.438578270609
 20
13881.09999999998
 10
9781.438578270609
 20
15630.09999999998
  0
LINE
  5
780
330
23
100
AcDbEntity
  8
KC-2B Membrane Sheet UM
  6
Continuous
100
AcDbLine
 10
9781.438578270609
 20
15630.09999999986
 30
0.0
 11
10516.43857827061
 21
15630.09999999986
 31
0.0
  0
LINE
  5
781
330
23
100
AcDbEntity
  8
KC-2B Membrane Sheet UM
  6
Continuous
100
AcDbLine
 10
10516.43857827061
 20
15630.09999999986
 30
0.0
 11
10516.43857827061
 21
18510.09999999986
 31
0.0
  0
LINE
  5
782
330
23
100
AcDbEntity
  8
KC-2B Membrane Sheet UM
  6
Continuous
100
AcDbLine
 10
10516.43857827061
 20
18510.09999999986
 30
0.0
 11
9781.438578270609
 21
18510.09999999986
 31
0.0
  0
LINE
  5
783
330
23
100
AcDbEntity
  8
KC-2B Membrane Sheet UM
  6
Continuous
100
AcDbLine
 10
9781.438578270609
 20
18510.09999999986
 30
0.0
 11
9781.438578270609
 21
15630.09999999986
 31
0.0
  0
LWPOLYLINE
  5
784
330
23
100
AcDbEntity
  8
KC-2B Membrane Sheet
100
AcDbPolyline
 90
        5
 70
     0
 43
0.0
 10
11596.43857827061
 20
18510.09999999986
 10
10516.43857827061
 20
18510.09999999986
 10
10516.43857827061
 20
20259.09999999986
 10
11596.43857827061
 20
20259.09999999986
 10
11596.43857827061
 20
18510.09999999986
  0
LWPOLYLINE
  5
785
330
23
100
AcDbEntity
  8
KC-2B Membrane Sheet
100
AcDbPolyline
 90
        5
 70
     0
 43
0.0
 10
10516.43857827055
 20
15630.09999999998
 10
11596.43857827055
 20
15630.09999999998
 10
11596.43857827055
 20
13881.09999999998
 10
10516.43857827055
 20
13881.09999999998
 10
10516.43857827055
 20
15630.09999999998
  0
LINE
  5
786
330
23
100
AcDbEntity
  8
KC-2B Membrane Sheet UM
  6
Continuous
100
AcDbLine
 10
11596.43857827061
 20
15630.09999999986
 30
0.0
 11
11596.43857827061
 21
18510.09999999986
 31
0.0
  0
LINE
  5
787
330
23
100
AcDbEntity
  8
KC-2B Membrane Sheet UM
  6
Continuous
100
AcDbLine
 10
10516.43857827061
 20
18510.09999999986
 30
0.0
 11
10516.43857827061
 21
15630.09999999986
 31
0.0
  0
LWPOLYLINE
  5
788
330
23
100
AcDbEntity
  8
KC-2B Membrane Sheet
100
AcDbPolyline
 90
        5
 70
     0
 43
0.0
 10
12676.43857827061
 20
18510.09999999986
 10
11596.43857827061
 20
18510.09999999986
 10
11596.43857827061
 20
20259.09999999986
 10
12676.43857827061
 20
20259.09999999986
 10
12676.43857827061
 20
18510.09999999986
  0
LWPOLYLINE
  5
789
330
23
100
AcDbEntity
  8
KC-2B Membrane Sheet
100
AcDbPolyline
 90
        5
 70
     0
 43
0.0
 10
11596.43857827055
 20
15630.09999999998
 10
12676.43857827055
 20
15630.09999999998
 10
12676.43857827055
 20
13881.09999999998
 10
11596.43857827055
 20
13881.09999999998
 10
11596.43857827055
 20
15630.09999999998
  0
LINE
  5
78A
330
23
100
AcDbEntity
  8
KC-2B Membrane Sheet UM
  6
Continuous
100
AcDbLine
 10
12676.43857827061
 20
15630.09999999986
 30
0.0
 11
12676.43857827061
 21
18510.09999999986
 31
0.0
  0
LINE
  5
78B
330
23
100
AcDbEntity
  8
KC-2B Membrane Sheet UM
  6
Continuous
100
AcDbLine
 10
11596.43857827061
 20
18510.09999999986
 30
0.0
 11
11596.43857827061
 21
15630.09999999986
 31
0.0
  0
LWPOLYLINE
  5
78C
330
23
100
AcDbEntity
  8
KC-2B Membrane Sheet
100
AcDbPolyline
 90
        5
 70
     0
 43
0.0
 10
13756.43857827061
 20
18510.09999999986
 10
12676.43857827061
 20
18510.09999999986
 10
12676.43857827061
 20
20259.09999999986
 10
13756.43857827061
 20
20259.09999999986
 10
13756.43857827061
 20
18510.09999999986
  0
LWPOLYLINE
  5
78D
330
23
100
AcDbEntity
  8
KC-2B Membrane Sheet
100
AcDbPolyline
 90
        5
 70
     0
 43
0.0
 10
12676.43857827055
 20
15630.09999999998
 10
13756.43857827055
 20
15630.09999999998
 10
13756.43857827055
 20
13881.09999999998
 10
12676.43857827055
 20
13881.09999999998
 10
12676.43857827055
 20
15630.09999999998
  0
LINE
  5
78E
330
23
100
AcDbEntity
  8
KC-2B Membrane Sheet UM
  6
Continuous
100
AcDbLine
 10
13756.43857827061
 20
15630.09999999986
 30
0.0
 11
13756.43857827061
 21
18510.09999999986
 31
0.0
  0
LINE
  5
78F
330
23
100
AcDbEntity
  8
KC-2B Membrane Sheet UM
  6
Continuous
100
AcDbLine
 10
12676.43857827061
 20
18510.09999999986
 30
0.0
 11
12676.43857827061
 21
15630.09999999986
 31
0.0
  0
LWPOLYLINE
  5
790
330
23
100
AcDbEntity
  8
KC-2B Membrane Sheet
100
AcDbPolyline
 90
        5
 70
     0
 43
0.0
 10
14836.43857827061
 20
18510.09999999986
 10
13756.43857827061
 20
18510.09999999986
 10
13756.43857827061
 20
20259.09999999986
 10
14836.43857827061
 20
20259.09999999986
 10
14836.43857827061
 20
18510.09999999986
  0
LWPOLYLINE
  5
791
330
23
100
AcDbEntity
  8
KC-2B Membrane Sheet
100
AcDbPolyline
 90
        5
 70
     0
 43
0.0
 10
13756.43857827055
 20
15630.09999999998
 10
14836.43857827055
 20
15630.09999999998
 10
14836.43857827055
 20
13881.09999999998
 10
13756.43857827055
 20
13881.09999999998
 10
13756.43857827055
 20
15630.09999999998
  0
LINE
  5
792
330
23
100
AcDbEntity
  8
KC-2B Membrane Sheet UM
  6
Continuous
100
AcDbLine
 10
14836.43857827061
 20
15630.09999999986
 30
0.0
 11
14836.43857827061
 21
18510.09999999986
 31
0.0
  0
LINE
  5
793
330
23
100
AcDbEntity
  8
KC-2B Membrane Sheet UM
  6
Continuous
100
AcDbLine
 10
13756.43857827061
 20
18510.09999999986
 30
0.0
 11
13756.43857827061
 21
15630.09999999986
 31
0.0
  0
LWPOLYLINE
  5
794
330
23
100
AcDbEntity
  8
KC-2B Membrane Sheet
100
AcDbPolyline
 90
        5
 70
     0
 43
0.0
 10
15916.43857827061
 20
18510.09999999986
 10
14836.43857827061
 20
18510.09999999986
 10
14836.43857827061
 20
20259.09999999986
 10
15916.43857827061
 20
20259.09999999986
 10
15916.43857827061
 20
18510.09999999986
  0
LWPOLYLINE
  5
795
330
23
100
AcDbEntity
  8
KC-2B Membrane Sheet
100
AcDbPolyline
 90
        5
 70
     0
 43
0.0
 10
14836.43857827055
 20
15630.09999999998
 10
15916.43857827055
 20
15630.09999999998
 10
15916.43857827055
 20
13881.09999999998
 10
14836.43857827055
 20
13881.09999999998
 10
14836.43857827055
 20
15630.09999999998
  0
LINE
  5
796
330
23
100
AcDbEntity
  8
KC-2B Membrane Sheet UM
  6
Continuous
100
AcDbLine
 10
15916.43857827061
 20
15630.09999999986
 30
0.0
 11
15916.43857827061
 21
18510.09999999986
 31
0.0
  0
LINE
  5
797
330
23
100
AcDbEntity
  8
KC-2B Membrane Sheet UM
  6
Continuous
100
AcDbLine
 10
14836.43857827061
 20
18510.09999999986
 30
0.0
 11
14836.43857827061
 21
15630.09999999986
 31
0.0
  0
LWPOLYLINE
  5
798
330
23
100
AcDbEntity
  8
KC-2B Membrane Sheet
100
AcDbPolyline
 90
        5
 70
     0
 43
0.0
 10
16996.43857827061
 20
18510.09999999986
 10
15916.43857827061
 20
18510.09999999986
 10
15916.43857827061
 20
20259.09999999986
 10
16996.43857827061
 20
20259.09999999986
 10
16996.43857827061
 20
18510.09999999986
  0
LWPOLYLINE
  5
799
330
23
100
AcDbEntity
  8
KC-2B Membrane Sheet
100
AcDbPolyline
 90
        5
 70
     0
 43
0.0
 10
15916.43857827055
 20
15630.09999999998
 10
16996.43857827055
 20
15630.09999999998
 10
16996.43857827055
 20
13881.09999999998
 10
15916.43857827055
 20
13881.09999999998
 10
15916.43857827055
 20
15630.09999999998
  0
LINE
  5
79A
330
23
100
AcDbEntity
  8
KC-2B Membrane Sheet UM
  6
Continuous
100
AcDbLine
 10
16996.43857827061
 20
15630.09999999986
 30
0.0
 11
16996.43857827061
 21
18510.09999999986
 31
0.0
  0
LINE
  5
79B
330
23
100
AcDbEntity
  8
KC-2B Membrane Sheet UM
  6
Continuous
100
AcDbLine
 10
15916.43857827061
 20
18510.09999999986
 30
0.0
 11
15916.43857827061
 21
15630.09999999986
 31
0.0
  0
LWPOLYLINE
  5
79C
330
23
100
AcDbEntity
  8
KC-2B Membrane Sheet
100
AcDbPolyline
 90
        5
 70
     0
 43
0.0
 10
18076.43857827061
 20
18510.09999999986
 10
16996.43857827061
 20
18510.09999999986
 10
16996.43857827061
 20
20259.09999999986
 10
18076.43857827061
 20
20259.09999999986
 10
18076.43857827061
 20
18510.09999999986
  0
LWPOLYLINE
  5
79D
330
23
100
AcDbEntity
  8
KC-2B Membrane Sheet
100
AcDbPolyline
 90
        5
 70
     0
 43
0.0
 10
16996.43857827055
 20
15630.09999999998
 10
18076.43857827055
 20
15630.09999999998
 10
18076.43857827055
 20
13881.09999999998
 10
16996.43857827055
 20
13881.09999999998
 10
16996.43857827055
 20
15630.09999999998
  0
LINE
  5
79E
330
23
100
AcDbEntity
  8
KC-2B Membrane Sheet UM
  6
Continuous
100
AcDbLine
 10
18076.43857827061
 20
15630.09999999986
 30
0.0
 11
18076.43857827061
 21
18510.09999999986
 31
0.0
  0
LINE
  5
79F
330
23
100
AcDbEntity
  8
KC-2B Membrane Sheet UM
  6
Continuous
100
AcDbLine
 10
16996.43857827061
 20
18510.09999999986
 30
0.0
 11
16996.43857827061
 21
15630.09999999986
 31
0.0
  0
LWPOLYLINE
  5
7A0
330
23
100
AcDbEntity
  8
KC-2B Membrane Sheet
100
AcDbPolyline
 90
        5
 70
     0
 43
0.0
 10
19156.43857827061
 20
18510.09999999986
 10
18076.43857827061
 20
18510.09999999986
 10
18076.43857827061
 20
20259.09999999986
 10
19156.43857827061
 20
20259.09999999986
 10
19156.43857827061
 20
18510.09999999986
  0
LWPOLYLINE
  5
7A1
330
23
100
AcDbEntity
  8
KC-2B Membrane Sheet
100
AcDbPolyline
 90
        5
 70
     0
 43
0.0
 10
18076.43857827055
 20
15630.09999999998
 10
19156.43857827055
 20
15630.09999999998
 10
19156.43857827055
 20
13881.09999999998
 10
18076.43857827055
 20
13881.09999999998
 10
18076.43857827055
 20
15630.09999999998
  0
LINE
  5
7A2
330
23
100
AcDbEntity
  8
KC-2B Membrane Sheet UM
  6
Continuous
100
AcDbLine
 10
19156.43857827061
 20
15630.09999999986
 30
0.0
 11
19156.43857827061
 21
18510.09999999986
 31
0.0
  0
LINE
  5
7A3
330
23
100
AcDbEntity
  8
KC-2B Membrane Sheet UM
  6
Continuous
100
AcDbLine
 10
18076.43857827061
 20
18510.09999999986
 30
0.0
 11
18076.43857827061
 21
15630.09999999986
 31
0.0
  0
LWPOLYLINE
  5
7A4
330
23
100
AcDbEntity
  8
KC-2B Membrane Sheet
100
AcDbPolyline
 90
        5
 70
     0
 43
0.0
 10
20236.43857827061
 20
18510.09999999986
 10
19156.43857827061
 20
18510.09999999986
 10
19156.43857827061
 20
20259.09999999986
 10
20236.43857827061
 20
20259.09999999986
 10
20236.43857827061
 20
18510.09999999986
  0
LWPOLYLINE
  5
7A5
330
23
100
AcDbEntity
  8
KC-2B Membrane Sheet
100
AcDbPolyline
 90
        5
 70
     0
 43
0.0
 10
19156.43857827055
 20
15630.09999999998
 10
20236.43857827055
 20
15630.09999999998
 10
20236.43857827055
 20
13881.09999999998
 10
19156.43857827055
 20
13881.09999999998
 10
19156.43857827055
 20
15630.09999999998
  0
LINE
  5
7A6
330
23
100
AcDbEntity
  8
KC-2B Membrane Sheet UM
  6
Continuous
100
AcDbLine
 10
20236.43857827061
 20
15630.09999999986
 30
0.0
 11
20236.43857827061
 21
18510.09999999986
 31
0.0
  0
LINE
  5
7A7
330
23
100
AcDbEntity
  8
KC-2B Membrane Sheet UM
  6
Continuous
100
AcDbLine
 10
19156.43857827061
 20
18510.09999999986
 30
0.0
 11
19156.43857827061
 21
15630.09999999986
 31
0.0
  0
LWPOLYLINE
  5
7A8
330
23
100
AcDbEntity
  8
KC-2B Membrane Sheet
100
AcDbPolyline
 90
        5
 70
     0
 43
0.0
 10
21316.43857827061
 20
18510.09999999986
 10
20236.43857827061
 20
18510.09999999986
 10
20236.43857827061
 20
20259.09999999986
 10
21316.43857827061
 20
20259.09999999986
 10
21316.43857827061
 20
18510.09999999986
  0
LWPOLYLINE
  5
7A9
330
23
100
AcDbEntity
  8
KC-2B Membrane Sheet
100
AcDbPolyline
 90
        5
 70
     0
 43
0.0
 10
20236.43857827055
 20
15630.09999999998
 10
21316.43857827061
 20
15630.09999999998
 10
21316.43857827061
 20
13881.09999999998
 10
20236.43857827055
 20
13881.09999999998
 10
20236.43857827055
 20
15630.09999999998
  0
LINE
  5
7AA
330
23
100
AcDbEntity
  8
KC-2B Membrane Sheet UM
  6
Continuous
100
AcDbLine
 10
21316.43857827061
 20
15630.09999999986
 30
0.0
 11
21316.43857827061
 21
18510.09999999986
 31
0.0
  0
LINE
  5
7AB
330
23
100
AcDbEntity
  8
KC-2B Membrane Sheet UM
  6
Continuous
100
AcDbLine
 10
20236.43857827061
 20
18510.09999999986
 30
0.0
 11
20236.43857827061
 21
15630.09999999986
 31
0.0
  0
LWPOLYLINE
  5
7AC
330
23
100
AcDbEntity
  8
KC-2B Membrane Sheet
100
AcDbPolyline
 90
        5
 70
     0
 43
0.0
 10
22396.43857827061
 20
18510.09999999986
 10
21316.43857827061
 20
18510.09999999986
 10
21316.43857827061
 20
20259.09999999986
 10
22396.43857827061
 20
20259.09999999986
 10
22396.43857827061
 20
18510.09999999986
  0
LWPOLYLINE
  5
7AD
330
23
100
AcDbEntity
  8
KC-2B Membrane Sheet
100
AcDbPolyline
 90
        5
 70
     0
 43
0.0
 10
21316.43857827061
 20
15630.09999999998
 10
22396.43857827061
 20
15630.09999999998
 10
22396.43857827061
 20
13881.09999999998
 10
21316.43857827061
 20
13881.09999999998
 10
21316.43857827061
 20
15630.09999999998
  0
LINE
  5
7AE
330
23
100
AcDbEntity
  8
KC-2B Membrane Sheet UM
  6
Continuous
100
AcDbLine
 10
22396.43857827061
 20
15630.09999999986
 30
0.0
 11
22396.43857827061
 21
18510.09999999986
 31
0.0
  0
LINE
  5
7AF
330
23
100
AcDbEntity
  8
KC-2B Membrane Sheet UM
  6
Continuous
100
AcDbLine
 10
21316.43857827061
 20
18510.09999999986
 30
0.0
 11
21316.43857827061
 21
15630.09999999986
 31
0.0
  0
LWPOLYLINE
  5
7B0
330
23
100
AcDbEntity
  8
KC-2B Membrane Sheet
100
AcDbPolyline
 90
        5
 70
     0
 43
0.0
 10
23476.43857827061
 20
18510.09999999986
 10
22396.43857827061
 20
18510.09999999986
 10
22396.43857827061
 20
20259.09999999986
 10
23476.43857827061
 20
20259.09999999986
 10
23476.43857827061
 20
18510.09999999986
  0
LWPOLYLINE
  5
7B1
330
23
100
AcDbEntity
  8
KC-2B Membrane Sheet
100
AcDbPolyline
 90
        5
 70
     0
 43
0.0
 10
22396.43857827061
 20
15630.09999999998
 10
23476.43857827061
 20
15630.09999999998
 10
23476.43857827061
 20
13881.09999999998
 10
22396.43857827061
 20
13881.09999999998
 10
22396.43857827061
 20
15630.09999999998
  0
LINE
  5
7B2
330
23
100
AcDbEntity
  8
KC-2B Membrane Sheet UM
  6
Continuous
100
AcDbLine
 10
23476.43857827061
 20
15630.09999999986
 30
0.0
 11
23476.43857827061
 21
18510.09999999986
 31
0.0
  0
LINE
  5
7B3
330
23
100
AcDbEntity
  8
KC-2B Membrane Sheet UM
  6
Continuous
100
AcDbLine
 10
22396.43857827061
 20
18510.09999999986
 30
0.0
 11
22396.43857827061
 21
15630.09999999986
 31
0.0
  0
LINE
  5
7B4
330
23
100
AcDbEntity
  8
KC-2B Membrane Sheet UM
  6
Continuous
100
AcDbLine
 10
23476.43857827061
 20
15630.09999999986
 30
0.0
 11
24196.43857827061
 21
15630.09999999986
 31
0.0
  0
LINE
  5
7B5
330
23
100
AcDbEntity
  8
KC-2B Membrane Sheet UM
  6
Continuous
100
AcDbLine
 10
24196.43857827061
 20
15630.09999999986
 30
0.0
 11
24196.43857827061
 21
18510.09999999986
 31
0.0
  0
LINE
  5
7B6
330
23
100
AcDbEntity
  8
KC-2B Membrane Sheet UM
  6
Continuous
100
AcDbLine
 10
23476.43857827061
 20
18510.09999999986
 30
0.0
 11
23476.43857827061
 21
15630.09999999986
 31
0.0
  0
LWPOLYLINE
  5
7B7
330
23
100
AcDbEntity
  8
KC-2B Membrane Sheet
100
AcDbPolyline
 90
        5
 70
     0
 43
0.0
 10
24196.43857827061
 20
18510.09999999986
 10
23476.43857827061
 20
18510.09999999986
 10
23476.43857827061
 20
20259.09999999986
 10
24196.43857827061
 20
20259.09999999986
 10
24196.43857827061
 20
18510.09999999986
  0
LWPOLYLINE
  5
7B8
330
23
100
AcDbEntity
  8
KC-2B Membrane Sheet
100
AcDbPolyline
 90
        5
 70
     0
 43
0.0
 10
23476.43857827061
 20
15630.09999999998
 10
24196.43857827061
 20
15630.09999999998
 10
24196.43857827061
 20
13881.09999999998
 10
23476.43857827061
 20
13881.09999999998
 10
23476.43857827061
 20
15630.09999999998
  0
LWPOLYLINE
  5
7B9
330
23
100
AcDbEntity
  8
KC-2B Membrane Sheet
100
AcDbPolyline
 90
        5
 70
     0
 43
0.0
 10
39676.43857827049
 20
18510.09999999974
 10
38596.43857827049
 20
18510.09999999974
 10
38596.43857827049
 20
20259.09999999974
 10
39676.43857827049
 20
20259.09999999974
 10
39676.43857827049
 20
18510.09999999974
  0
LWPOLYLINE
  5
7BA
330
23
100
AcDbEntity
  8
KC-2B Membrane Sheet
100
AcDbPolyline
 90
        5
 70
     0
 43
0.0
 10
38596.43857827061
 20
15630.09999999986
 10
39676.43857827061
 20
15630.09999999986
 10
39676.43857827061
 20
13881.09999999986
 10
38596.43857827061
 20
13881.09999999986
 10
38596.43857827061
 20
15630.09999999986
  0
LINE
  5
7BB
330
23
100
AcDbEntity
  8
KC-2B Membrane Sheet UM
  6
Continuous
100
AcDbLine
 10
39676.43857827049
 20
15630.09999999974
 30
0.0
 11
39676.43857827049
 21
18510.09999999974
 31
0.0
  0
LINE
  5
7BC
330
23
100
AcDbEntity
  8
KC-2B Membrane Sheet UM
  6
Continuous
100
AcDbLine
 10
38596.43857827049
 20
18510.09999999974
 30
0.0
 11
38596.43857827049
 21
15630.09999999974
 31
0.0
  0
LWPOLYLINE
  5
7BD
330
23
100
AcDbEntity
  8
KC-2B Membrane Sheet
100
AcDbPolyline
 90
        5
 70
     0
 43
0.0
 10
38596.43857827049
 20
18510.09999999974
 10
37516.43857827049
 20
18510.09999999974
 10
37516.43857827049
 20
20259.09999999974
 10
38596.43857827049
 20
20259.09999999974
 10
38596.43857827049
 20
18510.09999999974
  0
LWPOLYLINE
  5
7BE
330
23
100
AcDbEntity
  8
KC-2B Membrane Sheet
100
AcDbPolyline
 90
        5
 70
     0
 43
0.0
 10
37516.43857827061
 20
15630.09999999986
 10
38596.43857827061
 20
15630.09999999986
 10
38596.43857827061
 20
13881.09999999986
 10
37516.43857827061
 20
13881.09999999986
 10
37516.43857827061
 20
15630.09999999986
  0
LINE
  5
7BF
330
23
100
AcDbEntity
  8
KC-2B Membrane Sheet UM
  6
Continuous
100
AcDbLine
 10
38596.43857827049
 20
15630.09999999974
 30
0.0
 11
38596.43857827049
 21
18510.09999999974
 31
0.0
  0
LINE
  5
7C0
330
23
100
AcDbEntity
  8
KC-2B Membrane Sheet UM
  6
Continuous
100
AcDbLine
 10
37516.43857827049
 20
18510.09999999974
 30
0.0
 11
37516.43857827049
 21
15630.09999999974
 31
0.0
  0
LWPOLYLINE
  5
7C1
330
23
100
AcDbEntity
  8
KC-2B Membrane Sheet
100
AcDbPolyline
 90
        5
 70
     0
 43
0.0
 10
36796.43857827061
 20
18510.09999999905
 10
35716.43857827061
 20
18510.09999999905
 10
35716.43857827061
 20
20259.09999999905
 10
36796.43857827061
 20
20259.09999999905
 10
36796.43857827061
 20
18510.09999999905
  0
LWPOLYLINE
  5
7C2
330
23
100
AcDbEntity
  8
KC-2B Membrane Sheet
100
AcDbPolyline
 90
        5
 70
     0
 43
0.0
 10
35716.43857827061
 20
15630.09999999916
 10
36796.43857827061
 20
15630.09999999916
 10
36796.43857827061
 20
13881.09999999916
 10
35716.43857827061
 20
13881.09999999916
 10
35716.43857827061
 20
15630.09999999916
  0
LINE
  5
7C3
330
23
100
AcDbEntity
  8
KC-2B Membrane Sheet UM
  6
Continuous
100
AcDbLine
 10
36796.43857827061
 20
15630.09999999905
 30
0.0
 11
36796.43857827061
 21
18510.09999999905
 31
0.0
  0
LINE
  5
7C4
330
23
100
AcDbEntity
  8
KC-2B Membrane Sheet UM
  6
Continuous
100
AcDbLine
 10
35716.43857827061
 20
18510.09999999905
 30
0.0
 11
35716.43857827061
 21
15630.09999999905
 31
0.0
  0
LWPOLYLINE
  5
7C5
330
23
100
AcDbEntity
  8
KC-2B Membrane Sheet
100
AcDbPolyline
 90
        5
 70
     0
 43
0.0
 10
35716.43857827061
 20
18510.09999999905
 10
34636.43857827061
 20
18510.09999999905
 10
34636.43857827061
 20
20259.09999999905
 10
35716.43857827061
 20
20259.09999999905
 10
35716.43857827061
 20
18510.09999999905
  0
LWPOLYLINE
  5
7C6
330
23
100
AcDbEntity
  8
KC-2B Membrane Sheet
100
AcDbPolyline
 90
        5
 70
     0
 43
0.0
 10
34636.43857827061
 20
15630.09999999916
 10
35716.43857827061
 20
15630.09999999916
 10
35716.43857827061
 20
13881.09999999916
 10
34636.43857827061
 20
13881.09999999916
 10
34636.43857827061
 20
15630.09999999916
  0
LINE
  5
7C7
330
23
100
AcDbEntity
  8
KC-2B Membrane Sheet UM
  6
Continuous
100
AcDbLine
 10
35716.43857827061
 20
15630.09999999905
 30
0.0
 11
35716.43857827061
 21
18510.09999999905
 31
0.0
  0
LINE
  5
7C8
330
23
100
AcDbEntity
  8
KC-2B Membrane Sheet UM
  6
Continuous
100
AcDbLine
 10
34636.43857827061
 20
18510.09999999905
 30
0.0
 11
34636.43857827061
 21
15630.09999999905
 31
0.0
  0
LWPOLYLINE
  5
7C9
330
23
100
AcDbEntity
  8
KC-2B Membrane Sheet
100
AcDbPolyline
 90
        5
 70
     0
 43
0.0
 10
33916.43857827061
 20
18510.10000000021
 10
32836.43857827061
 20
18510.10000000021
 10
32836.43857827061
 20
20259.10000000021
 10
33916.43857827061
 20
20259.10000000021
 10
33916.43857827061
 20
18510.10000000021
  0
LWPOLYLINE
  5
7CA
330
23
100
AcDbEntity
  8
KC-2B Membrane Sheet
100
AcDbPolyline
 90
        5
 70
     0
 43
0.0
 10
32836.43857827061
 20
15630.10000000033
 10
33916.43857827061
 20
15630.10000000033
 10
33916.43857827061
 20
13881.10000000033
 10
32836.43857827061
 20
13881.10000000033
 10
32836.43857827061
 20
15630.10000000033
  0
LINE
  5
7CB
330
23
100
AcDbEntity
  8
KC-2B Membrane Sheet UM
  6
Continuous
100
AcDbLine
 10
33916.43857827061
 20
15630.10000000021
 30
0.0
 11
33916.43857827061
 21
18510.10000000021
 31
0.0
  0
LINE
  5
7CC
330
23
100
AcDbEntity
  8
KC-2B Membrane Sheet UM
  6
Continuous
100
AcDbLine
 10
32836.43857827061
 20
18510.10000000021
 30
0.0
 11
32836.43857827061
 21
15630.10000000021
 31
0.0
  0
LWPOLYLINE
  5
7CD
330
23
100
AcDbEntity
  8
KC-2B Membrane Sheet
100
AcDbPolyline
 90
        5
 70
     0
 43
0.0
 10
32836.43857827061
 20
18510.09999999974
 10
31756.43857827061
 20
18510.09999999974
 10
31756.43857827061
 20
20259.09999999974
 10
32836.43857827061
 20
20259.09999999974
 10
32836.43857827061
 20
18510.09999999974
  0
LWPOLYLINE
  5
7CE
330
23
100
AcDbEntity
  8
KC-2B Membrane Sheet
100
AcDbPolyline
 90
        5
 70
     0
 43
0.0
 10
31756.43857827061
 20
15630.09999999986
 10
32836.43857827061
 20
15630.09999999986
 10
32836.43857827061
 20
13881.09999999986
 10
31756.43857827061
 20
13881.09999999986
 10
31756.43857827061
 20
15630.09999999986
  0
LINE
  5
7CF
330
23
100
AcDbEntity
  8
KC-2B Membrane Sheet UM
  6
Continuous
100
AcDbLine
 10
32836.43857827061
 20
15630.09999999974
 30
0.0
 11
32836.43857827061
 21
18510.09999999974
 31
0.0
  0
LINE
  5
7D0
330
23
100
AcDbEntity
  8
KC-2B Membrane Sheet UM
  6
Continuous
100
AcDbLine
 10
31756.43857827061
 20
18510.09999999974
 30
0.0
 11
31756.43857827061
 21
15630.09999999974
 31
0.0
  0
LWPOLYLINE
  5
7D1
330
23
100
AcDbEntity
  8
KC-2B Membrane Sheet
100
AcDbPolyline
 90
        5
 70
     0
 43
0.0
 10
31756.43857827061
 20
18510.09999999974
 10
30676.43857827061
 20
18510.09999999974
 10
30676.43857827061
 20
20259.09999999974
 10
31756.43857827061
 20
20259.09999999974
 10
31756.43857827061
 20
18510.09999999974
  0
LWPOLYLINE
  5
7D2
330
23
100
AcDbEntity
  8
KC-2B Membrane Sheet
100
AcDbPolyline
 90
        5
 70
     0
 43
0.0
 10
30676.43857827061
 20
15630.09999999986
 10
31756.43857827061
 20
15630.09999999986
 10
31756.43857827061
 20
13881.09999999986
 10
30676.43857827061
 20
13881.09999999986
 10
30676.43857827061
 20
15630.09999999986
  0
LINE
  5
7D3
330
23
100
AcDbEntity
  8
KC-2B Membrane Sheet UM
  6
Continuous
100
AcDbLine
 10
31756.43857827061
 20
15630.09999999974
 30
0.0
 11
31756.43857827061
 21
18510.09999999974
 31
0.0
  0
LINE
  5
7D4
330
23
100
AcDbEntity
  8
KC-2B Membrane Sheet UM
  6
Continuous
100
AcDbLine
 10
30676.43857827061
 20
18510.09999999974
 30
0.0
 11
30676.43857827061
 21
15630.09999999974
 31
0.0
  0
LINE
  5
7D5
330
23
100
AcDbEntity
  8
KC-2B Membrane Sheet UM
  6
Continuous
100
AcDbLine
 10
34636.43857827061
 20
15630.10000000021
 30
0.0
 11
34636.43857827061
 21
18510.10000000021
 31
0.0
  0
LINE
  5
7D6
330
23
100
AcDbEntity
  8
KC-2B Membrane Sheet UM
  6
Continuous
100
AcDbLine
 10
33916.43857827061
 20
18510.10000000021
 30
0.0
 11
33916.43857827061
 21
15630.10000000021
 31
0.0
  0
LWPOLYLINE
  5
7D7
330
23
100
AcDbEntity
  8
KC-2B Membrane Sheet
100
AcDbPolyline
 90
        5
 70
     0
 43
0.0
 10
34636.43857827061
 20
18510.10000000021
 10
33916.43857827061
 20
18510.10000000021
 10
33916.43857827061
 20
20259.10000000021
 10
34636.43857827061
 20
20259.10000000021
 10
34636.43857827061
 20
18510.10000000021
  0
LWPOLYLINE
  5
7D8
330
23
100
AcDbEntity
  8
KC-2B Membrane Sheet
100
AcDbPolyline
 90
        5
 70
     0
 43
0.0
 10
33916.43857827061
 20
15630.10000000033
 10
34636.43857827061
 20
15630.10000000033
 10
34636.43857827061
 20
13881.10000000033
 10
33916.43857827061
 20
13881.10000000033
 10
33916.43857827061
 20
15630.10000000033
  0
LINE
  5
7D9
330
23
100
AcDbEntity
  8
KC-2B Membrane Sheet UM
  6
Continuous
100
AcDbLine
 10
37516.43857827061
 20
15630.09999999986
 30
0.0
 11
37516.43857827061
 21
18510.09999999986
 31
0.0
  0
LINE
  5
7DA
330
23
100
AcDbEntity
  8
KC-2B Membrane Sheet UM
  6
Continuous
100
AcDbLine
 10
36796.43857827061
 20
18510.09999999986
 30
0.0
 11
36796.43857827061
 21
15630.09999999986
 31
0.0
  0
LWPOLYLINE
  5
7DB
330
23
100
AcDbEntity
  8
KC-2B Membrane Sheet
100
AcDbPolyline
 90
        5
 70
     0
 43
0.0
 10
37516.43857827061
 20
18510.09999999986
 10
36796.43857827061
 20
18510.09999999986
 10
36796.43857827061
 20
20259.09999999986
 10
37516.43857827061
 20
20259.09999999986
 10
37516.43857827061
 20
18510.09999999986
  0
LWPOLYLINE
  5
7DC
330
23
100
AcDbEntity
  8
KC-2B Membrane Sheet
100
AcDbPolyline
 90
        5
 70
     0
 43
0.0
 10
36796.43857827061
 20
15630.09999999998
 10
37516.43857827061
 20
15630.09999999998
 10
37516.43857827061
 20
13881.09999999998
 10
36796.43857827061
 20
13881.09999999998
 10
36796.43857827061
 20
15630.09999999998
  0
LINE
  5
7DD
330
23
100
AcDbEntity
  8
KC-2B Membrane Sheet UM
  6
Continuous
100
AcDbLine
 10
30676.43857827061
 20
15630.09999999974
 30
0.0
 11
30676.43857827061
 21
18510.09999999974
 31
0.0
  0
LINE
  5
7DE
330
23
100
AcDbEntity
  8
KC-2B Membrane Sheet UM
  6
Continuous
100
AcDbLine
 10
29596.43857827061
 20
18510.09999999974
 30
0.0
 11
29596.43857827061
 21
15630.09999999974
 31
0.0
  0
LWPOLYLINE
  5
7DF
330
23
100
AcDbEntity
  8
KC-2B Membrane Sheet
100
AcDbPolyline
 90
        5
 70
     0
 43
0.0
 10
30676.43857827061
 20
18510.09999999974
 10
29596.43857827061
 20
18510.09999999974
 10
29596.43857827061
 20
20259.09999999974
 10
30676.43857827061
 20
20259.09999999974
 10
30676.43857827061
 20
18510.09999999974
  0
LWPOLYLINE
  5
7E0
330
23
100
AcDbEntity
  8
KC-2B Membrane Sheet
100
AcDbPolyline
 90
        5
 70
     0
 43
0.0
 10
29596.43857827061
 20
15630.09999999986
 10
30676.43857827061
 20
15630.09999999986
 10
30676.43857827061
 20
13881.09999999986
 10
29596.43857827061
 20
13881.09999999986
 10
29596.43857827061
 20
15630.09999999986
  0
LINE
  5
7E1
330
23
100
AcDbEntity
  8
KC-2B Membrane Sheet UM
  6
Continuous
100
AcDbLine
 10
39676.43857827049
 20
15630.09999999974
 30
0.0
 11
40411.43857827049
 21
15630.09999999974
 31
0.0
  0
LINE
  5
7E2
330
23
100
AcDbEntity
  8
KC-2B Membrane Sheet UM
  6
Continuous
100
AcDbLine
 10
40411.43857827049
 20
15630.09999999974
 30
0.0
 11
40411.43857827049
 21
18510.09999999974
 31
0.0
  0
LINE
  5
7E3
330
23
100
AcDbEntity
  8
KC-2B Membrane Sheet UM
  6
Continuous
100
AcDbLine
 10
40411.43857827049
 20
18510.09999999974
 30
0.0
 11
39676.43857827049
 21
18510.09999999974
 31
0.0
  0
LINE
  5
7E4
330
23
100
AcDbEntity
  8
KC-2B Membrane Sheet UM
  6
Continuous
100
AcDbLine
 10
39676.43857827049
 20
18510.09999999974
 30
0.0
 11
39676.43857827049
 21
15630.09999999974
 31
0.0
  0
LWPOLYLINE
  5
9EB
330
23
100
AcDbEntity
  8
KC-2B Membrane Sheet
100
AcDbPolyline
 90
        5
 70
     0
 43
0.0
 10
24196.43857827061
 20
15630.09999999986
 10
24916.43857827061
 20
15630.09999999986
 10
24916.43857827061
 20
13881.09999999986
 10
24196.43857827061
 20
13881.09999999986
 10
24196.43857827061
 20
15630.09999999986
  0
LWPOLYLINE
  5
9EC
330
23
100
AcDbEntity
  8
KC-2B Membrane Sheet
100
AcDbPolyline
 90
        5
 70
     0
 43
0.0
 10
24916.43857827061
 20
15630.09999999986
 10
25636.43857827061
 20
15630.09999999986
 10
25636.43857827061
 20
13881.09999999986
 10
24916.43857827061
 20
13881.09999999986
 10
24916.43857827061
 20
15630.09999999986
  0
LWPOLYLINE
  5
9ED
330
23
100
AcDbEntity
  8
KC-2B Membrane Sheet
100
AcDbPolyline
 90
        5
 70
     0
 43
0.0
 10
25636.43857827061
 20
15630.09999999986
 10
26716.43857827061
 20
15630.09999999986
 10
26716.43857827061
 20
13881.09999999986
 10
25636.43857827061
 20
13881.09999999986
 10
25636.43857827061
 20
15630.09999999986
  0
LWPOLYLINE
  5
9EE
330
23
100
AcDbEntity
  8
KC-2B Membrane Sheet
100
AcDbPolyline
 90
        5
 70
     0
 43
0.0
 10
26716.43857827061
 20
15630.09999999986
 10
27796.43857827061
 20
15630.09999999986
 10
27796.43857827061
 20
13881.09999999986
 10
26716.43857827061
 20
13881.09999999986
 10
26716.43857827061
 20
15630.09999999986
  0
LWPOLYLINE
  5
9EF
330
23
100
AcDbEntity
  8
KC-2B Membrane Sheet
100
AcDbPolyline
 90
        5
 70
     0
 43
0.0
 10
28876.43857827061
 20
15630.09999999986
 10
27796.43857827061
 20
15630.09999999986
 10
27796.43857827061
 20
13881.09999999986
 10
28876.43857827061
 20
13881.09999999986
 10
28876.43857827061
 20
15630.09999999986
  0
LWPOLYLINE
  5
9F0
330
23
100
AcDbEntity
  8
KC-2B Membrane Sheet
100
AcDbPolyline
 90
        5
 70
     0
 43
0.0
 10
28876.43857827061
 20
15630.09999999986
 10
29596.43857827061
 20
15630.09999999986
 10
29596.43857827061
 20
13881.09999999986
 10
28876.43857827061
 20
13881.09999999986
 10
28876.43857827061
 20
15630.09999999986
  0
LINE
  5
9F1
330
23
100
AcDbEntity
  8
KC-2B Membrane Sheet UM
  6
Continuous
100
AcDbLine
 10
24196.43857827061
 20
15630.09999999986
 30
0.0
 11
24916.43857827061
 21
15630.09999999986
 31
0.0
  0
LINE
  5
9F2
330
23
100
AcDbEntity
  8
KC-2B Membrane Sheet UM
  6
Continuous
100
AcDbLine
 10
24916.43857827061
 20
15630.09999999986
 30
0.0
 11
24916.43857827061
 21
18510.09999999986
 31
0.0
  0
LINE
  5
9F3
330
23
100
AcDbEntity
  8
KC-2B Membrane Sheet UM
  6
Continuous
100
AcDbLine
 10
24916.43857827061
 20
18510.09999999986
 30
0.0
 11
24196.43857827061
 21
18510.09999999986
 31
0.0
  0
LINE
  5
9F4
330
23
100
AcDbEntity
  8
KC-2B Membrane Sheet UM
  6
Continuous
100
AcDbLine
 10
24196.43857827061
 20
18510.09999999986
 30
0.0
 11
24196.43857827061
 21
15630.09999999986
 31
0.0
  0
LINE
  5
9F5
330
23
100
AcDbEntity
  8
KC-2B Membrane Sheet UM
  6
Continuous
100
AcDbLine
 10
29596.43857827061
 20
18510.09999999974
 30
0.0
 11
28876.43857827061
 21
18510.09999999974
 31
0.0
  0
LINE
  5
9F6
330
23
100
AcDbEntity
  8
KC-2B Membrane Sheet UM
  6
Continuous
100
AcDbLine
 10
28876.43857827061
 20
18510.09999999974
 30
0.0
 11
28876.43857827061
 21
15630.09999999974
 31
0.0
  0
LINE
  5
9F7
330
23
100
AcDbEntity
  8
KC-2B Membrane Sheet UM
  6
Continuous
100
AcDbLine
 10
28876.43857827061
 20
15630.09999999974
 30
0.0
 11
29596.43857827061
 21
15630.09999999974
 31
0.0
  0
LINE
  5
9F8
330
23
100
AcDbEntity
  8
KC-2B Membrane Sheet UM
  6
Continuous
100
AcDbLine
 10
29596.43857827061
 20
15630.09999999974
 30
0.0
 11
29596.43857827061
 21
18510.09999999974
 31
0.0
  0
LWPOLYLINE
  5
9F9
330
23
100
AcDbEntity
  8
KC-2B Membrane Sheet
100
AcDbPolyline
 90
        5
 70
     0
 43
0.0
 10
24916.43857827061
 20
18510.09999999986
 10
24196.43857827061
 20
18510.09999999986
 10
24196.43857827061
 20
20259.09999999986
 10
24916.43857827061
 20
20259.09999999986
 10
24916.43857827061
 20
18510.09999999986
  0
LWPOLYLINE
  5
9FA
330
23
100
AcDbEntity
  8
KC-2B Membrane Sheet
100
AcDbPolyline
 90
        5
 70
     0
 43
0.0
 10
28876.43857827061
 20
18510.09999999974
 10
29596.43857827061
 20
18510.09999999974
 10
29596.43857827061
 20
20259.09999999974
 10
28876.43857827061
 20
20259.09999999974
 10
28876.43857827061
 20
18510.09999999974
  0
LWPOLYLINE
  5
9FB
330
23
100
AcDbEntity
  8
KC-2B Membrane Sheet
100
AcDbPolyline
 90
        5
 70
     0
 43
0.0
 10
40411.43857827049
 20
18510.09999999974
 10
39676.43857827049
 20
18510.09999999974
 10
39676.43857827049
 20
20259.09999999974
 10
40411.43857827049
 20
20259.09999999974
 10
40411.43857827049
 20
18510.09999999974
  0
LWPOLYLINE
  5
9FC
330
23
100
AcDbEntity
  8
KC-2B Membrane Sheet
100
AcDbPolyline
 90
        5
 70
     0
 43
0.0
 10
40411.43857827049
 20
15630.09999999986
 10
39676.43857827049
 20
15630.09999999986
 10
39676.43857827049
 20
13881.09999999986
 10
40411.43857827049
 20
13881.09999999986
 10
40411.43857827049
 20
15630.09999999986
  0
LWPOLYLINE
  5
B30
330
23
100
AcDbEntity
  8
KC-2B Membrane Sheet
100
AcDbPolyline
 90
        5
 70
     0
 43
0.0
 10
26716.43857827061
 20
15630.09999999986
 10
25636.43857827061
 20
15630.09999999986
 10
25636.43857827061
 20
18510.09999999986
 10
26716.43857827061
 20
18510.09999999986
 10
26716.43857827061
 20
15630.09999999986
  0
LWPOLYLINE
  5
B31
330
23
100
AcDbEntity
  8
KC-2B Membrane Sheet
100
AcDbPolyline
 90
        5
 70
     0
 43
0.0
 10
27796.43857827061
 20
15630.09999999986
 10
26716.43857827061
 20
15630.09999999986
 10
26716.43857827061
 20
18510.09999999986
 10
27796.43857827061
 20
18510.09999999986
 10
27796.43857827061
 20
15630.09999999986
  0
LWPOLYLINE
  5
B32
330
23
100
AcDbEntity
  8
KC-2B Membrane Sheet
100
AcDbPolyline
 90
        5
 70
     0
 43
0.0
 10
27796.43857827061
 20
18510.09999999986
 10
28876.43857827061
 20
18510.09999999986
 10
28876.43857827061
 20
15630.09999999986
 10
27796.43857827061
 20
15630.09999999986
 10
27796.43857827061
 20
18510.09999999986
  0
LINE
  5
B33
330
23
100
AcDbEntity
  8
KC-2B Membrane Sheet UM
  6
Continuous
100
AcDbLine
 10
24916.43857827061
 20
15630.09999999986
 30
0.0
 11
25636.43857827061
 21
15630.09999999974
 31
0.0
  0
LINE
  5
B34
330
23
100
AcDbEntity
  8
KC-2B Membrane Sheet UM
  6
Continuous
100
AcDbLine
 10
25636.43857827061
 20
15630.09999999986
 30
0.0
 11
25636.43857827061
 21
18510.09999999986
 31
0.0
  0
LINE
  5
B35
330
23
100
AcDbEntity
  8
0
 62
     1
100
AcDbLine
 10
25636.43857827061
 20
18510.09999999974
 30
0.0
 11
24916.43857827061
 21
18510.09999999986
 31
0.0
  0
LINE
  5
B36
330
23
100
AcDbEntity
  8
KC-2B Membrane Sheet UM
  6
Continuous
100
AcDbLine
 10
24916.43857827061
 20
18510.09999999986
 30
0.0
 11
24916.43857827061
 21
15630.09999999986
 31
0.0
  0
LWPOLYLINE
  5
B37
330
23
100
AcDbEntity
  8
0
 62
     1
100
AcDbPolyline
 90
        5
 70
     0
 43
0.0
 10
25636.43857827061
 20
18510.09999999998
 10
24916.43857827061
 20
18510.09999999998
 10
24916.43857827061
 20
20259.09999999998
 10
25636.43857827061
 20
20259.09999999998
 10
25636.43857827061
 20
18510.09999999998
  0
LWPOLYLINE
  5
B38
330
23
100
AcDbEntity
  8
KC-2B Membrane Sheet
100
AcDbPolyline
 90
        5
 70
     0
 43
0.0
 10
26716.43857827061
 20
18510.09999999998
 10
25636.43857827061
 20
18510.09999999998
 10
25636.43857827061
 20
20259.09999999998
 10
26716.43857827061
 20
20259.09999999998
 10
26716.43857827061
 20
18510.09999999998
  0
LWPOLYLINE
  5
B39
330
23
100
AcDbEntity
  8
KC-2B Membrane Sheet
100
AcDbPolyline
 90
        5
 70
     0
 43
0.0
 10
27796.43857827061
 20
18510.09999999998
 10
26716.43857827061
 20
18510.09999999998
 10
26716.43857827061
 20
20259.09999999998
 10
27796.43857827061
 20
20259.09999999998
 10
27796.43857827061
 20
18510.09999999998
  0
LWPOLYLINE
  5
B3A
330
23
100
AcDbEntity
  8
KC-2B Membrane Sheet
100
AcDbPolyline
 90
        5
 70
     0
 43
0.0
 10
28876.43857827061
 20
18510.09999999998
 10
27796.43857827061
 20
18510.09999999998
 10
27796.43857827061
 20
20259.09999999998
 10
28876.43857827061
 20
20259.09999999998
 10
28876.43857827061
 20
18510.09999999998
  0
TEXT
  5
D6E
330
23
100
AcDbEntity
  8
KC-2B HHITABLE
100
AcDbText
 10
43026.8111380733
 20
30805.09999999986
 30
0.0
 40
240.0
  1
NUMBER OF MEMBRANE : 85
  7
Default
 72
     1
 11
45160.78024485637
 21
30925.09999999986
 31
0.0
100
AcDbText
 73
     2
  0
LINE
  5
D6F
330
23
100
AcDbEntity
  8
0
 62
     1
100
AcDbLine
 10
24916.43857827072
 20
19564.508663791
 30
0.0
 11
25611.02991447959
 21
20259.09999999986
 31
0.0
1001
GradientColor1ACI
1070
     5
1001
GradientColor2ACI
1070
     2
1001
ACAD
1010
0.0
1020
0.0
1030
0.0
  0
LINE
  5
D70
330
23
100
AcDbEntity
  8
0
 62
     1
100
AcDbLine
 10
24916.43857827072
 20
18846.08817410551
 30
0.0
 11
26329.45040416508
 21
20259.09999999986
 31
0.0
1001
GradientColor1ACI
1070
     5
1001
GradientColor2ACI
1070
     2
1001
ACAD
1010
0.0
1020
0.0
1030
0.0
  0
LINE
  5
D71
330
23
100
AcDbEntity
  8
0
 62
     1
100
AcDbLine
 10
24916.43857827072
 20
18127.66768442001
 30
0.0
 11
27047.87089385069
 21
20259.09999999986
 31
0.0
1001
GradientColor1ACI
1070
     5
1001
GradientColor2ACI
1070
     2
1001
ACAD
1010
0.0
1020
0.0
1030
0.0
  0
LINE
  5
D72
330
23
100
AcDbEntity
  8
0
 62
     1
100
AcDbLine
 10
24916.43857827072
 20
17409.2471947344
 30
0.0
 11
27766.29138353618
 21
20259.09999999986
 31
0.0
1001
GradientColor1ACI
1070
     5
1001
GradientColor2ACI
1070
     2
1001
ACAD
1010
0.0
1020
0.0
1030
0.0
  0
LINE
  5
D73
330
23
100
AcDbEntity
  8
0
 62
     1
100
AcDbLine
 10
24916.43857827072
 20
16690.82670504891
 30
0.0
 11
28484.71187322168
 21
20259.09999999986
 31
0.0
1001
GradientColor1ACI
1070
     5
1001
GradientColor2ACI
1070
     2
1001
ACAD
1010
0.0
1020
0.0
1030
0.0
  0
LINE
  5
D74
330
23
100
AcDbEntity
  8
0
 62
     1
100
AcDbLine
 10
24916.43857827072
 20
15972.40621536341
 30
0.0
 11
28876.43857827072
 21
19932.4062153633
 31
0.0
1001
GradientColor1ACI
1070
     5
1001
GradientColor2ACI
1070
     2
1001
ACAD
1010
0.0
1020
0.0
1030
0.0
  0
LINE
  5
D75
330
23
100
AcDbEntity
  8
0
 62
     1
100
AcDbLine
 10
25292.55285259266
 20
15630.09999999974
 30
0.0
 11
28876.43857827072
 21
19213.98572567781
 31
0.0
1001
GradientColor1ACI
1070
     5
1001
GradientColor2ACI
1070
     2
1001
ACAD
1010
0.0
1020
0.0
1030
0.0
  0
LINE
  5
D76
330
23
100
AcDbEntity
  8
0
 62
     1
100
AcDbLine
 10
26010.97334227816
 20
15630.09999999974
 30
0.0
 11
28876.43857827061
 21
18495.5652359922
 31
0.0
1001
GradientColor1ACI
1070
     5
1001
GradientColor2ACI
1070
     2
1001
ACAD
1010
0.0
1020
0.0
1030
0.0
  0
LINE
  5
D77
330
23
100
AcDbEntity
  8
0
 62
     1
100
AcDbLine
 10
26729.39383196365
 20
15630.09999999974
 30
0.0
 11
28876.43857827072
 21
17777.14474630682
 31
0.0
1001
GradientColor1ACI
1070
     5
1001
GradientColor2ACI
1070
     2
1001
ACAD
1010
0.0
1020
0.0
1030
0.0
  0
LINE
  5
D78
330
23
100
AcDbEntity
  8
0
 62
     1
100
AcDbLine
 10
27447.81432164926
 20
15630.09999999974
 30
0.0
 11
28876.43857827072
 21
17058.72425662121
 31
0.0
1001
GradientColor1ACI
1070
     5
1001
GradientColor2ACI
1070
     2
1001
ACAD
1010
0.0
1020
0.0
1030
0.0
  0
LINE
  5
D79
330
23
100
AcDbEntity
  8
0
 62
     1
100
AcDbLine
 10
28166.23481133475
 20
15630.09999999974
 30
0.0
 11
28876.43857827061
 21
16340.3037669356
 31
0.0
1001
GradientColor1ACI
1070
     5
1001
GradientColor2ACI
1070
     2
1001
ACAD
1010
0.0
1020
0.0
1030
0.0
  0
LINE
  5
D7A
330
23
100
AcDbEntity
  8
0
 62
     1
100
AcDbLine
 10
24920.07703477819
 20
19927.35720998398
 30
0.0
 11
25099.6821571996
 21
20106.96233240538
 31
0.0
1001
GradientColor1ACI
1070
     5
1001
GradientColor2ACI
1070
     2
1001
ACAD
1010
0.0
1020
0.0
1030
0.0
  0
LINE
  5
D7B
330
23
100
AcDbEntity
  8
0
 62
     1
100
AcDbLine
 10
25189.4847184103
 20
20196.76489361608
 30
0.0
 11
25251.81982479396
 21
20259.09999999974
 31
0.0
1001
GradientColor1ACI
1070
     5
1001
GradientColor2ACI
1070
     2
1001
ACAD
1010
0.0
1020
0.0
1030
0.0
  0
LINE
  5
D7C
330
23
100
AcDbEntity
  8
0
 62
     1
100
AcDbLine
 10
25009.8795959889
 20
19298.7392815093
 30
0.0
 11
25189.4847184103
 21
19478.34440393071
 31
0.0
1001
GradientColor1ACI
1070
     5
1001
GradientColor2ACI
1070
     2
1001
ACAD
1010
0.0
1020
0.0
1030
0.0
  0
LINE
  5
D7D
330
23
100
AcDbEntity
  8
0
  6
Continuous
 62
     1
370
     0
100
AcDbLine
 10
25279.287279621
 20
19568.14696514141
 30
0.0
 11
25458.8924020424
 21
19747.75208756281
 31
0.0
1001
GradientColor1ACI
1070
     5
1001
GradientColor2ACI
1070
     2
1001
ACAD
1010
0.0
1020
0.0
1030
0.0
  0
LINE
  5
D7E
330
23
100
AcDbEntity
  8
0
 62
     1
100
AcDbLine
 10
25548.6949632531
 20
19837.55464877351
 30
0.0
 11
25728.30008567451
 21
20017.15977119491
 31
0.0
1001
GradientColor1ACI
1070
     5
1001
GradientColor2ACI
1070
     2
1001
ACAD
1010
0.0
1020
0.0
1030
0.0
  0
LINE
  5
D7F
330
23
100
AcDbEntity
  8
0
 62
     1
100
AcDbLine
 10
25818.10264688521
 20
20106.96233240562
 30
0.0
 11
25970.24031447957
 21
20259.09999999998
 31
0.0
1001
GradientColor1ACI
1070
     5
1001
GradientColor2ACI
1070
     2
1001
ACAD
1010
0.0
1020
0.0
1030
0.0
  0
LINE
  5
D80
330
23
100
AcDbEntity
  8
0
 62
     1
100
AcDbLine
 10
24916.43857827072
 20
18486.87777410552
 30
0.0
 11
25009.8795959889
 21
18580.31879182369
 31
0.0
1001
GradientColor1ACI
1070
     5
1001
GradientColor2ACI
1070
     2
1001
ACAD
1010
0.0
1020
0.0
1030
0.0
  0
LINE
  5
D81
330
23
100
AcDbEntity
  8
0
 62
     1
100
AcDbLine
 10
25099.6821571996
 20
18670.1213530344
 30
0.0
 11
25279.287279621
 21
18849.7264754558
 31
0.0
1001
GradientColor1ACI
1070
     5
1001
GradientColor2ACI
1070
     2
1001
ACAD
1010
0.0
1020
0.0
1030
0.0
  0
LINE
  5
D82
330
23
100
AcDbEntity
  8
0
 62
     1
100
AcDbLine
 10
25369.0898408317
 20
18939.5290366665
 30
0.0
 11
25548.6949632531
 21
19119.1341590879
 31
0.0
1001
GradientColor1ACI
1070
     5
1001
GradientColor2ACI
1070
     2
1001
ACAD
1010
0.0
1020
0.0
1030
0.0
  0
LINE
  5
D83
330
23
100
AcDbEntity
  8
0
 62
     1
100
AcDbLine
 10
25638.4975244638
 20
19208.9367202986
 30
0.0
 11
25818.10264688521
 21
19388.54184272001
 31
0.0
1001
GradientColor1ACI
1070
     5
1001
GradientColor2ACI
1070
     2
1001
ACAD
1010
0.0
1020
0.0
1030
0.0
  0
LINE
  5
D84
330
23
100
AcDbEntity
  8
0
 62
     1
100
AcDbLine
 10
25907.90520809591
 20
19478.34440393071
 30
0.0
 11
26087.51033051731
 21
19657.94952635211
 31
0.0
1001
GradientColor1ACI
1070
     5
1001
GradientColor2ACI
1070
     2
1001
ACAD
1010
0.0
1020
0.0
1030
0.0
  0
LINE
  5
D85
330
23
100
AcDbEntity
  8
0
 62
     1
100
AcDbLine
 10
26177.31289172801
 20
19747.75208756281
 30
0.0
 11
26356.91801414941
 21
19927.35720998421
 31
0.0
1001
GradientColor1ACI
1070
     5
1001
GradientColor2ACI
1070
     2
1001
ACAD
1010
0.0
1020
0.0
1030
0.0
  0
LINE
  5
D86
330
23
100
AcDbEntity
  8
0
 62
     1
100
AcDbLine
 10
26446.72057536012
 20
20017.15977119491
 30
0.0
 11
26626.32569778152
 21
20196.76489361632
 31
0.0
1001
GradientColor1ACI
1070
     5
1001
GradientColor2ACI
1070
     2
1001
ACAD
1010
0.0
1020
0.0
1030
0.0
  0
LINE
  5
D87
330
23
100
AcDbEntity
  8
0
 62
     1
100
AcDbLine
 10
24920.07703477819
 20
17772.09574092738
 30
0.0
 11
25099.6821571996
 21
17951.70086334879
 31
0.0
1001
GradientColor1ACI
1070
     5
1001
GradientColor2ACI
1070
     2
1001
ACAD
1010
0.0
1020
0.0
1030
0.0
  0
LINE
  5
D88
330
23
100
AcDbEntity
  8
0
 62
     1
100
AcDbLine
 10
25189.4847184103
 20
18041.50342455949
 30
0.0
 11
25369.0898408317
 21
18221.10854698089
 31
0.0
1001
GradientColor1ACI
1070
     5
1001
GradientColor2ACI
1070
     2
1001
ACAD
1010
0.0
1020
0.0
1030
0.0
  0
LINE
  5
D89
330
23
100
AcDbEntity
  8
0
 62
     1
100
AcDbLine
 10
25458.8924020424
 20
18310.91110819159
 30
0.0
 11
25638.4975244638
 21
18490.51623061299
 31
0.0
1001
GradientColor1ACI
1070
     5
1001
GradientColor2ACI
1070
     2
1001
ACAD
1010
0.0
1020
0.0
1030
0.0
  0
LINE
  5
D8A
330
23
100
AcDbEntity
  8
0
 62
     1
100
AcDbLine
 10
25728.30008567451
 20
18580.31879182369
 30
0.0
 11
25907.90520809591
 21
18759.9239142451
 31
0.0
1001
GradientColor1ACI
1070
     5
1001
GradientColor2ACI
1070
     2
1001
ACAD
1010
0.0
1020
0.0
1030
0.0
  0
LINE
  5
D8B
330
23
100
AcDbEntity
  8
0
 62
     1
100
AcDbLine
 10
25997.70776930661
 20
18849.7264754558
 30
0.0
 11
26177.31289172801
 21
19029.3315978772
 31
0.0
1001
GradientColor1ACI
1070
     5
1001
GradientColor2ACI
1070
     2
1001
ACAD
1010
0.0
1020
0.0
1030
0.0
  0
LINE
  5
D8C
330
23
100
AcDbEntity
  8
0
 62
     1
100
AcDbLine
 10
26267.11545293871
 20
19119.1341590879
 30
0.0
 11
26446.72057536012
 21
19298.7392815093
 31
0.0
1001
GradientColor1ACI
1070
     5
1001
GradientColor2ACI
1070
     2
1001
ACAD
1010
0.0
1020
0.0
1030
0.0
  0
LINE
  5
D8D
330
23
100
AcDbEntity
  8
0
 62
     1
100
AcDbLine
 10
26536.52313657082
 20
19388.54184272001
 30
0.0
 11
26716.12825899222
 21
19568.14696514141
 31
0.0
1001
GradientColor1ACI
1070
     5
1001
GradientColor2ACI
1070
     2
1001
ACAD
1010
0.0
1020
0.0
1030
0.0
  0
LINE
  5
D8E
330
23
100
AcDbEntity
  8
0
 62
     1
100
AcDbLine
 10
26805.93082020292
 20
19657.94952635211
 30
0.0
 11
26985.53594262432
 21
19837.55464877351
 31
0.0
1001
GradientColor1ACI
1070
     5
1001
GradientColor2ACI
1070
     2
1001
ACAD
1010
0.0
1020
0.0
1030
0.0
  0
LINE
  5
D8F
330
23
100
AcDbEntity
  8
0
 62
     1
100
AcDbLine
 10
27075.33850383502
 20
19927.35720998421
 30
0.0
 11
27254.94362625643
 21
20106.96233240562
 31
0.0
1001
GradientColor1ACI
1070
     5
1001
GradientColor2ACI
1070
     2
1001
ACAD
1010
0.0
1020
0.0
1030
0.0
  0
LINE
  5
D90
330
23
100
AcDbEntity
  8
0
 62
     1
100
AcDbLine
 10
27344.74618746713
 20
20196.76489361632
 30
0.0
 11
27407.08129385079
 21
20259.09999999998
 31
0.0
1001
GradientColor1ACI
1070
     5
1001
GradientColor2ACI
1070
     2
1001
ACAD
1010
0.0
1020
0.0
1030
0.0
  0
LINE
  5
D91
330
23
100
AcDbEntity
  8
0
  6
Continuous
370
     0
100
AcDbLine
 10
24916.43857827084
 20
17050.03679473442
 30
0.0
 11
24920.07703477831
 21
17053.67525124189
 31
0.0
1001
GradientColor1ACI
1070
     5
1001
GradientColor2ACI
1070
     2
1001
ACAD
1010
0.0
1020
0.0
1030
0.0
  0
LINE
  5
D92
330
23
100
AcDbEntity
  8
0
 62
     1
100
AcDbLine
 10
25009.87959598901
 20
17143.47781245259
 30
0.0
 11
25189.48471841041
 21
17323.08293487399
 31
0.0
1001
GradientColor1ACI
1070
     5
1001
GradientColor2ACI
1070
     2
1001
ACAD
1010
0.0
1020
0.0
1030
0.0
  0
LINE
  5
D93
330
23
100
AcDbEntity
  8
0
 62
     1
100
AcDbLine
 10
25279.28727962112
 20
17412.88549608469
 30
0.0
 11
25458.89240204252
 21
17592.4906185061
 31
0.0
1001
GradientColor1ACI
1070
     5
1001
GradientColor2ACI
1070
     2
1001
ACAD
1010
0.0
1020
0.0
1030
0.0
  0
LINE
  5
D94
330
23
100
AcDbEntity
  8
0
 62
     1
100
AcDbLine
 10
25548.69496325322
 20
17682.2931797168
 30
0.0
 11
25728.30008567462
 21
17861.8983021382
 31
0.0
1001
GradientColor1ACI
1070
     5
1001
GradientColor2ACI
1070
     2
1001
ACAD
1010
0.0
1020
0.0
1030
0.0
  0
LINE
  5
D95
330
23
100
AcDbEntity
  8
0
 62
     1
100
AcDbLine
 10
25818.10264688532
 20
17951.7008633489
 30
0.0
 11
25997.70776930673
 21
18131.3059857703
 31
0.0
1001
GradientColor1ACI
1070
     5
1001
GradientColor2ACI
1070
     2
1001
ACAD
1010
0.0
1020
0.0
1030
0.0
  0
LINE
  5
D96
330
23
100
AcDbEntity
  8
0
 62
     1
100
AcDbLine
 10
26087.51033051743
 20
18221.10854698101
 30
0.0
 11
26267.11545293883
 21
18400.71366940241
 31
0.0
1001
GradientColor1ACI
1070
     5
1001
GradientColor2ACI
1070
     2
1001
ACAD
1010
0.0
1020
0.0
1030
0.0
  0
LINE
  5
D97
330
23
100
AcDbEntity
  8
0
 62
     1
100
AcDbLine
 10
26356.91801414953
 20
18490.51623061311
 30
0.0
 11
26536.52313657093
 21
18670.12135303451
 31
0.0
1001
GradientColor1ACI
1070
     5
1001
GradientColor2ACI
1070
     2
1001
ACAD
1010
0.0
1020
0.0
1030
0.0
  0
LINE
  5
D98
330
23
100
AcDbEntity
  8
0
 62
     1
100
AcDbLine
 10
26626.32569778163
 20
18759.92391424521
 30
0.0
 11
26805.93082020304
 21
18939.52903666662
 31
0.0
1001
GradientColor1ACI
1070
     5
1001
GradientColor2ACI
1070
     2
1001
ACAD
1010
0.0
1020
0.0
1030
0.0
  0
LINE
  5
D99
330
23
100
AcDbEntity
  8
0
 62
     1
100
AcDbLine
 10
26895.73338141374
 20
19029.33159787732
 30
0.0
 11
27075.33850383514
 21
19208.93672029872
 31
0.0
1001
GradientColor1ACI
1070
     5
1001
GradientColor2ACI
1070
     2
1001
ACAD
1010
0.0
1020
0.0
1030
0.0
  0
LINE
  5
D9A
330
23
100
AcDbEntity
  8
0
 62
     1
100
AcDbLine
 10
27165.14106504584
 20
19298.73928150942
 30
0.0
 11
27344.74618746724
 21
19478.34440393082
 31
0.0
1001
GradientColor1ACI
1070
     5
1001
GradientColor2ACI
1070
     2
1001
ACAD
1010
0.0
1020
0.0
1030
0.0
  0
LINE
  5
D9B
330
23
100
AcDbEntity
  8
0
 62
     1
100
AcDbLine
 10
27434.54874867795
 20
19568.14696514152
 30
0.0
 11
27614.15387109935
 21
19747.75208756293
 31
0.0
1001
GradientColor1ACI
1070
     5
1001
GradientColor2ACI
1070
     2
1001
ACAD
1010
0.0
1020
0.0
1030
0.0
  0
LINE
  5
D9C
330
23
100
AcDbEntity
  8
0
 62
     1
100
AcDbLine
 10
27703.95643231005
 20
19837.55464877363
 30
0.0
 11
27883.56155473145
 21
20017.15977119503
 31
0.0
1001
GradientColor1ACI
1070
     5
1001
GradientColor2ACI
1070
     2
1001
ACAD
1010
0.0
1020
0.0
1030
0.0
  0
LINE
  5
D9D
330
23
100
AcDbEntity
  8
0
 62
     1
100
AcDbLine
 10
27973.36411594215
 20
20106.96233240573
 30
0.0
 11
28125.50178353651
 21
20259.10000000009
 31
0.0
1001
GradientColor1ACI
1070
     5
1001
GradientColor2ACI
1070
     2
1001
ACAD
1010
0.0
1020
0.0
1030
0.0
  0
LINE
  5
D9E
330
23
100
AcDbEntity
  8
0
 62
     1
100
AcDbLine
 10
24916.43857827072
 20
16331.61630504893
 30
0.0
 11
25009.8795959889
 21
16425.0573227671
 31
0.0
1001
GradientColor1ACI
1070
     5
1001
GradientColor2ACI
1070
     2
1001
ACAD
1010
0.0
1020
0.0
1030
0.0
  0
LINE
  5
D9F
330
23
100
AcDbEntity
  8
0
 62
     1
100
AcDbLine
 10
25099.6821571996
 20
16514.8598839778
 30
0.0
 11
25279.287279621
 21
16694.4650063992
 31
0.0
1001
GradientColor1ACI
1070
     5
1001
GradientColor2ACI
1070
     2
1001
ACAD
1010
0.0
1020
0.0
1030
0.0
  0
LINE
  5
DA0
330
23
100
AcDbEntity
  8
0
 62
     1
100
AcDbLine
 10
25369.0898408317
 20
16784.2675676099
 30
0.0
 11
25548.6949632531
 21
16963.8726900313
 31
0.0
1001
GradientColor1ACI
1070
     5
1001
GradientColor2ACI
1070
     2
1001
ACAD
1010
0.0
1020
0.0
1030
0.0
  0
LINE
  5
DA1
330
23
100
AcDbEntity
  8
0
 62
     1
100
AcDbLine
 10
25638.4975244638
 20
17053.67525124201
 30
0.0
 11
25818.10264688521
 21
17233.28037366341
 31
0.0
1001
GradientColor1ACI
1070
     5
1001
GradientColor2ACI
1070
     2
1001
ACAD
1010
0.0
1020
0.0
1030
0.0
  0
LINE
  5
DA2
330
23
100
AcDbEntity
  8
0
 62
     1
100
AcDbLine
 10
25907.90520809591
 20
17323.08293487411
 30
0.0
 11
26087.51033051731
 21
17502.68805729551
 31
0.0
1001
GradientColor1ACI
1070
     5
1001
GradientColor2ACI
1070
     2
1001
ACAD
1010
0.0
1020
0.0
1030
0.0
  0
LINE
  5
DA3
330
23
100
AcDbEntity
  8
0
 62
     1
100
AcDbLine
 10
26177.31289172801
 20
17592.49061850621
 30
0.0
 11
26356.91801414941
 21
17772.09574092762
 31
0.0
1001
GradientColor1ACI
1070
     5
1001
GradientColor2ACI
1070
     2
1001
ACAD
1010
0.0
1020
0.0
1030
0.0
  0
LINE
  5
DA4
330
23
100
AcDbEntity
  8
0
 62
     1
100
AcDbLine
 10
26446.72057536012
 20
17861.89830213832
 30
0.0
 11
26626.32569778152
 21
18041.50342455972
 31
0.0
1001
GradientColor1ACI
1070
     5
1001
GradientColor2ACI
1070
     2
1001
ACAD
1010
0.0
1020
0.0
1030
0.0
  0
LINE
  5
DA5
330
23
100
AcDbEntity
  8
0
 62
     1
100
AcDbLine
 10
26716.12825899222
 20
18131.30598577042
 30
0.0
 11
26895.73338141362
 21
18310.91110819182
 31
0.0
1001
GradientColor1ACI
1070
     5
1001
GradientColor2ACI
1070
     2
1001
ACAD
1010
0.0
1020
0.0
1030
0.0
  0
LINE
  5
DA6
330
23
100
AcDbEntity
  8
0
 62
     1
100
AcDbLine
 10
26985.53594262432
 20
18400.71366940252
 30
0.0
 11
27165.14106504573
 21
18580.31879182393
 31
0.0
1001
GradientColor1ACI
1070
     5
1001
GradientColor2ACI
1070
     2
1001
ACAD
1010
0.0
1020
0.0
1030
0.0
  0
LINE
  5
DA7
330
23
100
AcDbEntity
  8
0
 62
     1
100
AcDbLine
 10
27254.94362625643
 20
18670.12135303463
 30
0.0
 11
27434.54874867783
 21
18849.72647545603
 31
0.0
1001
GradientColor1ACI
1070
     5
1001
GradientColor2ACI
1070
     2
1001
ACAD
1010
0.0
1020
0.0
1030
0.0
  0
LINE
  5
DA8
330
23
100
AcDbEntity
  8
0
 62
     1
100
AcDbLine
 10
27524.35130988853
 20
18939.52903666673
 30
0.0
 11
27703.95643230993
 21
19119.13415908813
 31
0.0
1001
GradientColor1ACI
1070
     5
1001
GradientColor2ACI
1070
     2
1001
ACAD
1010
0.0
1020
0.0
1030
0.0
  0
LINE
  5
DA9
330
23
100
AcDbEntity
  8
0
 62
     1
100
AcDbLine
 10
27793.75899352063
 20
19208.93672029884
 30
0.0
 11
27973.36411594204
 21
19388.54184272024
 31
0.0
1001
GradientColor1ACI
1070
     5
1001
GradientColor2ACI
1070
     2
1001
ACAD
1010
0.0
1020
0.0
1030
0.0
  0
LINE
  5
DAA
330
23
100
AcDbEntity
  8
0
 62
     1
100
AcDbLine
 10
28063.16667715274
 20
19478.34440393094
 30
0.0
 11
28242.77179957414
 21
19657.94952635234
 31
0.0
1001
GradientColor1ACI
1070
     5
1001
GradientColor2ACI
1070
     2
1001
ACAD
1010
0.0
1020
0.0
1030
0.0
  0
LINE
  5
DAB
330
23
100
AcDbEntity
  8
0
 62
     1
100
AcDbLine
 10
28332.57436078484
 20
19747.75208756304
 30
0.0
 11
28512.17948320624
 21
19927.35720998445
 31
0.0
1001
GradientColor1ACI
1070
     5
1001
GradientColor2ACI
1070
     2
1001
ACAD
1010
0.0
1020
0.0
1030
0.0
  0
LINE
  5
DAC
330
23
100
AcDbEntity
  8
0
 62
     1
100
AcDbLine
 10
28601.98204441695
 20
20017.15977119515
 30
0.0
 11
28781.58716683835
 21
20196.76489361655
 31
0.0
1001
GradientColor1ACI
1070
     5
1001
GradientColor2ACI
1070
     2
1001
ACAD
1010
0.0
1020
0.0
1030
0.0
  0
LINE
  5
DAD
330
23
100
AcDbEntity
  8
0
 62
     1
100
AcDbLine
 10
24933.34276290704
 20
15630.09999999974
 30
0.0
 11
25099.6821571996
 21
15796.43939429231
 31
0.0
1001
GradientColor1ACI
1070
     5
1001
GradientColor2ACI
1070
     2
1001
ACAD
1010
0.0
1020
0.0
1030
0.0
  0
LINE
  5
DAE
330
23
100
AcDbEntity
  8
0
 62
     1
100
AcDbLine
 10
25189.4847184103
 20
15886.24195550301
 30
0.0
 11
25369.0898408317
 21
16065.84707792441
 31
0.0
1001
GradientColor1ACI
1070
     5
1001
GradientColor2ACI
1070
     2
1001
ACAD
1010
0.0
1020
0.0
1030
0.0
  0
LINE
  5
DAF
330
23
100
AcDbEntity
  8
0
 62
     1
100
AcDbLine
 10
25458.8924020424
 20
16155.64963913511
 30
0.0
 11
25638.4975244638
 21
16335.25476155651
 31
0.0
1001
GradientColor1ACI
1070
     5
1001
GradientColor2ACI
1070
     2
1001
ACAD
1010
0.0
1020
0.0
1030
0.0
  0
LINE
  5
DB0
330
23
100
AcDbEntity
  8
0
 62
     1
100
AcDbLine
 10
25728.30008567451
 20
16425.05732276721
 30
0.0
 11
25907.90520809591
 21
16604.66244518862
 31
0.0
1001
GradientColor1ACI
1070
     5
1001
GradientColor2ACI
1070
     2
1001
ACAD
1010
0.0
1020
0.0
1030
0.0
  0
LINE
  5
DB1
330
23
100
AcDbEntity
  8
0
 62
     1
100
AcDbLine
 10
25997.70776930661
 20
16694.46500639932
 30
0.0
 11
26177.31289172801
 21
16874.07012882072
 31
0.0
1001
GradientColor1ACI
1070
     5
1001
GradientColor2ACI
1070
     2
1001
ACAD
1010
0.0
1020
0.0
1030
0.0
  0
LINE
  5
DB2
330
23
100
AcDbEntity
  8
0
 62
     1
100
AcDbLine
 10
26267.11545293871
 20
16963.87269003142
 30
0.0
 11
26446.72057536012
 21
17143.47781245282
 31
0.0
1001
GradientColor1ACI
1070
     5
1001
GradientColor2ACI
1070
     2
1001
ACAD
1010
0.0
1020
0.0
1030
0.0
  0
LINE
  5
DB3
330
23
100
AcDbEntity
  8
0
 62
     1
100
AcDbLine
 10
26536.52313657082
 20
17233.28037366353
 30
0.0
 11
26716.12825899222
 21
17412.88549608493
 31
0.0
1001
GradientColor1ACI
1070
     5
1001
GradientColor2ACI
1070
     2
1001
ACAD
1010
0.0
1020
0.0
1030
0.0
  0
LINE
  5
DB4
330
23
100
AcDbEntity
  8
0
 62
     1
100
AcDbLine
 10
26805.93082020292
 20
17502.68805729563
 30
0.0
 11
26985.53594262432
 21
17682.29317971703
 31
0.0
1001
GradientColor1ACI
1070
     5
1001
GradientColor2ACI
1070
     2
1001
ACAD
1010
0.0
1020
0.0
1030
0.0
  0
LINE
  5
DB5
330
23
100
AcDbEntity
  8
0
 62
     1
100
AcDbLine
 10
27075.33850383502
 20
17772.09574092773
 30
0.0
 11
27254.94362625643
 21
17951.70086334914
 31
0.0
1001
GradientColor1ACI
1070
     5
1001
GradientColor2ACI
1070
     2
1001
ACAD
1010
0.0
1020
0.0
1030
0.0
  0
LINE
  5
DB6
330
23
100
AcDbEntity
  8
0
 62
     1
100
AcDbLine
 10
27344.74618746713
 20
18041.50342455984
 30
0.0
 11
27524.35130988853
 21
18221.10854698124
 31
0.0
1001
GradientColor1ACI
1070
     5
1001
GradientColor2ACI
1070
     2
1001
ACAD
1010
0.0
1020
0.0
1030
0.0
  0
LINE
  5
DB7
330
23
100
AcDbEntity
  8
0
 62
     1
100
AcDbLine
 10
27614.15387109923
 20
18310.91110819194
 30
0.0
 11
27793.75899352063
 21
18490.51623061334
 31
0.0
1001
GradientColor1ACI
1070
     5
1001
GradientColor2ACI
1070
     2
1001
ACAD
1010
0.0
1020
0.0
1030
0.0
  0
LINE
  5
DB8
330
23
100
AcDbEntity
  8
0
 62
     1
100
AcDbLine
 10
27883.56155473134
 20
18580.31879182404
 30
0.0
 11
28063.16667715274
 21
18759.92391424545
 31
0.0
1001
GradientColor1ACI
1070
     5
1001
GradientColor2ACI
1070
     2
1001
ACAD
1010
0.0
1020
0.0
1030
0.0
  0
LINE
  5
DB9
330
23
100
AcDbEntity
  8
0
 62
     1
100
AcDbLine
 10
28152.96923836344
 20
18849.72647545615
 30
0.0
 11
28332.57436078484
 21
19029.33159787755
 31
0.0
1001
GradientColor1ACI
1070
     5
1001
GradientColor2ACI
1070
     2
1001
ACAD
1010
0.0
1020
0.0
1030
0.0
  0
LINE
  5
DBA
330
23
100
AcDbEntity
  8
0
 62
     1
100
AcDbLine
 10
28422.37692199554
 20
19119.13415908825
 30
0.0
 11
28601.98204441695
 21
19298.73928150965
 31
0.0
1001
GradientColor1ACI
1070
     5
1001
GradientColor2ACI
1070
     2
1001
ACAD
1010
0.0
1020
0.0
1030
0.0
  0
LINE
  5
DBB
330
23
100
AcDbEntity
  8
0
 62
     1
100
AcDbLine
 10
28691.78460562765
 20
19388.54184272035
 30
0.0
 11
28871.38972804905
 21
19568.14696514176
 31
0.0
1001
GradientColor1ACI
1070
     5
1001
GradientColor2ACI
1070
     2
1001
ACAD
1010
0.0
1020
0.0
1030
0.0
  0
LINE
  5
DBC
330
23
100
AcDbEntity
  8
0
 62
     1
100
AcDbLine
 10
25651.76325259265
 20
15630.09999999963
 30
0.0
 11
25728.30008567451
 21
15706.63683308149
 31
0.0
1001
GradientColor1ACI
1070
     5
1001
GradientColor2ACI
1070
     2
1001
ACAD
1010
0.0
1020
0.0
1030
0.0
  0
LINE
  5
DBD
330
23
100
AcDbEntity
  8
0
 62
     1
100
AcDbLine
 10
25818.10264688521
 20
15796.43939429219
 30
0.0
 11
25997.70776930661
 21
15976.04451671359
 31
0.0
1001
GradientColor1ACI
1070
     5
1001
GradientColor2ACI
1070
     2
1001
ACAD
1010
0.0
1020
0.0
1030
0.0
  0
LINE
  5
DBE
330
23
100
AcDbEntity
  8
0
 62
     1
100
AcDbLine
 10
26087.51033051731
 20
16065.84707792429
 30
0.0
 11
26267.11545293871
 21
16245.4522003457
 31
0.0
1001
GradientColor1ACI
1070
     5
1001
GradientColor2ACI
1070
     2
1001
ACAD
1010
0.0
1020
0.0
1030
0.0
  0
LINE
  5
DBF
330
23
100
AcDbEntity
  8
0
 62
     1
100
AcDbLine
 10
26356.91801414941
 20
16335.2547615564
 30
0.0
 11
26536.52313657082
 21
16514.8598839778
 31
0.0
1001
GradientColor1ACI
1070
     5
1001
GradientColor2ACI
1070
     2
1001
ACAD
1010
0.0
1020
0.0
1030
0.0
  0
LINE
  5
DC0
330
23
100
AcDbEntity
  8
0
 62
     1
100
AcDbLine
 10
26626.32569778152
 20
16604.6624451885
 30
0.0
 11
26805.93082020292
 21
16784.2675676099
 31
0.0
1001
GradientColor1ACI
1070
     5
1001
GradientColor2ACI
1070
     2
1001
ACAD
1010
0.0
1020
0.0
1030
0.0
  0
LINE
  5
DC1
330
23
100
AcDbEntity
  8
0
 62
     1
100
AcDbLine
 10
26895.73338141362
 20
16874.0701288206
 30
0.0
 11
27075.33850383502
 21
17053.67525124201
 31
0.0
1001
GradientColor1ACI
1070
     5
1001
GradientColor2ACI
1070
     2
1001
ACAD
1010
0.0
1020
0.0
1030
0.0
  0
LINE
  5
DC2
330
23
100
AcDbEntity
  8
0
 62
     1
100
AcDbLine
 10
27165.14106504573
 20
17143.47781245271
 30
0.0
 11
27344.74618746713
 21
17323.08293487411
 31
0.0
1001
GradientColor1ACI
1070
     5
1001
GradientColor2ACI
1070
     2
1001
ACAD
1010
0.0
1020
0.0
1030
0.0
  0
LINE
  5
DC3
330
23
100
AcDbEntity
  8
0
 62
     1
100
AcDbLine
 10
27434.54874867783
 20
17412.88549608481
 30
0.0
 11
27614.15387109923
 21
17592.49061850621
 31
0.0
1001
GradientColor1ACI
1070
     5
1001
GradientColor2ACI
1070
     2
1001
ACAD
1010
0.0
1020
0.0
1030
0.0
  0
LINE
  5
DC4
330
23
100
AcDbEntity
  8
0
 62
     1
100
AcDbLine
 10
27703.95643230993
 20
17682.29317971691
 30
0.0
 11
27883.56155473134
 21
17861.89830213832
 31
0.0
1001
GradientColor1ACI
1070
     5
1001
GradientColor2ACI
1070
     2
1001
ACAD
1010
0.0
1020
0.0
1030
0.0
  0
LINE
  5
DC5
330
23
100
AcDbEntity
  8
0
 62
     1
100
AcDbLine
 10
27973.36411594204
 20
17951.70086334902
 30
0.0
 11
28152.96923836344
 21
18131.30598577042
 31
0.0
1001
GradientColor1ACI
1070
     5
1001
GradientColor2ACI
1070
     2
1001
ACAD
1010
0.0
1020
0.0
1030
0.0
  0
LINE
  5
DC6
330
23
100
AcDbEntity
  8
0
 62
     1
100
AcDbLine
 10
28242.77179957414
 20
18221.10854698112
 30
0.0
 11
28422.37692199554
 21
18400.71366940252
 31
0.0
1001
GradientColor1ACI
1070
     5
1001
GradientColor2ACI
1070
     2
1001
ACAD
1010
0.0
1020
0.0
1030
0.0
  0
LINE
  5
DC7
330
23
100
AcDbEntity
  8
0
 62
     1
100
AcDbLine
 10
28512.17948320624
 20
18490.51623061323
 30
0.0
 11
28691.78460562765
 21
18670.12135303463
 31
0.0
1001
GradientColor1ACI
1070
     5
1001
GradientColor2ACI
1070
     2
1001
ACAD
1010
0.0
1020
0.0
1030
0.0
  0
LINE
  5
DC8
330
23
100
AcDbEntity
  8
0
 62
     1
100
AcDbLine
 10
28781.58716683835
 20
18759.92391424533
 30
0.0
 11
28876.43857827107
 21
18854.77532567806
 31
0.0
1001
GradientColor1ACI
1070
     5
1001
GradientColor2ACI
1070
     2
1001
ACAD
1010
0.0
1020
0.0
1030
0.0
  0
LINE
  5
DC9
330
23
100
AcDbEntity
  8
0
 62
     1
100
AcDbLine
 10
26446.72057536
 20
15706.6368330816
 30
0.0
 11
26626.3256977814
 21
15886.24195550301
 31
0.0
1001
GradientColor1ACI
1070
     5
1001
GradientColor2ACI
1070
     2
1001
ACAD
1010
0.0
1020
0.0
1030
0.0
  0
LINE
  5
DCA
330
23
100
AcDbEntity
  8
0
 62
     1
100
AcDbLine
 10
26716.1282589921
 20
15976.04451671371
 30
0.0
 11
26895.73338141351
 21
16155.64963913511
 31
0.0
1001
GradientColor1ACI
1070
     5
1001
GradientColor2ACI
1070
     2
1001
ACAD
1010
0.0
1020
0.0
1030
0.0
  0
LINE
  5
DCB
330
23
100
AcDbEntity
  8
0
 62
     1
100
AcDbLine
 10
26985.53594262421
 20
16245.45220034581
 30
0.0
 11
27165.14106504561
 21
16425.05732276721
 31
0.0
1001
GradientColor1ACI
1070
     5
1001
GradientColor2ACI
1070
     2
1001
ACAD
1010
0.0
1020
0.0
1030
0.0
  0
LINE
  5
DCC
330
23
100
AcDbEntity
  8
0
 62
     1
100
AcDbLine
 10
27254.94362625631
 20
16514.85988397792
 30
0.0
 11
27434.54874867771
 21
16694.46500639932
 31
0.0
1001
GradientColor1ACI
1070
     5
1001
GradientColor2ACI
1070
     2
1001
ACAD
1010
0.0
1020
0.0
1030
0.0
  0
LINE
  5
DCD
330
23
100
AcDbEntity
  8
0
 62
     1
100
AcDbLine
 10
27524.35130988841
 20
16784.26756761002
 30
0.0
 11
27703.95643230982
 21
16963.87269003142
 31
0.0
1001
GradientColor1ACI
1070
     5
1001
GradientColor2ACI
1070
     2
1001
ACAD
1010
0.0
1020
0.0
1030
0.0
  0
LINE
  5
DCE
330
23
100
AcDbEntity
  8
0
 62
     1
100
AcDbLine
 10
27793.75899352052
 20
17053.67525124212
 30
0.0
 11
27973.36411594192
 21
17233.28037366353
 31
0.0
1001
GradientColor1ACI
1070
     5
1001
GradientColor2ACI
1070
     2
1001
ACAD
1010
0.0
1020
0.0
1030
0.0
  0
LINE
  5
DCF
330
23
100
AcDbEntity
  8
0
 62
     1
100
AcDbLine
 10
28063.16667715262
 20
17323.08293487423
 30
0.0
 11
28242.77179957402
 21
17502.68805729563
 31
0.0
1001
GradientColor1ACI
1070
     5
1001
GradientColor2ACI
1070
     2
1001
ACAD
1010
0.0
1020
0.0
1030
0.0
  0
LINE
  5
DD0
330
23
100
AcDbEntity
  8
0
 62
     1
100
AcDbLine
 10
28332.57436078473
 20
17592.49061850633
 30
0.0
 11
28512.17948320613
 21
17772.09574092773
 31
0.0
1001
GradientColor1ACI
1070
     5
1001
GradientColor2ACI
1070
     2
1001
ACAD
1010
0.0
1020
0.0
1030
0.0
  0
LINE
  5
DD1
330
23
100
AcDbEntity
  8
0
 62
     1
100
AcDbLine
 10
28601.98204441683
 20
17861.89830213843
 30
0.0
 11
28781.58716683823
 21
18041.50342455984
 31
0.0
1001
GradientColor1ACI
1070
     5
1001
GradientColor2ACI
1070
     2
1001
ACAD
1010
0.0
1020
0.0
1030
0.0
  0
LINE
  5
DD2
330
23
100
AcDbEntity
  8
0
  6
Continuous
370
     0
100
AcDbLine
 10
28871.38972804893
 20
18131.30598577054
 30
0.0
 11
28876.43857827096
 21
18136.35483599256
 31
0.0
1001
GradientColor1ACI
1070
     5
1001
GradientColor2ACI
1070
     2
1001
ACAD
1010
0.0
1020
0.0
1030
0.0
  0
LINE
  5
DD3
330
23
100
AcDbEntity
  8
0
 62
     1
100
AcDbLine
 10
27088.60423196363
 20
15630.09999999974
 30
0.0
 11
27254.94362625619
 21
15796.43939429231
 31
0.0
1001
GradientColor1ACI
1070
     5
1001
GradientColor2ACI
1070
     2
1001
ACAD
1010
0.0
1020
0.0
1030
0.0
  0
LINE
  5
DD4
330
23
100
AcDbEntity
  8
0
 62
     1
100
AcDbLine
 10
27344.7461874669
 20
15886.24195550301
 30
0.0
 11
27524.3513098883
 21
16065.84707792441
 31
0.0
1001
GradientColor1ACI
1070
     5
1001
GradientColor2ACI
1070
     2
1001
ACAD
1010
0.0
1020
0.0
1030
0.0
  0
LINE
  5
DD5
330
23
100
AcDbEntity
  8
0
 62
     1
100
AcDbLine
 10
27614.153871099
 20
16155.64963913511
 30
0.0
 11
27793.7589935204
 21
16335.25476155651
 31
0.0
1001
GradientColor1ACI
1070
     5
1001
GradientColor2ACI
1070
     2
1001
ACAD
1010
0.0
1020
0.0
1030
0.0
  0
LINE
  5
DD6
330
23
100
AcDbEntity
  8
0
 62
     1
100
AcDbLine
 10
27883.5615547311
 20
16425.05732276721
 30
0.0
 11
28063.16667715251
 21
16604.66244518862
 31
0.0
1001
GradientColor1ACI
1070
     5
1001
GradientColor2ACI
1070
     2
1001
ACAD
1010
0.0
1020
0.0
1030
0.0
  0
LINE
  5
DD7
330
23
100
AcDbEntity
  8
0
 62
     1
100
AcDbLine
 10
28152.96923836321
 20
16694.46500639932
 30
0.0
 11
28332.57436078461
 21
16874.07012882072
 31
0.0
1001
GradientColor1ACI
1070
     5
1001
GradientColor2ACI
1070
     2
1001
ACAD
1010
0.0
1020
0.0
1030
0.0
  0
LINE
  5
DD8
330
23
100
AcDbEntity
  8
0
 62
     1
100
AcDbLine
 10
28422.37692199531
 20
16963.87269003142
 30
0.0
 11
28601.98204441671
 21
17143.47781245282
 31
0.0
1001
GradientColor1ACI
1070
     5
1001
GradientColor2ACI
1070
     2
1001
ACAD
1010
0.0
1020
0.0
1030
0.0
  0
LINE
  5
DD9
330
23
100
AcDbEntity
  8
0
 62
     1
100
AcDbLine
 10
28691.78460562741
 20
17233.28037366353
 30
0.0
 11
28871.38972804882
 21
17412.88549608493
 31
0.0
1001
GradientColor1ACI
1070
     5
1001
GradientColor2ACI
1070
     2
1001
ACAD
1010
0.0
1020
0.0
1030
0.0
  0
LINE
  5
DDA
330
23
100
AcDbEntity
  8
0
 62
     1
100
AcDbLine
 10
27807.02472164924
 20
15630.09999999963
 30
0.0
 11
27883.5615547311
 21
15706.63683308149
 31
0.0
1001
GradientColor1ACI
1070
     5
1001
GradientColor2ACI
1070
     2
1001
ACAD
1010
0.0
1020
0.0
1030
0.0
  0
LINE
  5
DDB
330
23
100
AcDbEntity
  8
0
 62
     1
100
AcDbLine
 10
27973.3641159418
 20
15796.43939429219
 30
0.0
 11
28152.96923836321
 21
15976.04451671359
 31
0.0
1001
GradientColor1ACI
1070
     5
1001
GradientColor2ACI
1070
     2
1001
ACAD
1010
0.0
1020
0.0
1030
0.0
  0
LINE
  5
DDC
330
23
100
AcDbEntity
  8
0
 62
     1
100
AcDbLine
 10
28242.77179957391
 20
16065.84707792429
 30
0.0
 11
28422.37692199531
 21
16245.4522003457
 31
0.0
1001
GradientColor1ACI
1070
     5
1001
GradientColor2ACI
1070
     2
1001
ACAD
1010
0.0
1020
0.0
1030
0.0
  0
LINE
  5
DDD
330
23
100
AcDbEntity
  8
0
 62
     1
100
AcDbLine
 10
28512.17948320601
 20
16335.2547615564
 30
0.0
 11
28691.78460562741
 21
16514.8598839778
 31
0.0
1001
GradientColor1ACI
1070
     5
1001
GradientColor2ACI
1070
     2
1001
ACAD
1010
0.0
1020
0.0
1030
0.0
  0
LINE
  5
DDE
330
23
100
AcDbEntity
  8
0
 62
     1
100
AcDbLine
 10
28781.58716683812
 20
16604.6624451885
 30
0.0
 11
28876.43857827084
 21
16699.51385662123
 31
0.0
1001
GradientColor1ACI
1070
     5
1001
GradientColor2ACI
1070
     2
1001
ACAD
1010
0.0
1020
0.0
1030
0.0
  0
LINE
  5
DDF
330
23
100
AcDbEntity
  8
0
 62
     1
100
AcDbLine
 10
28601.9820444166
 20
15706.6368330816
 30
0.0
 11
28781.587166838
 21
15886.24195550301
 31
0.0
1001
GradientColor1ACI
1070
     5
1001
GradientColor2ACI
1070
     2
1001
ACAD
1010
0.0
1020
0.0
1030
0.0
  0
LINE
  5
DE0
330
23
100
AcDbEntity
  8
0
  6
Continuous
370
     0
100
AcDbLine
 10
28871.3897280487
 20
15976.04451671371
 30
0.0
 11
28876.43857827072
 21
15981.09336693573
 31
0.0
1001
GradientColor1ACI
1070
     5
1001
GradientColor2ACI
1070
     2
1001
ACAD
1010
0.0
1020
0.0
1030
0.0
  0
LINE
  5
DF2
330
23
100
AcDbEntity
  8
0
 62
     1
100
AcDbLine
 10
24916.43857827061
 20
20259.09999999986
 30
0.0
 11
28876.43857827061
 21
20259.09999999986
 31
0.0
1001
GENIUS_GENREC_14
1002
{
1000
PYDIR
1011
24916.43857827061
1021
15630.09999999974
1031
0.0
1002
}
1002
{
1000
PXDIR
1011
28876.43857827061
1021
20259.09999999986
1031
0.0
1002
}
1002
{
1000
PORI
1011
24916.43857827061
1021
20259.09999999986
1031
0.0
1002
}
1002
{
1000
PINS
1011
24916.43857827061
1021
20259.09999999986
1031
0.0
1002
}
1002
{
1000
PINS2
1011
28876.43857827061
1021
15630.09999999974
1031
0.0
1002
}
1002
{
1000
C
1070
     1
1002
}
1001
GENIUS_GENOBJ-N-REC_13
1002
{
1000
OWNER
1000
GEN
1002
}
1001
GENIUS_GENODEF_13
1002
{
1000
HIER
1070
     0
1002
}
1002
{
1000
MANEDIT
1070
     0
1002
}
1002
{
1000
NOSEL
1070
     0
1002
}
1002
{
1000
BEHIND
1070
     0
1002
}
1002
{
1000
OTHER
1070
     0
1002
}
1002
{
1000
REACTOR
1002
}
  0
LINE
  5
DF3
330
23
100
AcDbEntity
  8
0
 62
     1
100
AcDbLine
 10
28876.43857827061
 20
20259.09999999986
 30
0.0
 11
28876.43857827061
 21
15630.09999999974
 31
0.0
1001
GENIUS_GENREC_14
1002
{
1000
PYDIR
1011
24916.43857827061
1021
15630.09999999974
1031
0.0
1002
}
1002
{
1000
PXDIR
1011
28876.43857827061
1021
20259.09999999986
1031
0.0
1002
}
1002
{
1000
PORI
1011
24916.43857827061
1021
20259.09999999986
1031
0.0
1002
}
1002
{
1000
PINS
1011
24916.43857827061
1021
20259.09999999986
1031
0.0
1002
}
1002
{
1000
PINS2
1011
28876.43857827061
1021
15630.09999999974
1031
0.0
1002
}
1002
{
1000
C
1070
     1
1002
}
1001
GENIUS_GENOBJ-N-REC_13
1002
{
1000
OWNER
1000
GEN
1002
}
1001
GENIUS_GENODEF_13
1002
{
1000
HIER
1070
     0
1002
}
1002
{
1000
MANEDIT
1070
     0
1002
}
1002
{
1000
NOSEL
1070
     0
1002
}
1002
{
1000
BEHIND
1070
     0
1002
}
1002
{
1000
OTHER
1070
     0
1002
}
1002
{
1000
REACTOR
1002
}
  0
LINE
  5
DF4
330
23
100
AcDbEntity
  8
0
 62
     1
100
AcDbLine
 10
28876.43857827061
 20
15630.09999999974
 30
0.0
 11
24916.43857827061
 21
15630.09999999974
 31
0.0
1001
GENIUS_GENREC_14
1002
{
1000
PYDIR
1011
24916.43857827061
1021
15630.09999999974
1031
0.0
1002
}
1002
{
1000
PXDIR
1011
28876.43857827061
1021
20259.09999999986
1031
0.0
1002
}
1002
{
1000
PORI
1011
24916.43857827061
1021
20259.09999999986
1031
0.0
1002
}
1002
{
1000
PINS
1011
24916.43857827061
1021
20259.09999999986
1031
0.0
1002
}
1002
{
1000
PINS2
1011
28876.43857827061
1021
15630.09999999974
1031
0.0
1002
}
1002
{
1000
C
1070
     1
1002
}
1001
GENIUS_GENOBJ-N-REC_13
1002
{
1000
OWNER
1000
GEN
1002
}
1001
GENIUS_GENODEF_13
1002
{
1000
HIER
1070
     0
1002
}
1002
{
1000
MANEDIT
1070
     0
1002
}
1002
{
1000
NOSEL
1070
     0
1002
}
1002
{
1000
BEHIND
1070
     0
1002
}
1002
{
1000
OTHER
1070
     0
1002
}
1002
{
1000
REACTOR
1002
}
  0
LINE
  5
DF5
330
23
100
AcDbEntity
  8
0
 62
     1
100
AcDbLine
 10
24916.43857827061
 20
15630.09999999974
 30
0.0
 11
24916.43857827061
 21
20259.09999999986
 31
0.0
1001
GENIUS_GENREC_14
1002
{
1000
PYDIR
1011
24916.43857827061
1021
15630.09999999974
1031
0.0
1002
}
1002
{
1000
PXDIR
1011
28876.43857827061
1021
20259.09999999986
1031
0.0
1002
}
1002
{
1000
PORI
1011
24916.43857827061
1021
20259.09999999986
1031
0.0
1002
}
1002
{
1000
PINS
1011
24916.43857827061
1021
20259.09999999986
1031
0.0
1002
}
1002
{
1000
PINS2
1011
28876.43857827061
1021
15630.09999999974
1031
0.0
1002
}
1002
{
1000
C
1070
     1
1002
}
1001
GENIUS_GENOBJ-N-REC_13
1002
{
1000
OWNER
1000
GEN
1002
}
1001
GENIUS_GENODEF_13
1002
{
1000
HIER
1070
     0
1002
}
1002
{
1000
MANEDIT
1070
     0
1002
}
1002
{
1000
NOSEL
1070
     0
1002
}
1002
{
1000
BEHIND
1070
     0
1002
}
1002
{
1000
OTHER
1070
     0
1002
}
1002
{
1000
REACTOR
1002
}
  0
LINE
  5
E04
330
23
100
AcDbEntity
  8
0
 62
     1
100
AcDbLine
 10
27996.43857827061
 20
19567.56310000003
 30
0.0
 11
25796.43857827061
 21
19567.56310000003
 31
0.0
1001
GENIUS_GENREC_14
1002
{
1000
PYDIR
1011
28146.43857827061
1021
16267.56310000003
1031
0.0
1002
}
1002
{
1000
PXDIR
1011
25629.93857827061
1021
19548.56310000003
1031
0.0
1002
}
1002
{
1000
PORI
1011
28146.43857827061
1021
19548.56310000003
1031
0.0
1002
}
1002
{
1000
PINS
1011
28146.43857827061
1021
19548.56310000003
1031
0.0
1002
}
1002
{
1000
PINS2
1011
25629.93857827061
1021
16267.56310000003
1031
0.0
1002
}
1002
{
1000
C
1070
     1
1002
}
1001
GENIUS_GENOBJ-N-REC_13
1002
{
1000
OWNER
1000
GEN
1002
}
1001
GENIUS_GENODEF_13
1002
{
1000
HIER
1070
     0
1002
}
1002
{
1000
MANEDIT
1070
     0
1002
}
1002
{
1000
NOSEL
1070
     0
1002
}
1002
{
1000
BEHIND
1070
     0
1002
}
1002
{
1000
OTHER
1070
     0
1002
}
1002
{
1000
REACTOR
1002
}
  0
ARC
  5
E05
330
23
100
AcDbEntity
  8
0
 62
     1
100
AcDbCircle
 10
25796.43857827061
 20
19417.56310000003
 30
0.0
 40
150.0
100
AcDbArc
 50
90.0
 51
180.0
1001
GENIUS_GENREC_14
1002
{
1000
PYDIR
1011
28146.43857827061
1021
16267.56310000003
1031
0.0
1002
}
1002
{
1000
PXDIR
1011
25629.93857827061
1021
19548.56310000003
1031
0.0
1002
}
1002
{
1000
PORI
1011
28146.43857827061
1021
19548.56310000003
1031
0.0
1002
}
1002
{
1000
PINS
1011
28146.43857827061
1021
19548.56310000003
1031
0.0
1002
}
1002
{
1000
PINS2
1011
25629.93857827061
1021
16267.56310000003
1031
0.0
1002
}
1002
{
1000
C
1070
     1
1002
}
1001
GENIUS_GENOBJ-N-REC_13
1002
{
1000
OWNER
1000
GEN
1002
}
1001
GENIUS_GENODEF_13
1002
{
1000
HIER
1070
     0
1002
}
1002
{
1000
MANEDIT
1070
     0
1002
}
1002
{
1000
NOSEL
1070
     0
1002
}
1002
{
1000
BEHIND
1070
     0
1002
}
1002
{
1000
OTHER
1070
     0
1002
}
1002
{
1000
REACTOR
1002
}
  0
LINE
  5
E06
330
23
100
AcDbEntity
  8
0
 62
     1
100
AcDbLine
 10
25646.43857827061
 20
19417.56310000003
 30
0.0
 11
25646.43857827061
 21
16417.56310000003
 31
0.0
1001
GENIUS_GENREC_14
1002
{
1000
PYDIR
1011
28146.43857827061
1021
16267.56310000003
1031
0.0
1002
}
1002
{
1000
PXDIR
1011
25629.93857827061
1021
19548.56310000003
1031
0.0
1002
}
1002
{
1000
PORI
1011
28146.43857827061
1021
19548.56310000003
1031
0.0
1002
}
1002
{
1000
PINS
1011
28146.43857827061
1021
19548.56310000003
1031
0.0
1002
}
1002
{
1000
PINS2
1011
25629.93857827061
1021
16267.56310000003
1031
0.0
1002
}
1002
{
1000
C
1070
     1
1002
}
1001
GENIUS_GENOBJ-N-REC_13
1002
{
1000
OWNER
1000
GEN
1002
}
1001
GENIUS_GENODEF_13
1002
{
1000
HIER
1070
     0
1002
}
1002
{
1000
MANEDIT
1070
     0
1002
}
1002
{
1000
NOSEL
1070
     0
1002
}
1002
{
1000
BEHIND
1070
     0
1002
}
1002
{
1000
OTHER
1070
     0
1002
}
1002
{
1000
REACTOR
1002
}
  0
ARC
  5
E07
330
23
100
AcDbEntity
  8
0
 62
     1
100
AcDbCircle
 10
25796.43857827061
 20
16417.56310000003
 30
0.0
 40
150.0
100
AcDbArc
 50
180.0
 51
270.0
1001
GENIUS_GENREC_14
1002
{
1000
PYDIR
1011
28146.43857827061
1021
16267.56310000003
1031
0.0
1002
}
1002
{
1000
PXDIR
1011
25629.93857827061
1021
19548.56310000003
1031
0.0
1002
}
1002
{
1000
PORI
1011
28146.43857827061
1021
19548.56310000003
1031
0.0
1002
}
1002
{
1000
PINS
1011
28146.43857827061
1021
19548.56310000003
1031
0.0
1002
}
1002
{
1000
PINS2
1011
25629.93857827061
1021
16267.56310000003
1031
0.0
1002
}
1002
{
1000
C
1070
     1
1002
}
1001
GENIUS_GENOBJ-N-REC_13
1002
{
1000
OWNER
1000
GEN
1002
}
1001
GENIUS_GENODEF_13
1002
{
1000
HIER
1070
     0
1002
}
1002
{
1000
MANEDIT
1070
     0
1002
}
1002
{
1000
NOSEL
1070
     0
1002
}
1002
{
1000
BEHIND
1070
     0
1002
}
1002
{
1000
OTHER
1070
     0
1002
}
1002
{
1000
REACTOR
1002
}
  0
LINE
  5
E08
330
23
100
AcDbEntity
  8
0
 62
     1
100
AcDbLine
 10
25796.43857827061
 20
16267.56310000003
 30
0.0
 11
27996.43857827061
 21
16267.56310000003
 31
0.0
1001
GENIUS_GENREC_14
1002
{
1000
PYDIR
1011
28146.43857827061
1021
16267.56310000003
1031
0.0
1002
}
1002
{
1000
PXDIR
1011
25629.93857827061
1021
19548.56310000003
1031
0.0
1002
}
1002
{
1000
PORI
1011
28146.43857827061
1021
19548.56310000003
1031
0.0
1002
}
1002
{
1000
PINS
1011
28146.43857827061
1021
19548.56310000003
1031
0.0
1002
}
1002
{
1000
PINS2
1011
25629.93857827061
1021
16267.56310000003
1031
0.0
1002
}
1002
{
1000
C
1070
     1
1002
}
1001
GENIUS_GENOBJ-N-REC_13
1002
{
1000
OWNER
1000
GEN
1002
}
1001
GENIUS_GENODEF_13
1002
{
1000
HIER
1070
     0
1002
}
1002
{
1000
MANEDIT
1070
     0
1002
}
1002
{
1000
NOSEL
1070
     0
1002
}
1002
{
1000
BEHIND
1070
     0
1002
}
1002
{
1000
OTHER
1070
     0
1002
}
1002
{
1000
REACTOR
1002
}
  0
ARC
  5
E09
330
23
100
AcDbEntity
  8
0
 62
     1
100
AcDbCircle
 10
27996.43857827061
 20
16417.56310000003
 30
0.0
 40
150.0
100
AcDbArc
 50
270.0
 51
0.0
1001
GENIUS_GENREC_14
1002
{
1000
PYDIR
1011
28146.43857827061
1021
16267.56310000003
1031
0.0
1002
}
1002
{
1000
PXDIR
1011
25629.93857827061
1021
19548.56310000003
1031
0.0
1002
}
1002
{
1000
PORI
1011
28146.43857827061
1021
19548.56310000003
1031
0.0
1002
}
1002
{
1000
PINS
1011
28146.43857827061
1021
19548.56310000003
1031
0.0
1002
}
1002
{
1000
PINS2
1011
25629.93857827061
1021
16267.56310000003
1031
0.0
1002
}
1002
{
1000
C
1070
     1
1002
}
1001
GENIUS_GENOBJ-N-REC_13
1002
{
1000
OWNER
1000
GEN
1002
}
1001
GENIUS_GENODEF_13
1002
{
1000
HIER
1070
     0
1002
}
1002
{
1000
MANEDIT
1070
     0
1002
}
1002
{
1000
NOSEL
1070
     0
1002
}
1002
{
1000
BEHIND
1070
     0
1002
}
1002
{
1000
OTHER
1070
     0
1002
}
1002
{
1000
REACTOR
1002
}
  0
LINE
  5
E0A
330
23
100
AcDbEntity
  8
0
 62
     1
100
AcDbLine
 10
28146.43857827061
 20
16417.56310000003
 30
0.0
 11
28146.43857827061
 21
19417.56310000003
 31
0.0
1001
GENIUS_GENREC_14
1002
{
1000
PYDIR
1011
28146.43857827061
1021
16267.56310000003
1031
0.0
1002
}
1002
{
1000
PXDIR
1011
25629.93857827061
1021
19548.56310000003
1031
0.0
1002
}
1002
{
1000
PORI
1011
28146.43857827061
1021
19548.56310000003
1031
0.0
1002
}
1002
{
1000
PINS
1011
28146.43857827061
1021
19548.56310000003
1031
0.0
1002
}
1002
{
1000
PINS2
1011
25629.93857827061
1021
16267.56310000003
1031
0.0
1002
}
1002
{
1000
C
1070
     1
1002
}
1001
GENIUS_GENOBJ-N-REC_13
1002
{
1000
OWNER
1000
GEN
1002
}
1001
GENIUS_GENODEF_13
1002
{
1000
HIER
1070
     0
1002
}
1002
{
1000
MANEDIT
1070
     0
1002
}
1002
{
1000
NOSEL
1070
     0
1002
}
1002
{
1000
BEHIND
1070
     0
1002
}
1002
{
1000
OTHER
1070
     0
1002
}
1002
{
1000
REACTOR
1002
}
  0
ARC
  5
E0B
330
23
100
AcDbEntity
  8
0
 62
     1
100
AcDbCircle
 10
27996.43857827061
 20
19417.56310000003
 30
0.0
 40
150.0
100
AcDbArc
 50
0.0
 51
90.0
1001
GENIUS_GENREC_14
1002
{
1000
PYDIR
1011
28146.43857827061
1021
16267.56310000003
1031
0.0
1002
}
1002
{
1000
PXDIR
1011
25629.93857827061
1021
19548.56310000003
1031
0.0
1002
}
1002
{
1000
PORI
1011
28146.43857827061
1021
19548.56310000003
1031
0.0
1002
}
1002
{
1000
PINS
1011
28146.43857827061
1021
19548.56310000003
1031
0.0
1002
}
1002
{
1000
PINS2
1011
25629.93857827061
1021
16267.56310000003
1031
0.0
1002
}
1002
{
1000
C
1070
     1
1002
}
1001
GENIUS_GENOBJ-N-REC_13
1002
{
1000
OWNER
1000
GEN
1002
}
1001
GENIUS_GENODEF_13
1002
{
1000
HIER
1070
     0
1002
}
1002
{
1000
MANEDIT
1070
     0
1002
}
1002
{
1000
NOSEL
1070
     0
1002
}
1002
{
1000
BEHIND
1070
     0
1002
}
1002
{
1000
OTHER
1070
     0
1002
}
1002
{
1000
REACTOR
1002
}
  0
LINE
  5
E8D
330
23
100
AcDbEntity
  8
KC-2B Wall Name
100
AcDbLine
 10
7336.792035376129
 20
17070.09999999986
 30
0.0
 11
5547.292035376129
 21
17070.09999999986
 31
0.0
  0
LWPOLYLINE
  5
E8E
330
23
100
AcDbEntity
  8
KC-2B Wall Name
100
AcDbPolyline
 90
        3
 70
     1
 43
0.0
 10
-5547.292035376129
 20
17136.84999999986
 10
-5547.292035376129
 20
17003.34999999986
 10
-5149.792035376129
 20
17070.09999999986
210
0.0
220
0.0
230
-1.0
  0
HATCH
  5
E8F
330
23
100
AcDbEntity
  8
KC-2B Wall Name
100
AcDbHatch
 10
0.0
 20
0.0
 30
0.0
210
0.0
220
0.0
230
-1.0
  2
SLOPELINE
 70
     0
 71
     0
 91
        1
 92
        3
 72
     0
 73
     1
 93
        3
 10
-5547.292035376129
 20
17136.84999999986
 10
-5547.292035376129
 20
17003.34999999986
 10
-5149.792035376129
 20
17070.09999999986
 97
        0
 75
     0
 76
     2
 52
90.0
 41
0.75
 77
     0
 78
     1
 53
135.0
 43
509418.4840047796
 44
14910.09999999986
 45
-0.5303300858899107
 46
-0.5303300858899106
 79
     2
 49
75.0
 49
-0.0750000011175871
 98
        0
1001
ACAD
1010
345980.0
1020
20880.0
1030
0.0
  0
LINE
  5
E90
330
23
100
AcDbEntity
  8
KC-2B Wall Name
100
AcDbLine
 10
25096.43857827061
 20
22401.09112934163
 30
0.0
 11
25096.43857827061
 21
24190.59112934163
 31
0.0
  0
LINE
  5
E91
330
23
100
AcDbEntity
  8
KC-2B Wall Name
100
AcDbLine
 10
25029.68857827061
 20
24038.60686443956
 30
0.0
 11
25163.18857827061
 21
24038.60686443956
 31
0.0
  0
LINE
  5
E92
330
23
100
AcDbEntity
  8
KC-2B Wall Name
100
AcDbLine
 10
25163.18857827061
 20
24038.60686443956
 30
0.0
 11
25096.43857827061
 21
24436.10686443956
 31
0.0
  0
LINE
  5
E93
330
23
100
AcDbEntity
  8
KC-2B Wall Name
100
AcDbLine
 10
25096.43857827061
 20
24436.10686443956
 30
0.0
 11
25029.68857827061
 21
24038.60686443956
 31
0.0
  0
LINE
  5
E94
330
23
100
AcDbEntity
  8
KC-2B Wall Name
  6
Continuous
100
AcDbLine
 10
25096.35589322774
 20
24435.61447036406
 30
0.0
 11
25096.49748635443
 21
24435.75606349076
 31
0.0
1001
ACAD
1010
345980.0
1020
20880.0
1030
0.0
  0
LINE
  5
E95
330
23
100
AcDbEntity
  8
KC-2B Wall Name
  6
Continuous
100
AcDbLine
 10
25096.14183709328
 20
24434.33975405793
 30
0.0
 11
25096.46476513229
 21
24434.66268209694
 31
0.0
1001
ACAD
1010
345980.0
1020
20880.0
1030
0.0
  0
LINE
  5
E96
330
23
100
AcDbEntity
  8
KC-2B Wall Name
  6
Continuous
100
AcDbLine
 10
25096.51779814169
 20
24434.71571510634
 30
0.0
 11
25096.64998838236
 21
24434.84790534701
 31
0.0
1001
ACAD
1010
345980.0
1020
20880.0
1030
0.0
  0
LINE
  5
E97
330
23
100
AcDbEntity
  8
KC-2B Wall Name
  6
Continuous
100
AcDbLine
 10
25095.92778095882
 20
24433.06503775169
 30
0.0
 11
25096.80249041028
 21
24433.93974720314
 31
0.0
1001
ACAD
1010
345980.0
1020
20880.0
1030
0.0
  0
LINE
  5
E98
330
23
100
AcDbEntity
  8
KC-2B Wall Name
  6
Continuous
100
AcDbLine
 10
25095.71372482448
 20
24431.79032144544
 30
0.0
 11
25096.9549924382
 21
24433.03158905916
 31
0.0
1001
ACAD
1010
345980.0
1020
20880.0
1030
0.0
  0
LINE
  5
E99
330
23
100
AcDbEntity
  8
KC-2B Wall Name
  6
Continuous
100
AcDbLine
 10
25095.49966869003
 20
24430.5156051392
 30
0.0
 11
25097.10749446624
 21
24432.12343091541
 31
0.0
1001
ACAD
1010
345980.0
1020
20880.0
1030
0.0
  0
LINE
  5
E9A
330
23
100
AcDbEntity
  8
KC-2B Wall Name
  6
Continuous
100
AcDbLine
 10
25095.28561255557
 20
24429.24088883295
 30
0.0
 11
25097.25999649416
 21
24431.21527277154
 31
0.0
1001
ACAD
1010
345980.0
1020
20880.0
1030
0.0
  0
LINE
  5
E9B
330
23
100
AcDbEntity
  8
KC-2B Wall Name
  6
Continuous
100
AcDbLine
 10
25095.07155642111
 20
24427.96617252682
 30
0.0
 11
25097.41249852208
 21
24430.30711462779
 31
0.0
1001
ACAD
1010
345980.0
1020
20880.0
1030
0.0
  0
LINE
  5
E9C
330
23
100
AcDbEntity
  8
KC-2B Wall Name
  6
Continuous
100
AcDbLine
 10
25094.85750028666
 20
24426.69145622058
 30
0.0
 11
25097.56500055001
 21
24429.39895648393
 31
0.0
1001
ACAD
1010
345980.0
1020
20880.0
1030
0.0
  0
LINE
  5
E9D
330
23
100
AcDbEntity
  8
KC-2B Wall Name
  6
Continuous
100
AcDbLine
 10
25094.6434441522
 20
24425.41673991433
 30
0.0
 11
25097.71750257793
 21
24428.49079834006
 31
0.0
1001
ACAD
1010
345980.0
1020
20880.0
1030
0.0
  0
LINE
  5
E9E
330
23
100
AcDbEntity
  8
KC-2B Wall Name
  6
Continuous
100
AcDbLine
 10
25094.42938801774
 20
24424.14202360809
 30
0.0
 11
25097.87000460573
 21
24427.58264019608
 31
0.0
1001
ACAD
1010
345980.0
1020
20880.0
1030
0.0
  0
LINE
  5
E9F
330
23
100
AcDbEntity
  8
KC-2B Wall Name
  6
Continuous
100
AcDbLine
 10
25094.2153318834
 20
24422.86730730184
 30
0.0
 11
25098.02250663377
 21
24426.67448205221
 31
0.0
1001
ACAD
1010
345980.0
1020
20880.0
1030
0.0
  0
LINE
  5
EA0
330
23
100
AcDbEntity
  8
KC-2B Wall Name
  6
Continuous
100
AcDbLine
 10
25094.00127574895
 20
24421.59259099571
 30
0.0
 11
25098.1750086617
 21
24425.76632390846
 31
0.0
1001
ACAD
1010
345980.0
1020
20880.0
1030
0.0
  0
LINE
  5
EA1
330
23
100
AcDbEntity
  8
KC-2B Wall Name
  6
Continuous
100
AcDbLine
 10
25093.78721961449
 20
24420.31787468947
 30
0.0
 11
25098.32751068973
 21
24424.85816576472
 31
0.0
1001
ACAD
1010
345980.0
1020
20880.0
1030
0.0
  0
LINE
  5
EA2
330
23
100
AcDbEntity
  8
KC-2B Wall Name
  6
Continuous
100
AcDbLine
 10
25093.57316348003
 20
24419.04315838323
 30
0.0
 11
25098.48001271766
 21
24423.95000762085
 31
0.0
1001
ACAD
1010
345980.0
1020
20880.0
1030
0.0
  0
LINE
  5
EA3
330
23
100
AcDbEntity
  8
KC-2B Wall Name
  6
Continuous
100
AcDbLine
 10
25093.35910734558
 20
24417.76844207698
 30
0.0
 11
25098.63251474546
 21
24423.04184947687
 31
0.0
1001
ACAD
1010
345980.0
1020
20880.0
1030
0.0
  0
LINE
  5
EA4
330
23
100
AcDbEntity
  8
KC-2B Wall Name
  6
Continuous
100
AcDbLine
 10
25093.14505121112
 20
24416.49372577074
 30
0.0
 11
25098.78501677338
 21
24422.133691333
 31
0.0
1001
ACAD
1010
345980.0
1020
20880.0
1030
0.0
  0
LINE
  5
EA5
330
23
100
AcDbEntity
  8
KC-2B Wall Name
  6
Continuous
100
AcDbLine
 10
25092.93099507666
 20
24415.21900946449
 30
0.0
 11
25098.93751880131
 21
24421.22553318914
 31
0.0
1001
ACAD
1010
345980.0
1020
20880.0
1030
0.0
  0
LINE
  5
EA6
330
23
100
AcDbEntity
  8
KC-2B Wall Name
  6
Continuous
100
AcDbLine
 10
25092.71693894221
 20
24413.94429315825
 30
0.0
 11
25099.09002082935
 21
24420.31737504539
 31
0.0
1001
ACAD
1010
345980.0
1020
20880.0
1030
0.0
  0
LINE
  5
EA7
330
23
100
AcDbEntity
  8
KC-2B Wall Name
  6
Continuous
100
AcDbLine
 10
25092.50288280786
 20
24412.66957685212
 30
0.0
 11
25099.24252285715
 21
24419.4092169014
 31
0.0
1001
ACAD
1010
345980.0
1020
20880.0
1030
0.0
  0
LINE
  5
EA8
330
23
100
AcDbEntity
  8
KC-2B Wall Name
  6
Continuous
100
AcDbLine
 10
25092.28882667341
 20
24411.39486054587
 30
0.0
 11
25099.39502488507
 21
24418.50105875754
 31
0.0
1001
ACAD
1010
345980.0
1020
20880.0
1030
0.0
  0
LINE
  5
EA9
330
23
100
AcDbEntity
  8
KC-2B Wall Name
  6
Continuous
100
AcDbLine
 10
25092.07477053895
 20
24410.12014423963
 30
0.0
 11
25099.547526913
 21
24417.59290061367
 31
0.0
1001
ACAD
1010
345980.0
1020
20880.0
1030
0.0
  0
LINE
  5
EAA
330
23
100
AcDbEntity
  8
KC-2B Wall Name
  6
Continuous
100
AcDbLine
 10
25091.86071440449
 20
24408.84542793338
 30
0.0
 11
25099.70002894092
 21
24416.68474246981
 31
0.0
1001
ACAD
1010
345980.0
1020
20880.0
1030
0.0
  0
LINE
  5
EAB
330
23
100
AcDbEntity
  8
KC-2B Wall Name
  6
Continuous
100
AcDbLine
 10
25091.64665827004
 20
24407.57071162725
 30
0.0
 11
25099.85253096884
 21
24415.77658432606
 31
0.0
1001
ACAD
1010
345980.0
1020
20880.0
1030
0.0
  0
LINE
  5
EAC
330
23
100
AcDbEntity
  8
KC-2B Wall Name
  6
Continuous
100
AcDbLine
 10
25091.43260213558
 20
24406.29599532101
 30
0.0
 11
25100.00503299676
 21
24414.86842618219
 31
0.0
1001
ACAD
1010
345980.0
1020
20880.0
1030
0.0
  0
LINE
  5
EAD
330
23
100
AcDbEntity
  8
KC-2B Wall Name
  6
Continuous
100
AcDbLine
 10
25091.21854600112
 20
24405.02127901476
 30
0.0
 11
25100.1575350248
 21
24413.96026803844
 31
0.0
1001
ACAD
1010
345980.0
1020
20880.0
1030
0.0
  0
LINE
  5
EAE
330
23
100
AcDbEntity
  8
KC-2B Wall Name
  6
Continuous
100
AcDbLine
 10
25091.00448986678
 20
24403.74656270863
 30
0.0
 11
25100.31003705284
 21
24413.05210989469
 31
0.0
1001
ACAD
1010
345980.0
1020
20880.0
1030
0.0
  0
LINE
  5
EAF
330
23
100
AcDbEntity
  8
KC-2B Wall Name
  6
Continuous
100
AcDbLine
 10
25090.79043373233
 20
24402.47184640239
 30
0.0
 11
25100.46253908076
 21
24412.14395175083
 31
0.0
1001
ACAD
1010
345980.0
1020
20880.0
1030
0.0
  0
LINE
  5
EB0
330
23
100
AcDbEntity
  8
KC-2B Wall Name
  6
Continuous
100
AcDbLine
 10
25090.57637759787
 20
24401.19713009614
 30
0.0
 11
25100.61504110857
 21
24411.23579360684
 31
0.0
1001
ACAD
1010
345980.0
1020
20880.0
1030
0.0
  0
LINE
  5
EB1
330
23
100
AcDbEntity
  8
KC-2B Wall Name
  6
Continuous
100
AcDbLine
 10
25090.36232146341
 20
24399.9224137899
 30
0.0
 11
25100.76754313649
 21
24410.32763546298
 31
0.0
1001
ACAD
1010
345980.0
1020
20880.0
1030
0.0
  0
LINE
  5
EB2
330
23
100
AcDbEntity
  8
KC-2B Wall Name
  6
Continuous
100
AcDbLine
 10
25090.14826532896
 20
24398.64769748377
 30
0.0
 11
25100.92004516441
 21
24409.41947731923
 31
0.0
1001
ACAD
1010
345980.0
1020
20880.0
1030
0.0
  0
LINE
  5
EB3
330
23
100
AcDbEntity
  8
KC-2B Wall Name
  6
Continuous
100
AcDbLine
 10
25089.9342091945
 20
24397.37298117753
 30
0.0
 11
25101.07254719234
 21
24408.51131917536
 31
0.0
1001
ACAD
1010
345980.0
1020
20880.0
1030
0.0
  0
LINE
  5
EB4
330
23
100
AcDbEntity
  8
KC-2B Wall Name
  6
Continuous
100
AcDbLine
 10
25089.72015306004
 20
24396.09826487128
 30
0.0
 11
25101.22504922026
 21
24407.6031610315
 31
0.0
1001
ACAD
1010
345980.0
1020
20880.0
1030
0.0
  0
LINE
  5
EB5
330
23
100
AcDbEntity
  8
KC-2B Wall Name
  6
Continuous
100
AcDbLine
 10
25089.5060969257
 20
24394.82354856504
 30
0.0
 11
25101.3775512483
 21
24406.69500288763
 31
0.0
1001
ACAD
1010
345980.0
1020
20880.0
1030
0.0
  0
LINE
  5
EB6
330
23
100
AcDbEntity
  8
KC-2B Wall Name
  6
Continuous
100
AcDbLine
 10
25089.29204079125
 20
24393.54883225879
 30
0.0
 11
25101.53005327622
 21
24405.78684474376
 31
0.0
1001
ACAD
1010
345980.0
1020
20880.0
1030
0.0
  0
LINE
  5
EB7
330
23
100
AcDbEntity
  8
KC-2B Wall Name
  6
Continuous
100
AcDbLine
 10
25089.07798465679
 20
24392.27411595266
 30
0.0
 11
25101.68255530403
 21
24404.8786865999
 31
0.0
1001
ACAD
1010
345980.0
1020
20880.0
1030
0.0
  0
LINE
  5
EB8
330
23
100
AcDbEntity
  8
KC-2B Wall Name
  6
Continuous
100
AcDbLine
 10
25088.86392852233
 20
24390.99939964642
 30
0.0
 11
25101.83505733195
 21
24403.97052845603
 31
0.0
1001
ACAD
1010
345980.0
1020
20880.0
1030
0.0
  0
LINE
  5
EB9
330
23
100
AcDbEntity
  8
KC-2B Wall Name
  6
Continuous
100
AcDbLine
 10
25088.64987238788
 20
24389.72468334017
 30
0.0
 11
25101.98755935987
 21
24403.06237031217
 31
0.0
1001
ACAD
1010
345980.0
1020
20880.0
1030
0.0
  0
LINE
  5
EBA
330
23
100
AcDbEntity
  8
KC-2B Wall Name
  6
Continuous
100
AcDbLine
 10
25088.43581625342
 20
24388.44996703393
 30
0.0
 11
25102.14006138779
 21
24402.1542121683
 31
0.0
1001
ACAD
1010
345980.0
1020
20880.0
1030
0.0
  0
LINE
  5
EBB
330
23
100
AcDbEntity
  8
KC-2B Wall Name
  6
Continuous
100
AcDbLine
 10
25088.22176011896
 20
24387.17525072768
 30
0.0
 11
25102.29256341583
 21
24401.24605402455
 31
0.0
1001
ACAD
1010
345980.0
1020
20880.0
1030
0.0
  0
LINE
  5
EBC
330
23
100
AcDbEntity
  8
KC-2B Wall Name
  6
Continuous
100
AcDbLine
 10
25088.00770398462
 20
24385.90053442144
 30
0.0
 11
25102.44506544387
 21
24400.33789588069
 31
0.0
1001
ACAD
1010
345980.0
1020
20880.0
1030
0.0
  0
LINE
  5
EBD
330
23
100
AcDbEntity
  8
KC-2B Wall Name
  6
Continuous
100
AcDbLine
 10
25087.79364785017
 20
24384.62581811531
 30
0.0
 11
25102.59756747179
 21
24399.42973773694
 31
0.0
1001
ACAD
1010
345980.0
1020
20880.0
1030
0.0
  0
LINE
  5
EBE
330
23
100
AcDbEntity
  8
KC-2B Wall Name
  6
Continuous
100
AcDbLine
 10
25087.57959171571
 20
24383.35110180906
 30
0.0
 11
25102.7500694996
 21
24398.52157959295
 31
0.0
1001
ACAD
1010
345980.0
1020
20880.0
1030
0.0
  0
LINE
  5
EBF
330
23
100
AcDbEntity
  8
KC-2B Wall Name
  6
Continuous
100
AcDbLine
 10
25087.36553558125
 20
24382.07638550282
 30
0.0
 11
25102.90257152752
 21
24397.61342144909
 31
0.0
1001
ACAD
1010
345980.0
1020
20880.0
1030
0.0
  0
LINE
  5
EC0
330
23
100
AcDbEntity
  8
KC-2B Wall Name
  6
Continuous
100
AcDbLine
 10
25087.15147944679
 20
24380.80166919657
 30
0.0
 11
25103.05507355544
 21
24396.70526330522
 31
0.0
1001
ACAD
1010
345980.0
1020
20880.0
1030
0.0
  0
LINE
  5
EC1
330
23
100
AcDbEntity
  8
KC-2B Wall Name
  6
Continuous
100
AcDbLine
 10
25086.93742331234
 20
24379.52695289033
 30
0.0
 11
25103.20757558348
 21
24395.79710516147
 31
0.0
1001
ACAD
1010
345980.0
1020
20880.0
1030
0.0
  0
LINE
  5
EC2
330
23
100
AcDbEntity
  8
KC-2B Wall Name
  6
Continuous
100
AcDbLine
 10
25086.72336717788
 20
24378.25223658409
 30
0.0
 11
25103.36007761129
 21
24394.88894701749
 31
0.0
1001
ACAD
1010
345980.0
1020
20880.0
1030
0.0
  0
LINE
  5
EC3
330
23
100
AcDbEntity
  8
KC-2B Wall Name
  6
Continuous
100
AcDbLine
 10
25086.50931104342
 20
24376.97752027784
 30
0.0
 11
25103.51257963921
 21
24393.98078887362
 31
0.0
1001
ACAD
1010
345980.0
1020
20880.0
1030
0.0
  0
LINE
  5
EC4
330
23
100
AcDbEntity
  8
KC-2B Wall Name
  6
Continuous
100
AcDbLine
 10
25086.29525490908
 20
24375.70280397171
 30
0.0
 11
25103.66508166702
 21
24393.07263072964
 31
0.0
1001
ACAD
1010
345980.0
1020
20880.0
1030
0.0
  0
LINE
  5
EC5
330
23
100
AcDbEntity
  8
KC-2B Wall Name
  6
Continuous
100
AcDbLine
 10
25086.08119877463
 20
24374.42808766547
 30
0.0
 11
25103.81758369505
 21
24392.16447258589
 31
0.0
1001
ACAD
1010
345980.0
1020
20880.0
1030
0.0
  0
LINE
  5
EC6
330
23
100
AcDbEntity
  8
KC-2B Wall Name
  6
Continuous
100
AcDbLine
 10
25085.86714264017
 20
24373.15337135922
 30
0.0
 11
25103.97008572309
 21
24391.25631444214
 31
0.0
1001
ACAD
1010
345980.0
1020
20880.0
1030
0.0
  0
LINE
  5
EC7
330
23
100
AcDbEntity
  8
KC-2B Wall Name
  6
Continuous
100
AcDbLine
 10
25085.65308650571
 20
24371.87865505309
 30
0.0
 11
25104.1225877509
 21
24390.34815629828
 31
0.0
1001
ACAD
1010
345980.0
1020
20880.0
1030
0.0
  0
LINE
  5
EC8
330
23
100
AcDbEntity
  8
KC-2B Wall Name
  6
Continuous
100
AcDbLine
 10
25085.43903037126
 20
24370.60393874685
 30
0.0
 11
25104.27508977882
 21
24389.43999815441
 31
0.0
1001
ACAD
1010
345980.0
1020
20880.0
1030
0.0
  0
LINE
  5
EC9
330
23
100
AcDbEntity
  8
KC-2B Wall Name
  6
Continuous
100
AcDbLine
 10
25085.2249742368
 20
24369.3292224406
 30
0.0
 11
25104.42759180686
 21
24388.53184001066
 31
0.0
1001
ACAD
1010
345980.0
1020
20880.0
1030
0.0
  0
LINE
  5
ECA
330
23
100
AcDbEntity
  8
KC-2B Wall Name
  6
Continuous
100
AcDbLine
 10
25085.01091810246
 20
24368.05450613447
 30
0.0
 11
25104.5800938349
 21
24387.62368186691
 31
0.0
1001
ACAD
1010
345980.0
1020
20880.0
1030
0.0
  0
LINE
  5
ECB
330
23
100
AcDbEntity
  8
KC-2B Wall Name
  6
Continuous
100
AcDbLine
 10
25084.796861968
 20
24366.77978982823
 30
0.0
 11
25104.73259586282
 21
24386.71552372305
 31
0.0
1001
ACAD
1010
345980.0
1020
20880.0
1030
0.0
  0
LINE
  5
ECC
330
23
100
AcDbEntity
  8
KC-2B Wall Name
  6
Continuous
100
AcDbLine
 10
25084.58280583355
 20
24365.50507352198
 30
0.0
 11
25104.88509789063
 21
24385.80736557906
 31
0.0
1001
ACAD
1010
345980.0
1020
20880.0
1030
0.0
  0
LINE
  5
ECD
330
23
100
AcDbEntity
  8
KC-2B Wall Name
  6
Continuous
100
AcDbLine
 10
25084.36874969909
 20
24364.23035721574
 30
0.0
 11
25105.03759991855
 21
24384.8992074352
 31
0.0
1001
ACAD
1010
345980.0
1020
20880.0
1030
0.0
  0
LINE
  5
ECE
330
23
100
AcDbEntity
  8
KC-2B Wall Name
  6
Continuous
100
AcDbLine
 10
25084.15469356463
 20
24362.95564090949
 30
0.0
 11
25105.19010194647
 21
24383.99104929133
 31
0.0
1001
ACAD
1010
345980.0
1020
20880.0
1030
0.0
  0
LINE
  5
ECF
330
23
100
AcDbEntity
  8
KC-2B Wall Name
  6
Continuous
100
AcDbLine
 10
25083.94063743018
 20
24361.68092460337
 30
0.0
 11
25105.34260397428
 21
24383.08289114747
 31
0.0
1001
ACAD
1010
345980.0
1020
20880.0
1030
0.0
  0
LINE
  5
ED0
330
23
100
AcDbEntity
  8
KC-2B Wall Name
  6
Continuous
100
AcDbLine
 10
25083.72658129572
 20
24360.40620829712
 30
0.0
 11
25105.49510600232
 21
24382.17473300372
 31
0.0
1001
ACAD
1010
345980.0
1020
20880.0
1030
0.0
  0
LINE
  5
ED1
330
23
100
AcDbEntity
  8
KC-2B Wall Name
  6
Continuous
100
AcDbLine
 10
25083.51252516126
 20
24359.13149199088
 30
0.0
 11
25105.64760803024
 21
24381.26657485985
 31
0.0
1001
ACAD
1010
345980.0
1020
20880.0
1030
0.0
  0
LINE
  5
ED2
330
23
100
AcDbEntity
  8
KC-2B Wall Name
  6
Continuous
100
AcDbLine
 10
25083.29846902681
 20
24357.85677568463
 30
0.0
 11
25105.80011005816
 21
24380.35841671599
 31
0.0
1001
ACAD
1010
345980.0
1020
20880.0
1030
0.0
  0
LINE
  5
ED3
330
23
100
AcDbEntity
  8
KC-2B Wall Name
  6
Continuous
100
AcDbLine
 10
25083.08441289247
 20
24356.58205937839
 30
0.0
 11
25105.9526120862
 21
24379.45025857212
 31
0.0
1001
ACAD
1010
345980.0
1020
20880.0
1030
0.0
  0
LINE
  5
ED4
330
23
100
AcDbEntity
  8
KC-2B Wall Name
  6
Continuous
100
AcDbLine
 10
25082.87035675801
 20
24355.30734307226
 30
0.0
 11
25106.10511411401
 21
24378.54210042825
 31
0.0
1001
ACAD
1010
345980.0
1020
20880.0
1030
0.0
  0
LINE
  5
ED5
330
23
100
AcDbEntity
  8
KC-2B Wall Name
  6
Continuous
100
AcDbLine
 10
25082.65630062355
 20
24354.03262676601
 30
0.0
 11
25106.25761614193
 21
24377.63394228439
 31
0.0
1001
ACAD
1010
345980.0
1020
20880.0
1030
0.0
  0
LINE
  5
ED6
330
23
100
AcDbEntity
  8
KC-2B Wall Name
  6
Continuous
100
AcDbLine
 10
25082.4422444891
 20
24352.75791045977
 30
0.0
 11
25106.41011816997
 21
24376.72578414064
 31
0.0
1001
ACAD
1010
345980.0
1020
20880.0
1030
0.0
  0
LINE
  5
ED7
330
23
100
AcDbEntity
  8
KC-2B Wall Name
  6
Continuous
100
AcDbLine
 10
25082.22818835464
 20
24351.48319415352
 30
0.0
 11
25106.56262019789
 21
24375.81762599677
 31
0.0
1001
ACAD
1010
345980.0
1020
20880.0
1030
0.0
  0
LINE
  5
ED8
330
23
100
AcDbEntity
  8
KC-2B Wall Name
  6
Continuous
100
AcDbLine
 10
25082.01413222018
 20
24350.20847784728
 30
0.0
 11
25106.71512222569
 21
24374.90946785279
 31
0.0
1001
ACAD
1010
345980.0
1020
20880.0
1030
0.0
  0
LINE
  5
ED9
330
23
100
AcDbEntity
  8
KC-2B Wall Name
  6
Continuous
100
AcDbLine
 10
25081.80007608584
 20
24348.93376154103
 30
0.0
 11
25106.86762425385
 21
24374.00130970904
 31
0.0
1001
ACAD
1010
345980.0
1020
20880.0
1030
0.0
  0
LINE
  5
EDA
330
23
100
AcDbEntity
  8
KC-2B Wall Name
  6
Continuous
100
AcDbLine
 10
25081.58601995138
 20
24347.6590452349
 30
0.0
 11
25107.02012628154
 21
24373.09315156506
 31
0.0
1001
ACAD
1010
345980.0
1020
20880.0
1030
0.0
  0
LINE
  5
EDB
330
23
100
AcDbEntity
  8
KC-2B Wall Name
  6
Continuous
100
AcDbLine
 10
25081.37196381693
 20
24346.38432892866
 30
0.0
 11
25107.17262830958
 21
24372.18499342131
 31
0.0
1001
ACAD
1010
345980.0
1020
20880.0
1030
0.0
  0
LINE
  5
EDC
330
23
100
AcDbEntity
  8
KC-2B Wall Name
  6
Continuous
100
AcDbLine
 10
25081.15790768247
 20
24345.10961262241
 30
0.0
 11
25107.32513033762
 21
24371.27683527756
 31
0.0
1001
ACAD
1010
345980.0
1020
20880.0
1030
0.0
  0
LINE
  5
EDD
330
23
100
AcDbEntity
  8
KC-2B Wall Name
  6
Continuous
100
AcDbLine
 10
25080.94385154801
 20
24343.83489631617
 30
0.0
 11
25081.03215963219
 21
24343.92320440034
 31
0.0
1001
ACAD
1010
345980.0
1020
20880.0
1030
0.0
  0
LINE
  5
EDE
330
23
100
AcDbEntity
  8
KC-2B Wall Name
  6
Continuous
100
AcDbLine
 10
25081.08519264159
 20
24343.97623740975
 30
0.0
 11
25107.47763236542
 21
24370.36867713358
 31
0.0
1001
ACAD
1010
345980.0
1020
20880.0
1030
0.0
  0
LINE
  5
EDF
330
23
100
AcDbEntity
  8
KC-2B Wall Name
  6
Continuous
100
AcDbLine
 10
25080.72979541356
 20
24342.56018000992
 30
0.0
 11
25081.56248971808
 21
24343.39287431445
 31
0.0
1001
ACAD
1010
345980.0
1020
20880.0
1030
0.0
  0
LINE
  5
EE0
330
23
100
AcDbEntity
  8
KC-2B Wall Name
  6
Continuous
100
AcDbLine
 10
25081.61552272749
 20
24343.44590732385
 30
0.0
 11
25107.63013439334
 21
24369.46051898971
 31
0.0
1001
ACAD
1010
345980.0
1020
20880.0
1030
0.0
  0
LINE
  5
EE1
330
23
100
AcDbEntity
  8
KC-2B Wall Name
  6
Continuous
100
AcDbLine
 10
25080.5157392791
 20
24341.28546370368
 30
0.0
 11
25082.09281980398
 21
24342.86254422856
 31
0.0
1001
ACAD
1010
345980.0
1020
20880.0
1030
0.0
  0
LINE
  5
EE2
330
23
100
AcDbEntity
  8
KC-2B Wall Name
  6
Continuous
100
AcDbLine
 10
25082.14585281338
 20
24342.91557723796
 30
0.0
 11
25107.78263642127
 21
24368.55236084585
 31
0.0
1001
ACAD
1010
345980.0
1020
20880.0
1030
0.0
  0
LINE
  5
EE3
330
23
100
AcDbEntity
  8
KC-2B Wall Name
  6
Continuous
100
AcDbLine
 10
25080.30168314464
 20
24340.01074739743
 30
0.0
 11
25082.62314988987
 21
24342.33221414266
 31
0.0
1001
ACAD
1010
345980.0
1020
20880.0
1030
0.0
  0
LINE
  5
EE4
330
23
100
AcDbEntity
  8
KC-2B Wall Name
  6
Continuous
100
AcDbLine
 10
25082.67618289927
 20
24342.38524715207
 30
0.0
 11
25107.93513844919
 21
24367.64420270198
 31
0.0
1001
ACAD
1010
345980.0
1020
20880.0
1030
0.0
  0
LINE
  5
EE5
330
23
100
AcDbEntity
  8
KC-2B Wall Name
  6
Continuous
100
AcDbLine
 10
25080.0876270103
 20
24338.73603109131
 30
0.0
 11
25083.15347997576
 21
24341.80188405677
 31
0.0
1001
ACAD
1010
345980.0
1020
20880.0
1030
0.0
  0
LINE
  5
EE6
330
23
100
AcDbEntity
  8
KC-2B Wall Name
  6
Continuous
100
AcDbLine
 10
25083.20651298517
 20
24341.85491706617
 30
0.0
 11
25108.08764047711
 21
24366.73604455811
 31
0.0
1001
ACAD
1010
345980.0
1020
20880.0
1030
0.0
  0
LINE
  5
EE7
330
23
100
AcDbEntity
  8
KC-2B Wall Name
  6
Continuous
100
AcDbLine
 10
25079.87357087585
 20
24337.46131478506
 30
0.0
 11
25083.68381006166
 21
24341.27155397087
 31
0.0
1001
ACAD
1010
345980.0
1020
20880.0
1030
0.0
  0
LINE
  5
EE8
330
23
100
AcDbEntity
  8
KC-2B Wall Name
  6
Continuous
100
AcDbLine
 10
25083.73684307106
 20
24341.32458698028
 30
0.0
 11
25108.24014250515
 21
24365.82788641436
 31
0.0
1001
ACAD
1010
345980.0
1020
20880.0
1030
0.0
  0
LINE
  5
EE9
330
23
100
AcDbEntity
  8
KC-2B Wall Name
  6
Continuous
100
AcDbLine
 10
25079.65951474139
 20
24336.18659847893
 30
0.0
 11
25084.21414014744
 21
24340.74122388498
 31
0.0
1001
ACAD
1010
345980.0
1020
20880.0
1030
0.0
  0
LINE
  5
EEA
330
23
100
AcDbEntity
  8
KC-2B Wall Name
  6
Continuous
100
AcDbLine
 10
25084.26717315684
 20
24340.79425689438
 30
0.0
 11
25108.39264453296
 21
24364.9197282705
 31
0.0
1001
ACAD
1010
345980.0
1020
20880.0
1030
0.0
  0
LINE
  5
EEB
330
23
100
AcDbEntity
  8
KC-2B Wall Name
  6
Continuous
100
AcDbLine
 10
25079.44545860693
 20
24334.91188217269
 30
0.0
 11
25084.74447023345
 21
24340.2108937992
 31
0.0
1001
ACAD
1010
345980.0
1020
20880.0
1030
0.0
  0
LINE
  5
EEC
330
23
100
AcDbEntity
  8
KC-2B Wall Name
  6
Continuous
100
AcDbLine
 10
25084.79750324285
 20
24340.26392680861
 30
0.0
 11
25108.54514656099
 21
24364.01157012675
 31
0.0
1001
ACAD
1010
345980.0
1020
20880.0
1030
0.0
  0
LINE
  5
EED
330
23
100
AcDbEntity
  8
KC-2B Wall Name
  6
Continuous
100
AcDbLine
 10
25079.23140247248
 20
24333.63716586644
 30
0.0
 11
25085.27480031922
 21
24339.68056371319
 31
0.0
1001
ACAD
1010
345980.0
1020
20880.0
1030
0.0
  0
LINE
  5
EEE
330
23
100
AcDbEntity
  8
KC-2B Wall Name
  6
Continuous
100
AcDbLine
 10
25085.32783332863
 20
24339.7335967226
 30
0.0
 11
25108.6976485888
 21
24363.10341198277
 31
0.0
1001
ACAD
1010
345980.0
1020
20880.0
1030
0.0
  0
LINE
  5
EEF
330
23
100
AcDbEntity
  8
KC-2B Wall Name
  6
Continuous
100
AcDbLine
 10
25079.01734633802
 20
24332.3624495602
 30
0.0
 11
25085.80513040512
 21
24339.1502336273
 31
0.0
1001
ACAD
1010
345980.0
1020
20880.0
1030
0.0
  0
LINE
  5
EF0
330
23
100
AcDbEntity
  8
KC-2B Wall Name
  6
Continuous
100
AcDbLine
 10
25085.85816341452
 20
24339.2032666367
 30
0.0
 11
25108.85015061672
 21
24362.1952538389
 31
0.0
1001
ACAD
1010
345980.0
1020
20880.0
1030
0.0
  0
LINE
  5
EF1
330
23
100
AcDbEntity
  8
KC-2B Wall Name
  6
Continuous
100
AcDbLine
 10
25078.80329020368
 20
24331.08773325407
 30
0.0
 11
25086.33546049101
 21
24338.6199035414
 31
0.0
1001
ACAD
1010
345980.0
1020
20880.0
1030
0.0
  0
LINE
  5
EF2
330
23
100
AcDbEntity
  8
KC-2B Wall Name
  6
Continuous
100
AcDbLine
 10
25086.38849350042
 20
24338.67293655081
 30
0.0
 11
25109.00265264476
 21
24361.28709569515
 31
0.0
1001
ACAD
1010
345980.0
1020
20880.0
1030
0.0
  0
LINE
  5
EF3
330
23
100
AcDbEntity
  8
KC-2B Wall Name
  6
Continuous
100
AcDbLine
 10
25078.58923406922
 20
24329.81301694782
 30
0.0
 11
25086.86579057691
 21
24338.08957345551
 31
0.0
1001
ACAD
1010
345980.0
1020
20880.0
1030
0.0
  0
LINE
  5
EF4
330
23
100
AcDbEntity
  8
KC-2B Wall Name
  6
Continuous
100
AcDbLine
 10
25086.91882358631
 20
24338.14260646491
 30
0.0
 11
25109.15515467268
 21
24360.37893755129
 31
0.0
1001
ACAD
1010
345980.0
1020
20880.0
1030
0.0
  0
LINE
  5
EF5
330
23
100
AcDbEntity
  8
KC-2B Wall Name
  6
Continuous
100
AcDbLine
 10
25078.37517793477
 20
24328.53830064158
 30
0.0
 11
25087.39612066292
 21
24337.55924336973
 31
0.0
1001
ACAD
1010
345980.0
1020
20880.0
1030
0.0
  0
LINE
  5
EF6
330
23
100
AcDbEntity
  8
KC-2B Wall Name
  6
Continuous
100
AcDbLine
 10
25087.44915367232
 20
24337.61227637914
 30
0.0
 11
25109.30765670072
 21
24359.47077940754
 31
0.0
1001
ACAD
1010
345980.0
1020
20880.0
1030
0.0
  0
LINE
  5
EF7
330
23
100
AcDbEntity
  8
KC-2B Wall Name
  6
Continuous
100
AcDbLine
 10
25078.16112180031
 20
24327.26358433533
 30
0.0
 11
25087.92645074881
 21
24337.02891328384
 31
0.0
1001
ACAD
1010
345980.0
1020
20880.0
1030
0.0
  0
LINE
  5
EF8
330
23
100
AcDbEntity
  8
KC-2B Wall Name
  6
Continuous
100
AcDbLine
 10
25087.97948375822
 20
24337.08194629324
 30
0.0
 11
25109.46015872853
 21
24358.56262126355
 31
0.0
1001
ACAD
1010
345980.0
1020
20880.0
1030
0.0
  0
LINE
  5
EF9
330
23
100
AcDbEntity
  8
KC-2B Wall Name
  6
Continuous
100
AcDbLine
 10
25077.94706566585
 20
24325.98886802909
 30
0.0
 11
25088.45678083459
 21
24336.49858319783
 31
0.0
1001
ACAD
1010
345980.0
1020
20880.0
1030
0.0
  0
LINE
  5
EFA
330
23
100
AcDbEntity
  8
KC-2B Wall Name
  6
Continuous
100
AcDbLine
 10
25088.50981384399
 20
24336.55161620723
 30
0.0
 11
25109.61266075645
 21
24357.65446311969
 31
0.0
1001
ACAD
1010
345980.0
1020
20880.0
1030
0.0
  0
LINE
  5
EFB
330
23
100
AcDbEntity
  8
KC-2B Wall Name
  6
Continuous
100
AcDbLine
 10
25077.7330095314
 20
24324.71415172296
 30
0.0
 11
25088.98711092048
 21
24335.96825311205
 31
0.0
1001
ACAD
1010
345980.0
1020
20880.0
1030
0.0
  0
LINE
  5
EFC
330
23
100
AcDbEntity
  8
KC-2B Wall Name
  6
Continuous
100
AcDbLine
 10
25089.04014392989
 20
24336.02128612145
 30
0.0
 11
25109.76516278437
 21
24356.74630497594
 31
0.0
1001
ACAD
1010
345980.0
1020
20880.0
1030
0.0
  0
LINE
  5
EFD
330
23
100
AcDbEntity
  8
KC-2B Wall Name
  6
Continuous
100
AcDbLine
 10
25077.51895339694
 20
24323.43943541672
 30
0.0
 11
25089.51744100638
 21
24335.43792302615
 31
0.0
1001
ACAD
1010
345980.0
1020
20880.0
1030
0.0
  0
LINE
  5
EFE
330
23
100
AcDbEntity
  8
KC-2B Wall Name
  6
Continuous
100
AcDbLine
 10
25089.57047401578
 20
24335.49095603556
 30
0.0
 11
25109.9176648123
 21
24355.83814683207
 31
0.0
1001
ACAD
1010
345980.0
1020
20880.0
1030
0.0
  0
LINE
  5
EFF
330
23
100
AcDbEntity
  8
KC-2B Wall Name
  6
Continuous
100
AcDbLine
 10
25077.30489726248
 20
24322.16471911047
 30
0.0
 11
25090.04777109216
 21
24334.90759294014
 31
0.0
1001
ACAD
1010
345980.0
1020
20880.0
1030
0.0
  0
LINE
  5
F00
330
23
100
AcDbEntity
  8
KC-2B Wall Name
  6
Continuous
100
AcDbLine
 10
25090.10080410156
 20
24334.96062594955
 30
0.0
 11
25110.0701668401
 21
24354.92998868809
 31
0.0
1001
ACAD
1010
345980.0
1020
20880.0
1030
0.0
  0
LINE
  5
F01
330
23
100
AcDbEntity
  8
KC-2B Wall Name
  6
Continuous
100
AcDbLine
 10
25077.09084112803
 20
24320.89000280423
 30
0.0
 11
25090.57810117817
 21
24334.37726285437
 31
0.0
1001
ACAD
1010
345980.0
1020
20880.0
1030
0.0
  0
LINE
  5
F02
330
23
100
AcDbEntity
  8
KC-2B Wall Name
  6
Continuous
100
AcDbLine
 10
25090.63113418757
 20
24334.43029586377
 30
0.0
 11
25110.22266886826
 21
24354.02183054446
 31
0.0
1001
ACAD
1010
345980.0
1020
20880.0
1030
0.0
  0
LINE
  5
F03
330
23
100
AcDbEntity
  8
KC-2B Wall Name
  6
Continuous
100
AcDbLine
 10
25076.87678499368
 20
24319.61528649798
 30
0.0
 11
25091.10843126406
 21
24333.84693276836
 31
0.0
1001
ACAD
1010
345980.0
1020
20880.0
1030
0.0
  0
LINE
  5
F04
330
23
100
AcDbEntity
  8
KC-2B Wall Name
  6
Continuous
100
AcDbLine
 10
25091.16146427346
 20
24333.89996577776
 30
0.0
 11
25110.37517089618
 21
24353.11367240048
 31
0.0
1001
ACAD
1010
345980.0
1020
20880.0
1030
0.0
  0
LINE
  5
F05
330
23
100
AcDbEntity
  8
KC-2B Wall Name
  6
Continuous
100
AcDbLine
 10
25076.66272885923
 20
24318.34057019185
 30
0.0
 11
25091.63876134995
 21
24333.31660268258
 31
0.0
1001
ACAD
1010
345980.0
1020
20880.0
1030
0.0
  0
LINE
  5
F06
330
23
100
AcDbEntity
  8
KC-2B Wall Name
  6
Continuous
100
AcDbLine
 10
25091.69179435936
 20
24333.36963569198
 30
0.0
 11
25110.5276729241
 21
24352.20551425673
 31
0.0
1001
ACAD
1010
345980.0
1020
20880.0
1030
0.0
  0
LINE
  5
F07
330
23
100
AcDbEntity
  8
KC-2B Wall Name
  6
Continuous
100
AcDbLine
 10
25076.44867272477
 20
24317.06585388561
 30
0.0
 11
25092.16909143585
 21
24332.78627259668
 31
0.0
1001
ACAD
1010
345980.0
1020
20880.0
1030
0.0
  0
LINE
  5
F08
330
23
100
AcDbEntity
  8
KC-2B Wall Name
  6
Continuous
100
AcDbLine
 10
25092.22212444525
 20
24332.83930560609
 30
0.0
 11
25110.68017495202
 21
24351.29735611286
 31
0.0
1001
ACAD
1010
345980.0
1020
20880.0
1030
0.0
  0
LINE
  5
F09
330
23
100
AcDbEntity
  8
KC-2B Wall Name
  6
Continuous
100
AcDbLine
 10
25076.23461659031
 20
24315.79113757936
 30
0.0
 11
25092.69942152163
 21
24332.25594251067
 31
0.0
1001
ACAD
1010
345980.0
1020
20880.0
1030
0.0
  0
LINE
  5
F0A
330
23
100
AcDbEntity
  8
KC-2B Wall Name
  6
Continuous
100
AcDbLine
 10
25092.75245453103
 20
24332.30897552008
 30
0.0
 11
25110.83267697971
 21
24350.38919796876
 31
0.0
1001
ACAD
1010
345980.0
1020
20880.0
1030
0.0
  0
LINE
  5
F0B
330
23
100
AcDbEntity
  8
KC-2B Wall Name
  6
Continuous
100
AcDbLine
 10
25076.02056045586
 20
24314.51642127312
 30
0.0
 11
25093.22975160764
 21
24331.7256124249
 31
0.0
1001
ACAD
1010
345980.0
1020
20880.0
1030
0.0
  0
LINE
  5
F0C
330
23
100
AcDbEntity
  8
KC-2B Wall Name
  6
Continuous
100
AcDbLine
 10
25093.28278461704
 20
24331.7786454343
 30
0.0
 11
25110.98517900775
 21
24349.48103982501
 31
0.0
1001
ACAD
1010
345980.0
1020
20880.0
1030
0.0
  0
LINE
  5
F0D
330
23
100
AcDbEntity
  8
KC-2B Wall Name
  6
Continuous
100
AcDbLine
 10
25075.80650432152
 20
24313.24170496687
 30
0.0
 11
25093.76008169353
 21
24331.19528233889
 31
0.0
1001
ACAD
1010
345980.0
1020
20880.0
1030
0.0
  0
LINE
  5
F0E
330
23
100
AcDbEntity
  8
KC-2B Wall Name
  6
Continuous
100
AcDbLine
 10
25093.81311470293
 20
24331.24831534829
 30
0.0
 11
25111.13768103567
 21
24348.57288168103
 31
0.0
1001
ACAD
1010
345980.0
1020
20880.0
1030
0.0
  0
LINE
  5
F0F
330
23
100
AcDbEntity
  8
KC-2B Wall Name
  6
Continuous
100
AcDbLine
 10
25075.59244818706
 20
24311.96698866063
 30
0.0
 11
25094.29041177942
 21
24330.66495225299
 31
0.0
1001
ACAD
1010
345980.0
1020
20880.0
1030
0.0
  0
LINE
  5
F10
330
23
100
AcDbEntity
  8
KC-2B Wall Name
  6
Continuous
100
AcDbLine
 10
25094.34344478883
 20
24330.7179852624
 30
0.0
 11
25111.29018306371
 21
24347.66472353728
 31
0.0
1001
ACAD
1010
345980.0
1020
20880.0
1030
0.0
  0
LINE
  5
F11
330
23
100
AcDbEntity
  8
KC-2B Wall Name
  6
Continuous
100
AcDbLine
 10
25075.3783920526
 20
24310.6922723545
 30
0.0
 11
25094.82074186532
 21
24330.13462216721
 31
0.0
1001
ACAD
1010
345980.0
1020
20880.0
1030
0.0
  0
LINE
  5
F12
330
23
100
AcDbEntity
  8
KC-2B Wall Name
  6
Continuous
100
AcDbLine
 10
25094.87377487472
 20
24330.18765517662
 30
0.0
 11
25111.44268509164
 21
24346.75656539353
 31
0.0
1001
ACAD
1010
345980.0
1020
20880.0
1030
0.0
  0
LINE
  5
F13
330
23
100
AcDbEntity
  8
KC-2B Wall Name
  6
Continuous
100
AcDbLine
 10
25075.16433591815
 20
24309.41755604825
 30
0.0
 11
25095.35107195121
 21
24329.60429208132
 31
0.0
1001
ACAD
1010
345980.0
1020
20880.0
1030
0.0
  0
LINE
  5
F14
330
23
100
AcDbEntity
  8
KC-2B Wall Name
  6
Continuous
100
AcDbLine
 10
25095.40410496062
 20
24329.65732509072
 30
0.0
 11
25111.59518711944
 21
24345.84840724955
 31
0.0
1001
ACAD
1010
345980.0
1020
20880.0
1030
0.0
  0
LINE
  5
F15
330
23
100
AcDbEntity
  8
KC-2B Wall Name
  6
Continuous
100
AcDbLine
 10
25074.95027978369
 20
24308.14283974201
 30
0.0
 11
25095.88140203699
 21
24329.07396199531
 31
0.0
1001
ACAD
1010
345980.0
1020
20880.0
1030
0.0
  0
LINE
  5
F16
330
23
100
AcDbEntity
  8
KC-2B Wall Name
  6
Continuous
100
AcDbLine
 10
25095.93443504639
 20
24329.12699500471
 30
0.0
 11
25111.74768914725
 21
24344.94024910557
 31
0.0
1001
ACAD
1010
345980.0
1020
20880.0
1030
0.0
  0
LINE
  5
F17
330
23
100
AcDbEntity
  8
KC-2B Wall Name
  6
Continuous
100
AcDbLine
 10
25074.73622364923
 20
24306.86812343576
 30
0.0
 11
25096.411732123
 21
24328.54363190953
 31
0.0
1001
ACAD
1010
345980.0
1020
20880.0
1030
0.0
  0
LINE
  5
F18
330
23
100
AcDbEntity
  8
KC-2B Wall Name
  6
Continuous
100
AcDbLine
 10
25096.4647651324
 20
24328.59666491894
 30
0.0
 11
25111.90019117529
 21
24344.03209096182
 31
0.0
1001
ACAD
1010
345980.0
1020
20880.0
1030
0.0
  0
LINE
  5
F19
330
23
100
AcDbEntity
  8
KC-2B Wall Name
  6
Continuous
100
AcDbLine
 10
25074.52216751478
 20
24305.59340712952
 30
0.0
 11
25096.94206220889
 21
24328.01330182364
 31
0.0
1001
ACAD
1010
345980.0
1020
20880.0
1030
0.0
  0
LINE
  5
F1A
330
23
100
AcDbEntity
  8
KC-2B Wall Name
  6
Continuous
100
AcDbLine
 10
25096.9950952183
 20
24328.06633483304
 30
0.0
 11
25112.05269320332
 21
24343.12393281807
 31
0.0
1001
ACAD
1010
345980.0
1020
20880.0
1030
0.0
  0
LINE
  5
F1B
330
23
100
AcDbEntity
  8
KC-2B Wall Name
  6
Continuous
100
AcDbLine
 10
25074.30811138032
 20
24304.31869082327
 30
0.0
 11
25097.47239229479
 21
24327.48297173774
 31
0.0
1001
ACAD
1010
345980.0
1020
20880.0
1030
0.0
  0
LINE
  5
F1C
330
23
100
AcDbEntity
  8
KC-2B Wall Name
  6
Continuous
100
AcDbLine
 10
25097.52542530419
 20
24327.53600474715
 30
0.0
 11
25112.20519523125
 21
24342.2157746742
 31
0.0
1001
ACAD
1010
345980.0
1020
20880.0
1030
0.0
  0
LINE
  5
F1D
330
23
100
AcDbEntity
  8
KC-2B Wall Name
  6
Continuous
100
AcDbLine
 10
25074.09405524586
 20
24303.04397451703
 30
0.0
 11
25098.00272238068
 21
24326.95264165185
 31
0.0
1001
ACAD
1010
345980.0
1020
20880.0
1030
0.0
  0
LINE
  5
F1E
330
23
100
AcDbEntity
  8
KC-2B Wall Name
  6
Continuous
100
AcDbLine
 10
25098.05575539009
 20
24327.00567466125
 30
0.0
 11
25112.35769725929
 21
24341.30761653045
 31
0.0
1001
ACAD
1010
345980.0
1020
20880.0
1030
0.0
  0
LINE
  5
F1F
330
23
100
AcDbEntity
  8
KC-2B Wall Name
  6
Continuous
100
AcDbLine
 10
25073.87999911152
 20
24301.76925821102
 30
0.0
 11
25098.53305246646
 21
24326.42231156596
 31
0.0
1001
ACAD
1010
345980.0
1020
20880.0
1030
0.0
  0
LINE
  5
F20
330
23
100
AcDbEntity
  8
KC-2B Wall Name
  6
Continuous
100
AcDbLine
 10
25098.58608547586
 20
24326.47534457536
 30
0.0
 11
25112.51019928709
 21
24340.39945838659
 31
0.0
1001
ACAD
1010
345980.0
1020
20880.0
1030
0.0
  0
LINE
  5
F21
330
23
100
AcDbEntity
  8
KC-2B Wall Name
  6
Continuous
100
AcDbLine
 10
25073.66594297707
 20
24300.49454190477
 30
0.0
 11
25099.06338255247
 21
24325.89198148018
 31
0.0
1001
ACAD
1010
345980.0
1020
20880.0
1030
0.0
  0
LINE
  5
F22
330
23
100
AcDbEntity
  8
KC-2B Wall Name
  6
Continuous
100
AcDbLine
 10
25099.11641556188
 20
24325.94501448958
 30
0.0
 11
25112.66270131513
 21
24339.49130024284
 31
0.0
1001
ACAD
1010
345980.0
1020
20880.0
1030
0.0
  0
LINE
  5
F23
330
23
100
AcDbEntity
  8
KC-2B Wall Name
  6
Continuous
100
AcDbLine
 10
25073.45188684261
 20
24299.21982559853
 30
0.0
 11
25099.59371263825
 21
24325.36165139417
 31
0.0
1001
ACAD
1010
345980.0
1020
20880.0
1030
0.0
  0
LINE
  5
F24
330
23
100
AcDbEntity
  8
KC-2B Wall Name
  6
Continuous
100
AcDbLine
 10
25099.64674564765
 20
24325.41468440357
 30
0.0
 11
25112.81520334294
 21
24338.58314209885
 31
0.0
1001
ACAD
1010
345980.0
1020
20880.0
1030
0.0
  0
LINE
  5
F25
330
23
100
AcDbEntity
  8
KC-2B Wall Name
  6
Continuous
100
AcDbLine
 10
25073.23783070815
 20
24297.94510929228
 30
0.0
 11
25100.12404272414
 21
24324.83132130827
 31
0.0
1001
ACAD
1010
345980.0
1020
20880.0
1030
0.0
  0
LINE
  5
F26
330
23
100
AcDbEntity
  8
KC-2B Wall Name
  6
Continuous
100
AcDbLine
 10
25100.17707573355
 20
24324.88435431768
 30
0.0
 11
25112.96770537086
 21
24337.67498395499
 31
0.0
1001
ACAD
1010
345980.0
1020
20880.0
1030
0.0
  0
LINE
  5
F27
330
23
100
AcDbEntity
  8
KC-2B Wall Name
  6
Continuous
100
AcDbLine
 10
25073.0237745737
 20
24296.67039298604
 30
0.0
 11
25100.65437281004
 21
24324.30099122238
 31
0.0
1001
ACAD
1010
345980.0
1020
20880.0
1030
0.0
  0
LINE
  5
F28
330
23
100
AcDbEntity
  8
KC-2B Wall Name
  6
Continuous
100
AcDbLine
 10
25100.70740581944
 20
24324.35402423178
 30
0.0
 11
25113.12020739878
 21
24336.76682581112
 31
0.0
1001
ACAD
1010
345980.0
1020
20880.0
1030
0.0
  0
LINE
  5
F29
330
23
100
AcDbEntity
  8
KC-2B Wall Name
  6
Continuous
100
AcDbLine
 10
25072.80971843924
 20
24295.39567667979
 30
0.0
 11
25101.18470289605
 21
24323.7706611366
 31
0.0
1001
ACAD
1010
345980.0
1020
20880.0
1030
0.0
  0
LINE
  5
F2A
330
23
100
AcDbEntity
  8
KC-2B Wall Name
  6
Continuous
100
AcDbLine
 10
25101.23773590545
 20
24323.82369414601
 30
0.0
 11
25113.27270942682
 21
24335.85866766737
 31
0.0
1001
ACAD
1010
345980.0
1020
20880.0
1030
0.0
  0
LINE
  5
F2B
330
23
100
AcDbEntity
  8
KC-2B Wall Name
  6
Continuous
100
AcDbLine
 10
25072.5956623049
 20
24294.12096037366
 30
0.0
 11
25101.71503298194
 21
24323.24033105071
 31
0.0
1001
ACAD
1010
345980.0
1020
20880.0
1030
0.0
  0
LINE
  5
F2C
330
23
100
AcDbEntity
  8
KC-2B Wall Name
  6
Continuous
100
AcDbLine
 10
25101.76806599135
 20
24323.29336406011
 30
0.0
 11
25113.42521145474
 21
24334.95050952351
 31
0.0
1001
ACAD
1010
345980.0
1020
20880.0
1030
0.0
  0
LINE
  5
F2D
330
23
100
AcDbEntity
  8
KC-2B Wall Name
  6
Continuous
100
AcDbLine
 10
25072.38160617033
 20
24292.84624406742
 30
0.0
 11
25102.24536306772
 21
24322.71000096481
 31
0.0
1001
ACAD
1010
345980.0
1020
20880.0
1030
0.0
  0
LINE
  5
F2E
330
23
100
AcDbEntity
  8
KC-2B Wall Name
  6
Continuous
100
AcDbLine
 10
25102.29839607712
 20
24322.76303397422
 30
0.0
 11
25113.57771348255
 21
24334.04235137964
 31
0.0
1001
ACAD
1010
345980.0
1020
20880.0
1030
0.0
  0
LINE
  5
F2F
330
23
100
AcDbEntity
  8
KC-2B Wall Name
  6
Continuous
100
AcDbLine
 10
25072.16755003599
 20
24291.57152776117
 30
0.0
 11
25102.77569315361
 21
24322.1796708788
 31
0.0
1001
ACAD
1010
345980.0
1020
20880.0
1030
0.0
  0
LINE
  5
F30
330
23
100
AcDbEntity
  8
KC-2B Wall Name
  6
Continuous
100
AcDbLine
 10
25102.82872616302
 20
24322.23270388821
 30
0.0
 11
25113.73021551047
 21
24333.13419323566
 31
0.0
1001
ACAD
1010
345980.0
1020
20880.0
1030
0.0
  0
LINE
  5
F31
330
23
100
AcDbEntity
  8
KC-2B Wall Name
  6
Continuous
100
AcDbLine
 10
25071.95349390153
 20
24290.29681145493
 30
0.0
 11
25103.30602323951
 21
24321.64934079291
 31
0.0
1001
ACAD
1010
345980.0
1020
20880.0
1030
0.0
  0
LINE
  5
F32
330
23
100
AcDbEntity
  8
KC-2B Wall Name
  6
Continuous
100
AcDbLine
 10
25103.35905624891
 20
24321.70237380231
 30
0.0
 11
25113.88271753851
 21
24332.22603509191
 31
0.0
1001
ACAD
1010
345980.0
1020
20880.0
1030
0.0
  0
LINE
  5
F33
330
23
100
AcDbEntity
  8
KC-2B Wall Name
  6
Continuous
100
AcDbLine
 10
25071.73943776707
 20
24289.0220951488
 30
0.0
 11
25103.8363533254
 21
24321.11901070713
 31
0.0
1001
ACAD
1010
345980.0
1020
20880.0
1030
0.0
  0
LINE
  5
F34
330
23
100
AcDbEntity
  8
KC-2B Wall Name
  6
Continuous
100
AcDbLine
 10
25103.88938633481
 20
24321.17204371653
 30
0.0
 11
25114.03521956643
 21
24331.31787694816
 31
0.0
1001
ACAD
1010
345980.0
1020
20880.0
1030
0.0
  0
LINE
  5
F35
330
23
100
AcDbEntity
  8
KC-2B Wall Name
  6
Continuous
100
AcDbLine
 10
25071.52538163261
 20
24287.74737884256
 30
0.0
 11
25104.36668341118
 21
24320.58868062112
 31
0.0
1001
ACAD
1010
345980.0
1020
20880.0
1030
0.0
  0
LINE
  5
F36
330
23
100
AcDbEntity
  8
KC-2B Wall Name
  6
Continuous
100
AcDbLine
 10
25104.41971642058
 20
24320.64171363052
 30
0.0
 11
25114.18772159424
 21
24330.40971880418
 31
0.0
1001
ACAD
1010
345980.0
1020
20880.0
1030
0.0
  0
LINE
  5
F37
330
23
100
AcDbEntity
  8
KC-2B Wall Name
  6
Continuous
100
AcDbLine
 10
25071.31132549816
 20
24286.47266253631
 30
0.0
 11
25104.89701349719
 21
24320.05835053534
 31
0.0
1001
ACAD
1010
345980.0
1020
20880.0
1030
0.0
  0
LINE
  5
F38
330
23
100
AcDbEntity
  8
KC-2B Wall Name
  6
Continuous
100
AcDbLine
 10
25104.95004650659
 20
24320.11138354475
 30
0.0
 11
25114.34022362216
 21
24329.50156066031
 31
0.0
1001
ACAD
1010
345980.0
1020
20880.0
1030
0.0
  0
LINE
  5
F39
330
23
100
AcDbEntity
  8
KC-2B Wall Name
  6
Continuous
100
AcDbLine
 10
25071.0972693637
 20
24285.19794623007
 30
0.0
 11
25105.42734358308
 21
24319.52802044945
 31
0.0
1001
ACAD
1010
345980.0
1020
20880.0
1030
0.0
  0
LINE
  5
F3A
330
23
100
AcDbEntity
  8
KC-2B Wall Name
  6
Continuous
100
AcDbLine
 10
25105.48037659249
 20
24319.58105345885
 30
0.0
 11
25114.4927256502
 21
24328.59340251656
 31
0.0
1001
ACAD
1010
345980.0
1020
20880.0
1030
0.0
  0
LINE
  5
F3B
330
23
100
AcDbEntity
  8
KC-2B Wall Name
  6
Continuous
100
AcDbLine
 10
25070.88321322924
 20
24283.92322992382
 30
0.0
 11
25105.95767366898
 21
24318.99769036355
 31
0.0
1001
ACAD
1010
345980.0
1020
20880.0
1030
0.0
  0
LINE
  5
F3C
330
23
100
AcDbEntity
  8
KC-2B Wall Name
  6
Continuous
100
AcDbLine
 10
25106.01070667838
 20
24319.05072337296
 30
0.0
 11
25114.64522767812
 21
24327.6852443727
 31
0.0
1001
ACAD
1010
345980.0
1020
20880.0
1030
0.0
  0
LINE
  5
F3D
330
23
100
AcDbEntity
  8
KC-2B Wall Name
  6
Continuous
100
AcDbLine
 10
25070.6691570949
 20
24282.64851361769
 30
0.0
 11
25106.48800375487
 21
24318.46736027766
 31
0.0
1001
ACAD
1010
345980.0
1020
20880.0
1030
0.0
  0
LINE
  5
F3E
330
23
100
AcDbEntity
  8
KC-2B Wall Name
  6
Continuous
100
AcDbLine
 10
25106.54103676428
 20
24318.52039328706
 30
0.0
 11
25114.79772970616
 21
24326.77708622895
 31
0.0
1001
ACAD
1010
345980.0
1020
20880.0
1030
0.0
  0
LINE
  5
F3F
330
23
100
AcDbEntity
  8
KC-2B Wall Name
  6
Continuous
100
AcDbLine
 10
25070.45510096045
 20
24281.37379731145
 30
0.0
 11
25107.01833384065
 21
24317.93703019165
 31
0.0
1001
ACAD
1010
345980.0
1020
20880.0
1030
0.0
  0
LINE
  5
F40
330
23
100
AcDbEntity
  8
KC-2B Wall Name
  6
Continuous
100
AcDbLine
 10
25107.07136685005
 20
24317.99006320105
 30
0.0
 11
25114.95023173385
 21
24325.86892808485
 31
0.0
1001
ACAD
1010
345980.0
1020
20880.0
1030
0.0
  0
LINE
  5
F41
330
23
100
AcDbEntity
  8
KC-2B Wall Name
  6
Continuous
100
AcDbLine
 10
25070.24104482599
 20
24280.0990810052
 30
0.0
 11
25107.54866392666
 21
24317.40670010587
 31
0.0
1001
ACAD
1010
345980.0
1020
20880.0
1030
0.0
  0
LINE
  5
F42
330
23
100
AcDbEntity
  8
KC-2B Wall Name
  6
Continuous
100
AcDbLine
 10
25107.60169693606
 20
24317.45973311528
 30
0.0
 11
25115.10273376189
 21
24324.9607699411
 31
0.0
1001
ACAD
1010
345980.0
1020
20880.0
1030
0.0
  0
LINE
  5
F43
330
23
100
AcDbEntity
  8
KC-2B Wall Name
  6
Continuous
100
AcDbLine
 10
25070.02698869153
 20
24278.82436469896
 30
0.0
 11
25108.07899401255
 21
24316.87637001998
 31
0.0
1001
ACAD
1010
345980.0
1020
20880.0
1030
0.0
  0
LINE
  5
F44
330
23
100
AcDbEntity
  8
KC-2B Wall Name
  6
Continuous
100
AcDbLine
 10
25108.13202702196
 20
24316.92940302938
 30
0.0
 11
25115.25523578981
 21
24324.05261179723
 31
0.0
1001
ACAD
1010
345980.0
1020
20880.0
1030
0.0
  0
LINE
  5
F45
330
23
100
AcDbEntity
  8
KC-2B Wall Name
  6
Continuous
100
AcDbLine
 10
25069.81293255708
 20
24277.54964839271
 30
0.0
 11
25108.60932409845
 21
24316.34603993408
 31
0.0
1001
ACAD
1010
345980.0
1020
20880.0
1030
0.0
  0
LINE
  5
F46
330
23
100
AcDbEntity
  8
KC-2B Wall Name
  6
Continuous
100
AcDbLine
 10
25108.66235710785
 20
24316.39907294349
 30
0.0
 11
25115.40773781773
 21
24323.14445365337
 31
0.0
1001
ACAD
1010
345980.0
1020
20880.0
1030
0.0
  0
LINE
  5
F47
330
23
100
AcDbEntity
  8
KC-2B Wall Name
  6
Continuous
100
AcDbLine
 10
25069.59887642274
 20
24276.27493208647
 30
0.0
 11
25109.13965418434
 21
24315.81570984807
 31
0.0
1001
ACAD
1010
345980.0
1020
20880.0
1030
0.0
  0
LINE
  5
F48
330
23
100
AcDbEntity
  8
KC-2B Wall Name
  6
Continuous
100
AcDbLine
 10
25109.19268719375
 20
24315.86874285748
 30
0.0
 11
25115.56023984565
 21
24322.23629550938
 31
0.0
1001
ACAD
1010
345980.0
1020
20880.0
1030
0.0
  0
LINE
  5
F49
330
23
100
AcDbEntity
  8
KC-2B Wall Name
  6
Continuous
100
AcDbLine
 10
25069.38482028816
 20
24275.00021578022
 30
0.0
 11
25109.66998427024
 21
24315.2853797623
 31
0.0
1001
ACAD
1010
345980.0
1020
20880.0
1030
0.0
  0
LINE
  5
F4A
330
23
100
AcDbEntity
  8
KC-2B Wall Name
  6
Continuous
100
AcDbLine
 10
25109.72301727964
 20
24315.3384127717
 30
0.0
 11
25115.71274187358
 21
24321.32813736564
 31
0.0
1001
ACAD
1010
345980.0
1020
20880.0
1030
0.0
  0
LINE
  5
F4B
330
23
100
AcDbEntity
  8
KC-2B Wall Name
  6
Continuous
100
AcDbLine
 10
25069.17076415382
 20
24273.72549947409
 30
0.0
 11
25110.20031435601
 21
24314.75504967629
 31
0.0
1001
ACAD
1010
345980.0
1020
20880.0
1030
0.0
  0
LINE
  5
F4C
330
23
100
AcDbEntity
  8
KC-2B Wall Name
  6
Continuous
100
AcDbLine
 10
25110.25334736542
 20
24314.80808268569
 30
0.0
 11
25115.86524390138
 21
24320.41997922165
 31
0.0
1001
ACAD
1010
345980.0
1020
20880.0
1030
0.0
  0
LINE
  5
F4D
330
23
100
AcDbEntity
  8
KC-2B Wall Name
  6
Continuous
100
AcDbLine
 10
25068.95670801937
 20
24272.45078316785
 30
0.0
 11
25110.73064444202
 21
24314.22471959051
 31
0.0
1001
ACAD
1010
345980.0
1020
20880.0
1030
0.0
  0
LINE
  5
F4E
330
23
100
AcDbEntity
  8
KC-2B Wall Name
  6
Continuous
100
AcDbLine
 10
25110.78367745143
 20
24314.27775259991
 30
0.0
 11
25116.01774592942
 21
24319.5118210779
 31
0.0
1001
ACAD
1010
345980.0
1020
20880.0
1030
0.0
  0
LINE
  5
F4F
330
23
100
AcDbEntity
  8
KC-2B Wall Name
  6
Continuous
100
AcDbLine
 10
25068.74265188491
 20
24271.1760668616
 30
0.0
 11
25111.26097452792
 21
24313.69438950461
 31
0.0
1001
ACAD
1010
345980.0
1020
20880.0
1030
0.0
  0
LINE
  5
F50
330
23
100
AcDbEntity
  8
KC-2B Wall Name
  6
Continuous
100
AcDbLine
 10
25111.31400753732
 20
24313.74742251402
 30
0.0
 11
25116.17024795734
 21
24318.60366293404
 31
0.0
1001
ACAD
1010
345980.0
1020
20880.0
1030
0.0
  0
LINE
  5
F51
330
23
100
AcDbEntity
  8
KC-2B Wall Name
  6
Continuous
100
AcDbLine
 10
25068.52859575045
 20
24269.90135055536
 30
0.0
 11
25111.79130461381
 21
24313.16405941872
 31
0.0
1001
ACAD
1010
345980.0
1020
20880.0
1030
0.0
  0
LINE
  5
F52
330
23
100
AcDbEntity
  8
KC-2B Wall Name
  6
Continuous
100
AcDbLine
 10
25111.84433762322
 20
24313.21709242812
 30
0.0
 11
25116.32274998527
 21
24317.69550479017
 31
0.0
1001
ACAD
1010
345980.0
1020
20880.0
1030
0.0
  0
LINE
  5
F53
330
23
100
AcDbEntity
  8
KC-2B Wall Name
  6
Continuous
100
AcDbLine
 10
25068.314539616
 20
24268.62663424911
 30
0.0
 11
25112.32163469971
 21
24312.63372933283
 31
0.0
1001
ACAD
1010
345980.0
1020
20880.0
1030
0.0
  0
LINE
  5
F54
330
23
100
AcDbEntity
  8
KC-2B Wall Name
  6
Continuous
100
AcDbLine
 10
25112.37466770911
 20
24312.68676234223
 30
0.0
 11
25116.47525201319
 21
24316.78734664631
 31
0.0
1001
ACAD
1010
345980.0
1020
20880.0
1030
0.0
  0
LINE
  5
F55
330
23
100
AcDbEntity
  8
KC-2B Wall Name
  6
Continuous
100
AcDbLine
 10
25068.10048348154
 20
24267.35191794287
 30
0.0
 11
25112.8519647856
 21
24312.10339924693
 31
0.0
1001
ACAD
1010
345980.0
1020
20880.0
1030
0.0
  0
LINE
  5
F56
330
23
100
AcDbEntity
  8
KC-2B Wall Name
  6
Continuous
100
AcDbLine
 10
25112.90499779501
 20
24312.15643225634
 30
0.0
 11
25116.62775404111
 21
24315.87918850244
 31
0.0
1001
ACAD
1010
345980.0
1020
20880.0
1030
0.0
  0
LINE
  5
F57
330
23
100
AcDbEntity
  8
KC-2B Wall Name
  6
Continuous
100
AcDbLine
 10
25067.88642734708
 20
24266.07720163674
 30
0.0
 11
25113.38229487138
 21
24311.57306916104
 31
0.0
1001
ACAD
1010
345980.0
1020
20880.0
1030
0.0
  0
LINE
  5
F58
330
23
100
AcDbEntity
  8
KC-2B Wall Name
  6
Continuous
100
AcDbLine
 10
25113.43532788078
 20
24311.62610217044
 30
0.0
 11
25116.78025606903
 21
24314.97103035869
 31
0.0
1001
ACAD
1010
345980.0
1020
20880.0
1030
0.0
  0
LINE
  5
F59
330
23
100
AcDbEntity
  8
KC-2B Wall Name
  6
Continuous
100
AcDbLine
 10
25067.67237121263
 20
24264.8024853305
 30
0.0
 11
25113.91262495727
 21
24311.04273907514
 31
0.0
1001
ACAD
1010
345980.0
1020
20880.0
1030
0.0
  0
LINE
  5
F5A
330
23
100
AcDbEntity
  8
KC-2B Wall Name
  6
Continuous
100
AcDbLine
 10
25113.96565796668
 20
24311.09577208455
 30
0.0
 11
25116.93275809707
 21
24314.06287221494
 31
0.0
1001
ACAD
1010
345980.0
1020
20880.0
1030
0.0
  0
LINE
  5
F5B
330
23
100
AcDbEntity
  8
KC-2B Wall Name
  6
Continuous
100
AcDbLine
 10
25067.45831507829
 20
24263.52776902437
 30
0.0
 11
25114.44295504317
 21
24310.51240898925
 31
0.0
1001
ACAD
1010
345980.0
1020
20880.0
1030
0.0
  0
LINE
  5
F5C
330
23
100
AcDbEntity
  8
KC-2B Wall Name
  6
Continuous
100
AcDbLine
 10
25114.49598805257
 20
24310.56544199865
 30
0.0
 11
25117.08526012499
 21
24313.15471407108
 31
0.0
1001
ACAD
1010
345980.0
1020
20880.0
1030
0.0
  0
LINE
  5
F5D
330
23
100
AcDbEntity
  8
KC-2B Wall Name
  6
Continuous
100
AcDbLine
 10
25067.24425894383
 20
24262.25305271812
 30
0.0
 11
25114.97328512906
 21
24309.98207890335
 31
0.0
1001
ACAD
1010
345980.0
1020
20880.0
1030
0.0
  0
LINE
  5
F5E
330
23
100
AcDbEntity
  8
KC-2B Wall Name
  6
Continuous
100
AcDbLine
 10
25115.02631813847
 20
24310.03511191276
 30
0.0
 11
25117.23776215292
 21
24312.24655592721
 31
0.0
1001
ACAD
1010
345980.0
1020
20880.0
1030
0.0
  0
LINE
  5
F5F
330
23
100
AcDbEntity
  8
KC-2B Wall Name
  6
Continuous
100
AcDbLine
 10
25067.03020280937
 20
24260.97833641188
 30
0.0
 11
25115.50361521507
 21
24309.45174881758
 31
0.0
1001
ACAD
1010
345980.0
1020
20880.0
1030
0.0
  0
LINE
  5
F60
330
23
100
AcDbEntity
  8
KC-2B Wall Name
  6
Continuous
100
AcDbLine
 10
25115.55664822448
 20
24309.50478182698
 30
0.0
 11
25117.39026418095
 21
24311.33839778346
 31
0.0
1001
ACAD
1010
345980.0
1020
20880.0
1030
0.0
  0
LINE
  5
F61
330
23
100
AcDbEntity
  8
KC-2B Wall Name
  6
Continuous
100
AcDbLine
 10
25066.81614667492
 20
24259.70362010563
 30
0.0
 11
25116.03394530097
 21
24308.92141873168
 31
0.0
1001
ACAD
1010
345980.0
1020
20880.0
1030
0.0
  0
LINE
  5
F62
330
23
100
AcDbEntity
  8
KC-2B Wall Name
  6
Continuous
100
AcDbLine
 10
25116.08697831037
 20
24308.97445174109
 30
0.0
 11
25117.54276620888
 21
24310.43023963959
 31
0.0
1001
ACAD
1010
345980.0
1020
20880.0
1030
0.0
  0
LINE
  5
F63
330
23
100
AcDbEntity
  8
KC-2B Wall Name
  6
Continuous
100
AcDbLine
 10
25066.60209054057
 20
24258.4289037995
 30
0.0
 11
25116.56427538686
 21
24308.39108864579
 31
0.0
1001
ACAD
1010
345980.0
1020
20880.0
1030
0.0
  0
LINE
  5
F64
330
23
100
AcDbEntity
  8
KC-2B Wall Name
  6
Continuous
100
AcDbLine
 10
25116.61730839626
 20
24308.44412165519
 30
0.0
 11
25117.6952682368
 21
24309.52208149573
 31
0.0
1001
ACAD
1010
345980.0
1020
20880.0
1030
0.0
  0
LINE
  5
F65
330
23
100
AcDbEntity
  8
KC-2B Wall Name
  6
Continuous
100
AcDbLine
 10
25066.388034406
 20
24257.15418749326
 30
0.0
 11
25117.09460547264
 21
24307.86075855989
 31
0.0
1001
ACAD
1010
345980.0
1020
20880.0
1030
0.0
  0
LINE
  5
F66
330
23
100
AcDbEntity
  8
KC-2B Wall Name
  6
Continuous
100
AcDbLine
 10
25117.14763848204
 20
24307.9137915693
 30
0.0
 11
25117.84777026449
 21
24308.61392335175
 31
0.0
1001
ACAD
1010
345980.0
1020
20880.0
1030
0.0
  0
LINE
  5
F67
330
23
100
AcDbEntity
  8
KC-2B Wall Name
  6
Continuous
100
AcDbLine
 10
25066.17397827154
 20
24255.87947118701
 30
0.0
 11
25117.62493555853
 21
24307.330428474
 31
0.0
1001
ACAD
1010
345980.0
1020
20880.0
1030
0.0
  0
LINE
  5
F68
330
23
100
AcDbEntity
  8
KC-2B Wall Name
  6
Continuous
100
AcDbLine
 10
25117.67796856794
 20
24307.3834614834
 30
0.0
 11
25118.00027229241
 21
24307.70576520788
 31
0.0
1001
ACAD
1010
345980.0
1020
20880.0
1030
0.0
  0
LINE
  5
F69
330
23
100
AcDbEntity
  8
KC-2B Wall Name
  6
Continuous
100
AcDbLine
 10
25065.9599221372
 20
24254.60475488077
 30
0.0
 11
25118.15277432057
 21
24306.79760706413
 31
0.0
1001
ACAD
1010
345980.0
1020
20880.0
1030
0.0
  0
LINE
  5
F6A
330
23
100
AcDbEntity
  8
KC-2B Wall Name
  6
Continuous
100
AcDbLine
 10
25065.74586600275
 20
24253.33003857452
 30
0.0
 11
25118.30527634849
 21
24305.88944892026
 31
0.0
1001
ACAD
1010
345980.0
1020
20880.0
1030
0.0
  0
LINE
  5
F6B
330
23
100
AcDbEntity
  8
KC-2B Wall Name
  6
Continuous
100
AcDbLine
 10
25065.53180986829
 20
24252.0553222684
 30
0.0
 11
25066.12988421775
 21
24252.65339661785
 31
0.0
1001
ACAD
1010
345980.0
1020
20880.0
1030
0.0
  0
LINE
  5
F6C
330
23
100
AcDbEntity
  8
KC-2B Wall Name
  6
Continuous
100
AcDbLine
 10
25066.18291722715
 20
24252.70642962726
 30
0.0
 11
25118.45777837629
 21
24304.9812907764
 31
0.0
1001
ACAD
1010
345980.0
1020
20880.0
1030
0.0
  0
LINE
  5
F6D
330
23
100
AcDbEntity
  8
KC-2B Wall Name
  6
Continuous
100
AcDbLine
 10
25065.31775373383
 20
24250.78060596215
 30
0.0
 11
25066.66021430376
 21
24252.12306653208
 31
0.0
1001
ACAD
1010
345980.0
1020
20880.0
1030
0.0
  0
LINE
  5
F6E
330
23
100
AcDbEntity
  8
KC-2B Wall Name
  6
Continuous
100
AcDbLine
 10
25066.71324731316
 20
24252.17609954148
 30
0.0
 11
25118.61028040433
 21
24304.07313263265
 31
0.0
1001
ACAD
1010
345980.0
1020
20880.0
1030
0.0
  0
LINE
  5
F6F
330
23
100
AcDbEntity
  8
KC-2B Wall Name
  6
Continuous
100
AcDbLine
 10
25065.10369759938
 20
24249.50588965591
 30
0.0
 11
25067.19054438954
 21
24251.59273644607
 31
0.0
1001
ACAD
1010
345980.0
1020
20880.0
1030
0.0
  0
LINE
  5
F70
330
23
100
AcDbEntity
  8
KC-2B Wall Name
  6
Continuous
100
AcDbLine
 10
25067.24357739894
 20
24251.64576945547
 30
0.0
 11
25118.76278243202
 21
24303.16497448855
 31
0.0
1001
ACAD
1010
345980.0
1020
20880.0
1030
0.0
  0
LINE
  5
F71
330
23
100
AcDbEntity
  8
KC-2B Wall Name
  6
Continuous
100
AcDbLine
 10
25064.88964146492
 20
24248.23117334966
 30
0.0
 11
25067.72087447543
 21
24251.06240636017
 31
0.0
1001
ACAD
1010
345980.0
1020
20880.0
1030
0.0
  0
LINE
  5
F72
330
23
100
AcDbEntity
  8
KC-2B Wall Name
  6
Continuous
100
AcDbLine
 10
25067.77390748484
 20
24251.11543936958
 30
0.0
 11
25118.91528445994
 21
24302.25681634468
 31
0.0
1001
ACAD
1010
345980.0
1020
20880.0
1030
0.0
  0
LINE
  5
F73
330
23
100
AcDbEntity
  8
KC-2B Wall Name
  6
Continuous
100
AcDbLine
 10
25064.67558533046
 20
24246.95645704342
 30
0.0
 11
25068.25120456133
 21
24250.53207627428
 31
0.0
1001
ACAD
1010
345980.0
1020
20880.0
1030
0.0
  0
LINE
  5
F74
330
23
100
AcDbEntity
  8
KC-2B Wall Name
  6
Continuous
100
AcDbLine
 10
25068.30423757073
 20
24250.58510928368
 30
0.0
 11
25119.06778648787
 21
24301.34865820082
 31
0.0
1001
ACAD
1010
345980.0
1020
20880.0
1030
0.0
  0
LINE
  5
F75
330
23
100
AcDbEntity
  8
KC-2B Wall Name
  6
Continuous
100
AcDbLine
 10
25064.46152919612
 20
24245.68174073729
 30
0.0
 11
25068.78153464722
 21
24250.00174618838
 31
0.0
1001
ACAD
1010
345980.0
1020
20880.0
1030
0.0
  0
LINE
  5
F76
330
23
100
AcDbEntity
  8
KC-2B Wall Name
  6
Continuous
100
AcDbLine
 10
25068.83456765662
 20
24250.05477919779
 30
0.0
 11
25119.22028851591
 21
24300.44050005707
 31
0.0
1001
ACAD
1010
345980.0
1020
20880.0
1030
0.0
  0
LINE
  5
F77
330
23
100
AcDbEntity
  8
KC-2B Wall Name
  6
Continuous
100
AcDbLine
 10
25064.24747306167
 20
24244.40702443104
 30
0.0
 11
25069.31186473323
 21
24249.47141610261
 31
0.0
1001
ACAD
1010
345980.0
1020
20880.0
1030
0.0
  0
LINE
  5
F78
330
23
100
AcDbEntity
  8
KC-2B Wall Name
  6
Continuous
100
AcDbLine
 10
25069.36489774263
 20
24249.52444911201
 30
0.0
 11
25119.37279054394
 21
24299.53234191332
 31
0.0
1001
ACAD
1010
345980.0
1020
20880.0
1030
0.0
  0
LINE
  5
F79
330
23
100
AcDbEntity
  8
KC-2B Wall Name
  6
Continuous
100
AcDbLine
 10
25064.03341692721
 20
24243.1323081248
 30
0.0
 11
25069.84219481912
 21
24248.94108601671
 31
0.0
1001
ACAD
1010
345980.0
1020
20880.0
1030
0.0
  0
LINE
  5
F7A
330
23
100
AcDbEntity
  8
KC-2B Wall Name
  6
Continuous
100
AcDbLine
 10
25069.89522782853
 20
24248.99411902612
 30
0.0
 11
25119.52529257187
 21
24298.62418376945
 31
0.0
1001
ACAD
1010
345980.0
1020
20880.0
1030
0.0
  0
LINE
  5
F7B
330
23
100
AcDbEntity
  8
KC-2B Wall Name
  6
Continuous
100
AcDbLine
 10
25063.81936079275
 20
24241.85759181855
 30
0.0
 11
25070.37252490502
 21
24248.41075593082
 31
0.0
1001
ACAD
1010
345980.0
1020
20880.0
1030
0.0
  0
LINE
  5
F7C
330
23
100
AcDbEntity
  8
KC-2B Wall Name
  6
Continuous
100
AcDbLine
 10
25070.42555791442
 20
24248.46378894022
 30
0.0
 11
25119.67779459979
 21
24297.71602562559
 31
0.0
1001
ACAD
1010
345980.0
1020
20880.0
1030
0.0
  0
LINE
  5
F7D
330
23
100
AcDbEntity
  8
KC-2B Wall Name
  6
Continuous
100
AcDbLine
 10
25063.6053046583
 20
24240.58287551231
 30
0.0
 11
25070.9028549908
 21
24247.88042584481
 31
0.0
1001
ACAD
1010
345980.0
1020
20880.0
1030
0.0
  0
LINE
  5
F7E
330
23
100
AcDbEntity
  8
KC-2B Wall Name
  6
Continuous
100
AcDbLine
 10
25070.9558880002
 20
24247.93345885421
 30
0.0
 11
25119.8302966276
 21
24296.80786748161
 31
0.0
1001
ACAD
1010
345980.0
1020
20880.0
1030
0.0
  0
LINE
  5
F7F
330
23
100
AcDbEntity
  8
KC-2B Wall Name
  6
Continuous
100
AcDbLine
 10
25063.39124852384
 20
24239.30815920606
 30
0.0
 11
25071.43318507681
 21
24247.35009575903
 31
0.0
1001
ACAD
1010
345980.0
1020
20880.0
1030
0.0
  0
LINE
  5
F80
330
23
100
AcDbEntity
  8
KC-2B Wall Name
  6
Continuous
100
AcDbLine
 10
25071.48621808621
 20
24247.40312876843
 30
0.0
 11
25119.98279865563
 21
24295.89970933786
 31
0.0
1001
ACAD
1010
345980.0
1020
20880.0
1030
0.0
  0
LINE
  5
F81
330
23
100
AcDbEntity
  8
KC-2B Wall Name
  6
Continuous
100
AcDbLine
 10
25063.17719238938
 20
24238.03344289982
 30
0.0
 11
25071.9635151627
 21
24246.81976567314
 31
0.0
1001
ACAD
1010
345980.0
1020
20880.0
1030
0.0
  0
LINE
  5
F82
330
23
100
AcDbEntity
  8
KC-2B Wall Name
  6
Continuous
100
AcDbLine
 10
25072.01654817211
 20
24246.87279868254
 30
0.0
 11
25120.13530068367
 21
24294.99155119411
 31
0.0
1001
ACAD
1010
345980.0
1020
20880.0
1030
0.0
  0
LINE
  5
F83
330
23
100
AcDbEntity
  8
KC-2B Wall Name
  6
Continuous
100
AcDbLine
 10
25062.96313625493
 20
24236.75872659357
 30
0.0
 11
25072.49384524859
 21
24246.28943558724
 31
0.0
1001
ACAD
1010
345980.0
1020
20880.0
1030
0.0
  0
LINE
  5
F84
330
23
100
AcDbEntity
  8
KC-2B Wall Name
  6
Continuous
100
AcDbLine
 10
25072.546878258
 20
24246.34246859665
 30
0.0
 11
25120.28780271159
 21
24294.08339305024
 31
0.0
1001
ACAD
1010
345980.0
1020
20880.0
1030
0.0
  0
LINE
  5
F85
330
23
100
AcDbEntity
  8
KC-2B Wall Name
  6
Continuous
100
AcDbLine
 10
25062.74908012059
 20
24235.48401028744
 30
0.0
 11
25073.02417533449
 21
24245.75910550135
 31
0.0
1001
ACAD
1010
345980.0
1020
20880.0
1030
0.0
  0
LINE
  5
F86
330
23
100
AcDbEntity
  8
KC-2B Wall Name
  6
Continuous
100
AcDbLine
 10
25073.07720834389
 20
24245.81213851075
 30
0.0
 11
25120.4403047394
 21
24293.17523490626
 31
0.0
1001
ACAD
1010
345980.0
1020
20880.0
1030
0.0
  0
LINE
  5
F87
330
23
100
AcDbEntity
  8
KC-2B Wall Name
  6
Continuous
100
AcDbLine
 10
25062.53502398613
 20
24234.2092939812
 30
0.0
 11
25073.55450542038
 21
24245.22877541545
 31
0.0
1001
ACAD
1010
345980.0
1020
20880.0
1030
0.0
  0
LINE
  5
F88
330
23
100
AcDbEntity
  8
KC-2B Wall Name
  6
Continuous
100
AcDbLine
 10
25073.60753842979
 20
24245.28180842486
 30
0.0
 11
25120.59280676732
 21
24292.26707676239
 31
0.0
1001
ACAD
1010
345980.0
1020
20880.0
1030
0.0
  0
LINE
  5
F89
330
23
100
AcDbEntity
  8
KC-2B Wall Name
  6
Continuous
100
AcDbLine
 10
25062.32096785167
 20
24232.93457767495
 30
0.0
 11
25074.08483550616
 21
24244.69844532944
 31
0.0
1001
ACAD
1010
345980.0
1020
20880.0
1030
0.0
  0
LINE
  5
F8A
330
23
100
AcDbEntity
  8
KC-2B Wall Name
  6
Continuous
100
AcDbLine
 10
25074.13786851557
 20
24244.75147833885
 30
0.0
 11
25120.74530879513
 21
24291.35891861841
 31
0.0
1001
ACAD
1010
345980.0
1020
20880.0
1030
0.0
  0
LINE
  5
F8B
330
23
100
AcDbEntity
  8
KC-2B Wall Name
  6
Continuous
100
AcDbLine
 10
25062.10691171722
 20
24231.65986136871
 30
0.0
 11
25074.61516559217
 21
24244.16811524366
 31
0.0
1001
ACAD
1010
345980.0
1020
20880.0
1030
0.0
  0
LINE
  5
F8C
330
23
100
AcDbEntity
  8
KC-2B Wall Name
  6
Continuous
100
AcDbLine
 10
25074.66819860158
 20
24244.22114825307
 30
0.0
 11
25120.89781082328
 21
24290.45076047478
 31
0.0
1001
ACAD
1010
345980.0
1020
20880.0
1030
0.0
  0
LINE
  5
F8D
330
23
100
AcDbEntity
  8
KC-2B Wall Name
  6
Continuous
100
AcDbLine
 10
25061.89285558276
 20
24230.38514506258
 30
0.0
 11
25075.14549567795
 21
24243.63778515777
 31
0.0
1001
ACAD
1010
345980.0
1020
20880.0
1030
0.0
  0
LINE
  5
F8E
330
23
100
AcDbEntity
  8
KC-2B Wall Name
  6
Continuous
100
AcDbLine
 10
25075.19852868735
 20
24243.69081816718
 30
0.0
 11
25121.05031285109
 21
24289.54260233091
 31
0.0
1001
ACAD
1010
345980.0
1020
20880.0
1030
0.0
  0
LINE
  5
F8F
330
23
100
AcDbEntity
  8
KC-2B Wall Name
  6
Continuous
100
AcDbLine
 10
25061.6787994483
 20
24229.11042875634
 30
0.0
 11
25075.67582576384
 21
24243.10745507188
 31
0.0
1001
ACAD
1010
345980.0
1020
20880.0
1030
0.0
  0
LINE
  5
F90
330
23
100
AcDbEntity
  8
KC-2B Wall Name
  6
Continuous
100
AcDbLine
 10
25075.72885877325
 20
24243.16048808128
 30
0.0
 11
25121.20281487901
 21
24288.63444418705
 31
0.0
1001
ACAD
1010
345980.0
1020
20880.0
1030
0.0
  0
LINE
  5
F91
330
23
100
AcDbEntity
  8
KC-2B Wall Name
  6
Continuous
100
AcDbLine
 10
25061.46474331396
 20
24227.83571245021
 30
0.0
 11
25076.20615584974
 21
24242.57712498598
 31
0.0
1001
ACAD
1010
345980.0
1020
20880.0
1030
0.0
  0
LINE
  5
F92
330
23
100
AcDbEntity
  8
KC-2B Wall Name
  6
Continuous
100
AcDbLine
 10
25076.25918885914
 20
24242.63015799539
 30
0.0
 11
25121.35531690693
 21
24287.72628604318
 31
0.0
1001
ACAD
1010
345980.0
1020
20880.0
1030
0.0
  0
LINE
  5
F93
330
23
100
AcDbEntity
  8
KC-2B Wall Name
  6
Continuous
100
AcDbLine
 10
25061.2506871795
 20
24226.56099614396
 30
0.0
 11
25076.73648593563
 21
24242.04679490009
 31
0.0
1001
ACAD
1010
345980.0
1020
20880.0
1030
0.0
  0
LINE
  5
F94
330
23
100
AcDbEntity
  8
KC-2B Wall Name
  6
Continuous
100
AcDbLine
 10
25076.78951894504
 20
24242.09982790949
 30
0.0
 11
25121.50781893497
 21
24286.81812789943
 31
0.0
1001
ACAD
1010
345980.0
1020
20880.0
1030
0.0
  0
LINE
  5
F95
330
23
100
AcDbEntity
  8
KC-2B Wall Name
  6
Continuous
100
AcDbLine
 10
25061.03663104505
 20
24225.28627983772
 30
0.0
 11
25077.26681602164
 21
24241.51646481431
 31
0.0
1001
ACAD
1010
345980.0
1020
20880.0
1030
0.0
  0
LINE
  5
F96
330
23
100
AcDbEntity
  8
KC-2B Wall Name
  6
Continuous
100
AcDbLine
 10
25077.31984903105
 20
24241.56949782372
 30
0.0
 11
25121.66032096301
 21
24285.90996975568
 31
0.0
1001
ACAD
1010
345980.0
1020
20880.0
1030
0.0
  0
LINE
  5
F97
330
23
100
AcDbEntity
  8
KC-2B Wall Name
  6
Continuous
100
AcDbLine
 10
25060.82257491059
 20
24224.01156353147
 30
0.0
 11
25077.79714610742
 21
24240.9861347283
 31
0.0
1001
ACAD
1010
345980.0
1020
20880.0
1030
0.0
  0
LINE
  5
F98
330
23
100
AcDbEntity
  8
KC-2B Wall Name
  6
Continuous
100
AcDbLine
 10
25077.85017911682
 20
24241.0391677377
 30
0.0
 11
25121.81282299082
 21
24285.0018116117
 31
0.0
1001
ACAD
1010
345980.0
1020
20880.0
1030
0.0
  0
LINE
  5
F99
330
23
100
AcDbEntity
  8
KC-2B Wall Name
  6
Continuous
100
AcDbLine
 10
25060.60851877613
 20
24222.73684722523
 30
0.0
 11
25078.32747619331
 21
24240.45580464241
 31
0.0
1001
ACAD
1010
345980.0
1020
20880.0
1030
0.0
  0
LINE
  5
F9A
330
23
100
AcDbEntity
  8
KC-2B Wall Name
  6
Continuous
100
AcDbLine
 10
25078.38050920272
 20
24240.50883765181
 30
0.0
 11
25121.96532501874
 21
24284.09365346783
 31
0.0
1001
ACAD
1010
345980.0
1020
20880.0
1030
0.0
  0
LINE
  5
F9B
330
23
100
AcDbEntity
  8
KC-2B Wall Name
  6
Continuous
100
AcDbLine
 10
25060.39446264168
 20
24221.4621309191
 30
0.0
 11
25078.85780627921
 21
24239.92547455663
 31
0.0
1001
ACAD
1010
345980.0
1020
20880.0
1030
0.0
  0
LINE
  5
F9C
330
23
100
AcDbEntity
  8
KC-2B Wall Name
  6
Continuous
100
AcDbLine
 10
25078.91083928861
 20
24239.97850756603
 30
0.0
 11
25122.11782704666
 21
24283.18549532408
 31
0.0
1001
ACAD
1010
345980.0
1020
20880.0
1030
0.0
  0
LINE
  5
F9D
330
23
100
AcDbEntity
  8
KC-2B Wall Name
  6
Continuous
100
AcDbLine
 10
25060.18040650722
 20
24220.18741461285
 30
0.0
 11
25079.3881363651
 21
24239.39514447073
 31
0.0
1001
ACAD
1010
345980.0
1020
20880.0
1030
0.0
  0
LINE
  5
F9E
330
23
100
AcDbEntity
  8
KC-2B Wall Name
  6
Continuous
100
AcDbLine
 10
25079.44116937451
 20
24239.44817748014
 30
0.0
 11
25122.27032907458
 21
24282.27733718022
 31
0.0
1001
ACAD
1010
345980.0
1020
20880.0
1030
0.0
  0
LINE
  5
F9F
330
23
100
AcDbEntity
  8
KC-2B Wall Name
  6
Continuous
100
AcDbLine
 10
25059.96635037276
 20
24218.91269830661
 30
0.0
 11
25079.918466451
 21
24238.86481438484
 31
0.0
1001
ACAD
1010
345980.0
1020
20880.0
1030
0.0
  0
LINE
  5
FA0
330
23
100
AcDbEntity
  8
KC-2B Wall Name
  6
Continuous
100
AcDbLine
 10
25079.9714994604
 20
24238.91784739424
 30
0.0
 11
25122.42283110251
 21
24281.36917903635
 31
0.0
1001
ACAD
1010
345980.0
1020
20880.0
1030
0.0
  0
LINE
  5
FA1
330
23
100
AcDbEntity
  8
KC-2B Wall Name
  6
Continuous
100
AcDbLine
 10
25059.75229423842
 20
24217.63798200036
 30
0.0
 11
25080.44879653689
 21
24238.33448429883
 31
0.0
1001
ACAD
1010
345980.0
1020
20880.0
1030
0.0
  0
LINE
  5
FA2
330
23
100
AcDbEntity
  8
KC-2B Wall Name
  6
Continuous
100
AcDbLine
 10
25080.50182954629
 20
24238.38751730823
 30
0.0
 11
25122.57533313043
 21
24280.46102089237
 31
0.0
1001
ACAD
1010
345980.0
1020
20880.0
1030
0.0
  0
LINE
  5
FA3
330
23
100
AcDbEntity
  8
KC-2B Wall Name
  6
Continuous
100
AcDbLine
 10
25059.53823810397
 20
24216.36326569412
 30
0.0
 11
25080.97912662278
 21
24237.80415421294
 31
0.0
1001
ACAD
1010
345980.0
1020
20880.0
1030
0.0
  0
LINE
  5
FA4
330
23
100
AcDbEntity
  8
KC-2B Wall Name
  6
Continuous
100
AcDbLine
 10
25081.03215963219
 20
24237.85718722234
 30
0.0
 11
25122.72783515847
 21
24279.55286274862
 31
0.0
1001
ACAD
1010
345980.0
1020
20880.0
1030
0.0
  0
LINE
  5
FA5
330
23
100
AcDbEntity
  8
KC-2B Wall Name
  6
Continuous
100
AcDbLine
 10
25059.32418196951
 20
24215.08854938799
 30
0.0
 11
25081.50945670868
 21
24237.27382412716
 31
0.0
1001
ACAD
1010
345980.0
1020
20880.0
1030
0.0
  0
LINE
  5
FA6
330
23
100
AcDbEntity
  8
KC-2B Wall Name
  6
Continuous
100
AcDbLine
 10
25081.56248971808
 20
24237.32685713656
 30
0.0
 11
25122.88033718627
 21
24278.64470460475
 31
0.0
1001
ACAD
1010
345980.0
1020
20880.0
1030
0.0
  0
LINE
  5
FA7
330
23
100
AcDbEntity
  8
KC-2B Wall Name
  6
Continuous
100
AcDbLine
 10
25059.11012583505
 20
24213.81383308175
 30
0.0
 11
25082.03978679457
 21
24236.74349404126
 31
0.0
1001
ACAD
1010
345980.0
1020
20880.0
1030
0.0
  0
LINE
  5
FA8
330
23
100
AcDbEntity
  8
KC-2B Wall Name
  6
Continuous
100
AcDbLine
 10
25082.09281980398
 20
24236.79652705067
 30
0.0
 11
25123.0328392142
 21
24277.73654646089
 31
0.0
1001
ACAD
1010
345980.0
1020
20880.0
1030
0.0
  0
LINE
  5
FA9
330
23
100
AcDbEntity
  8
KC-2B Wall Name
  6
Continuous
100
AcDbLine
 10
25058.8960697006
 20
24212.5391167755
 30
0.0
 11
25082.57011688035
 21
24236.21316395525
 31
0.0
1001
ACAD
1010
345980.0
1020
20880.0
1030
0.0
  0
LINE
  5
FAA
330
23
100
AcDbEntity
  8
KC-2B Wall Name
  6
Continuous
100
AcDbLine
 10
25082.62314988975
 20
24236.26619696466
 30
0.0
 11
25123.185341242
 21
24276.82838831691
 31
0.0
1001
ACAD
1010
345980.0
1020
20880.0
1030
0.0
  0
LINE
  5
FAB
330
23
100
AcDbEntity
  8
KC-2B Wall Name
  6
Continuous
100
AcDbLine
 10
25058.68201356614
 20
24211.26440046926
 30
0.0
 11
25083.10044696636
 21
24235.68283386948
 31
0.0
1001
ACAD
1010
345980.0
1020
20880.0
1030
0.0
  0
LINE
  5
FAC
330
23
100
AcDbEntity
  8
KC-2B Wall Name
  6
Continuous
100
AcDbLine
 10
25083.15347997576
 20
24235.73586687888
 30
0.0
 11
25123.33784327004
 21
24275.92023017316
 31
0.0
1001
ACAD
1010
345980.0
1020
20880.0
1030
0.0
  0
LINE
  5
FAD
330
23
100
AcDbEntity
  8
KC-2B Wall Name
  6
Continuous
100
AcDbLine
 10
25058.46795743168
 20
24209.98968416301
 30
0.0
 11
25083.63077705225
 21
24235.15250378358
 31
0.0
1001
ACAD
1010
345980.0
1020
20880.0
1030
0.0
  0
LINE
  5
FAE
330
23
100
AcDbEntity
  8
KC-2B Wall Name
  6
Continuous
100
AcDbLine
 10
25083.68381006166
 20
24235.20553679299
 30
0.0
 11
25123.49034529796
 21
24275.01207202929
 31
0.0
1001
ACAD
1010
345980.0
1020
20880.0
1030
0.0
  0
LINE
  5
FAF
330
23
100
AcDbEntity
  8
KC-2B Wall Name
  6
Continuous
100
AcDbLine
 10
25058.25390129734
 20
24208.71496785688
 30
0.0
 11
25084.16110713815
 21
24234.62217369769
 31
0.0
1001
ACAD
1010
345980.0
1020
20880.0
1030
0.0
  0
LINE
  5
FB0
330
23
100
AcDbEntity
  8
KC-2B Wall Name
  6
Continuous
100
AcDbLine
 10
25084.21414014755
 20
24234.67520670709
 30
0.0
 11
25123.64284732589
 21
24274.10391388542
 31
0.0
1001
ACAD
1010
345980.0
1020
20880.0
1030
0.0
  0
LINE
  5
FB1
330
23
100
AcDbEntity
  8
KC-2B Wall Name
  6
Continuous
100
AcDbLine
 10
25058.03984516289
 20
24207.44025155064
 30
0.0
 11
25084.69143722404
 21
24234.09184361179
 31
0.0
1001
ACAD
1010
345980.0
1020
20880.0
1030
0.0
  0
LINE
  5
FB2
330
23
100
AcDbEntity
  8
KC-2B Wall Name
  6
Continuous
100
AcDbLine
 10
25084.74447023345
 20
24234.1448766212
 30
0.0
 11
25123.79534935392
 21
24273.19575574168
 31
0.0
1001
ACAD
1010
345980.0
1020
20880.0
1030
0.0
  0
LINE
  5
FB3
330
23
100
AcDbEntity
  8
KC-2B Wall Name
  6
Continuous
100
AcDbLine
 10
25057.82578902843
 20
24206.16553524439
 30
0.0
 11
25085.22176730982
 21
24233.56151352578
 31
0.0
1001
ACAD
1010
345980.0
1020
20880.0
1030
0.0
  0
LINE
  5
FB4
330
23
100
AcDbEntity
  8
KC-2B Wall Name
  6
Continuous
100
AcDbLine
 10
25085.27480031922
 20
24233.61454653519
 30
0.0
 11
25123.94785138173
 21
24272.28759759769
 31
0.0
1001
ACAD
1010
345980.0
1020
20880.0
1030
0.0
  0
LINE
  5
FB5
330
23
100
AcDbEntity
  8
KC-2B Wall Name
  6
Continuous
100
AcDbLine
 10
25057.61173289397
 20
24204.89081893815
 30
0.0
 11
25085.75209739583
 21
24233.03118344001
 31
0.0
1001
ACAD
1010
345980.0
1020
20880.0
1030
0.0
  0
LINE
  5
FB6
330
23
100
AcDbEntity
  8
KC-2B Wall Name
  6
Continuous
100
AcDbLine
 10
25085.80513040524
 20
24233.08421644941
 30
0.0
 11
25124.10035340977
 21
24271.37943945394
 31
0.0
1001
ACAD
1010
345980.0
1020
20880.0
1030
0.0
  0
LINE
  5
FB7
330
23
100
AcDbEntity
  8
KC-2B Wall Name
  6
Continuous
100
AcDbLine
 10
25057.39767675952
 20
24203.6161026319
 30
0.0
 11
25086.28242748172
 21
24232.50085335411
 31
0.0
1001
ACAD
1010
345980.0
1020
20880.0
1030
0.0
  0
LINE
  5
FB8
330
23
100
AcDbEntity
  8
KC-2B Wall Name
  6
Continuous
100
AcDbLine
 10
25086.33546049113
 20
24232.55388636352
 30
0.0
 11
25124.25285543769
 21
24270.47128131008
 31
0.0
1001
ACAD
1010
345980.0
1020
20880.0
1030
0.0
  0
LINE
  5
FB9
330
23
100
AcDbEntity
  8
KC-2B Wall Name
  6
Continuous
100
AcDbLine
 10
25057.18362062506
 20
24202.34138632566
 30
0.0
 11
25086.81275756762
 21
24231.97052326822
 31
0.0
1001
ACAD
1010
345980.0
1020
20880.0
1030
0.0
  0
LINE
  5
FBA
330
23
100
AcDbEntity
  8
KC-2B Wall Name
  6
Continuous
100
AcDbLine
 10
25086.86579057702
 20
24232.02355627762
 30
0.0
 11
25124.40535746573
 21
24269.56312316633
 31
0.0
1001
ACAD
1010
345980.0
1020
20880.0
1030
0.0
  0
LINE
  5
FBB
330
23
100
AcDbEntity
  8
KC-2B Wall Name
  6
Continuous
100
AcDbLine
 10
25056.9695644906
 20
24201.06667001941
 30
0.0
 11
25087.3430876534
 21
24231.44019318221
 31
0.0
1001
ACAD
1010
345980.0
1020
20880.0
1030
0.0
  0
LINE
  5
FBC
330
23
100
AcDbEntity
  8
KC-2B Wall Name
  6
Continuous
100
AcDbLine
 10
25087.3961206628
 20
24231.49322619161
 30
0.0
 11
25124.55785949354
 21
24268.65496502235
 31
0.0
1001
ACAD
1010
345980.0
1020
20880.0
1030
0.0
  0
LINE
  5
FBD
330
23
100
AcDbEntity
  8
KC-2B Wall Name
  6
Continuous
100
AcDbLine
 10
25056.75550835615
 20
24199.79195371317
 30
0.0
 11
25087.87341773941
 21
24230.90986309643
 31
0.0
1001
ACAD
1010
345980.0
1020
20880.0
1030
0.0
  0
LINE
  5
FBE
330
23
100
AcDbEntity
  8
KC-2B Wall Name
  6
Continuous
100
AcDbLine
 10
25087.92645074881
 20
24230.96289610583
 30
0.0
 11
25124.71036152146
 21
24267.74680687848
 31
0.0
1001
ACAD
1010
345980.0
1020
20880.0
1030
0.0
  0
LINE
  5
FBF
330
23
100
AcDbEntity
  8
KC-2B Wall Name
  6
Continuous
100
AcDbLine
 10
25056.54145222181
 20
24198.51723740704
 30
0.0
 11
25088.40374782518
 21
24230.37953301042
 31
0.0
1001
ACAD
1010
345980.0
1020
20880.0
1030
0.0
  0
LINE
  5
FC0
330
23
100
AcDbEntity
  8
KC-2B Wall Name
  6
Continuous
100
AcDbLine
 10
25088.45678083459
 20
24230.43256601982
 30
0.0
 11
25124.86286354938
 21
24266.83864873461
 31
0.0
1001
ACAD
1010
345980.0
1020
20880.0
1030
0.0
  0
LINE
  5
FC1
330
23
100
AcDbEntity
  8
KC-2B Wall Name
  6
Continuous
100
AcDbLine
 10
25056.32739608735
 20
24197.24252110079
 30
0.0
 11
25088.9340779112
 21
24229.84920292464
 31
0.0
1001
ACAD
1010
345980.0
1020
20880.0
1030
0.0
  0
LINE
  5
FC2
330
23
100
AcDbEntity
  8
KC-2B Wall Name
  6
Continuous
100
AcDbLine
 10
25088.9871109206
 20
24229.90223593405
 30
0.0
 11
25125.01536557742
 21
24265.93049059086
 31
0.0
1001
ACAD
1010
345980.0
1020
20880.0
1030
0.0
  0
LINE
  5
FC3
330
23
100
AcDbEntity
  8
KC-2B Wall Name
  6
Continuous
100
AcDbLine
 10
25056.11333995289
 20
24195.96780479455
 30
0.0
 11
25089.46440799697
 21
24229.31887283863
 31
0.0
1001
ACAD
1010
345980.0
1020
20880.0
1030
0.0
  0
LINE
  5
FC4
330
23
100
AcDbEntity
  8
KC-2B Wall Name
  6
Continuous
100
AcDbLine
 10
25089.51744100638
 20
24229.37190584803
 30
0.0
 11
25125.16786760523
 21
24265.02233244688
 31
0.0
1001
ACAD
1010
345980.0
1020
20880.0
1030
0.0
  0
LINE
  5
FC5
330
23
100
AcDbEntity
  8
KC-2B Wall Name
  6
Continuous
100
AcDbLine
 10
25055.89928381843
 20
24194.69308848842
 30
0.0
 11
25089.99473808287
 21
24228.78854275285
 31
0.0
1001
ACAD
1010
345980.0
1020
20880.0
1030
0.0
  0
LINE
  5
FC6
330
23
100
AcDbEntity
  8
KC-2B Wall Name
  6
Continuous
100
AcDbLine
 10
25090.04777109227
 20
24228.84157576226
 30
0.0
 11
25125.32036963315
 21
24264.11417430313
 31
0.0
1001
ACAD
1010
345980.0
1020
20880.0
1030
0.0
  0
LINE
  5
FC7
330
23
100
AcDbEntity
  8
KC-2B Wall Name
  6
Continuous
100
AcDbLine
 10
25055.68522768398
 20
24193.41837218218
 30
0.0
 11
25090.52506816876
 21
24228.25821266696
 31
0.0
1001
ACAD
1010
345980.0
1020
20880.0
1030
0.0
  0
LINE
  5
FC8
330
23
100
AcDbEntity
  8
KC-2B Wall Name
  6
Continuous
100
AcDbLine
 10
25090.57810117817
 20
24228.31124567636
 30
0.0
 11
25125.47287166107
 21
24263.20601615927
 31
0.0
1001
ACAD
1010
345980.0
1020
20880.0
1030
0.0
  0
LINE
  5
FC9
330
23
100
AcDbEntity
  8
KC-2B Wall Name
  6
Continuous
100
AcDbLine
 10
25055.47117154952
 20
24192.14365587593
 30
0.0
 11
25091.05539825477
 21
24227.72788258118
 31
0.0
1001
ACAD
1010
345980.0
1020
20880.0
1030
0.0
  0
LINE
  5
FCA
330
23
100
AcDbEntity
  8
KC-2B Wall Name
  6
Continuous
100
AcDbLine
 10
25091.10843126418
 20
24227.78091559059
 30
0.0
 11
25125.62537368911
 21
24262.29785801552
 31
0.0
1001
ACAD
1010
345980.0
1020
20880.0
1030
0.0
  0
LINE
  5
FCB
330
23
100
AcDbEntity
  8
KC-2B Wall Name
  6
Continuous
100
AcDbLine
 10
25055.25711541518
 20
24190.8689395698
 30
0.0
 11
25091.58572834067
 21
24227.19755249529
 31
0.0
1001
ACAD
1010
345980.0
1020
20880.0
1030
0.0
  0
LINE
  5
FCC
330
23
100
AcDbEntity
  8
KC-2B Wall Name
  6
Continuous
100
AcDbLine
 10
25091.63876135007
 20
24227.25058550469
 30
0.0
 11
25125.77787571691
 21
24261.38969987154
 31
0.0
1001
ACAD
1010
345980.0
1020
20880.0
1030
0.0
  0
LINE
  5
FCD
330
23
100
AcDbEntity
  8
KC-2B Wall Name
  6
Continuous
100
AcDbLine
 10
25055.04305928072
 20
24189.59422326356
 30
0.0
 11
25092.11605842644
 21
24226.66722240928
 31
0.0
1001
ACAD
1010
345980.0
1020
20880.0
1030
0.0
  0
LINE
  5
FCE
330
23
100
AcDbEntity
  8
KC-2B Wall Name
  6
Continuous
100
AcDbLine
 10
25092.16909143585
 20
24226.72025541868
 30
0.0
 11
25125.93037774495
 21
24260.48154172779
 31
0.0
1001
ACAD
1010
345980.0
1020
20880.0
1030
0.0
  0
LINE
  5
FCF
330
23
100
AcDbEntity
  8
KC-2B Wall Name
  6
Continuous
100
AcDbLine
 10
25054.82900314627
 20
24188.31950695731
 30
0.0
 11
25092.64638851234
 21
24226.13689232338
 31
0.0
1001
ACAD
1010
345980.0
1020
20880.0
1030
0.0
  0
LINE
  5
FD0
330
23
100
AcDbEntity
  8
KC-2B Wall Name
  6
Continuous
100
AcDbLine
 10
25092.69942152174
 20
24226.18992533279
 30
0.0
 11
25126.08287977288
 21
24259.57338358392
 31
0.0
1001
ACAD
1010
345980.0
1020
20880.0
1030
0.0
  0
LINE
  5
FD1
330
23
100
AcDbEntity
  8
KC-2B Wall Name
  6
Continuous
100
AcDbLine
 10
25054.61494701181
 20
24187.04479065107
 30
0.0
 11
25093.17671859823
 21
24225.60656223749
 31
0.0
1001
ACAD
1010
345980.0
1020
20880.0
1030
0.0
  0
LINE
  5
FD2
330
23
100
AcDbEntity
  8
KC-2B Wall Name
  6
Continuous
100
AcDbLine
 10
25093.22975160764
 20
24225.65959524689
 30
0.0
 11
25126.2353818008
 21
24258.66522544005
 31
0.0
1001
ACAD
1010
345980.0
1020
20880.0
1030
0.0
  0
LINE
  5
FD3
330
23
100
AcDbEntity
  8
KC-2B Wall Name
  6
Continuous
100
AcDbLine
 10
25054.40089087735
 20
24185.77007434482
 30
0.0
 11
25093.70704868424
 21
24225.07623215171
 31
0.0
1001
ACAD
1010
345980.0
1020
20880.0
1030
0.0
  0
LINE
  5
FD4
330
23
100
AcDbEntity
  8
KC-2B Wall Name
  6
Continuous
100
AcDbLine
 10
25093.76008169365
 20
24225.12926516111
 30
0.0
 11
25126.38788382872
 21
24257.75706729619
 31
0.0
1001
ACAD
1010
345980.0
1020
20880.0
1030
0.0
  0
LINE
  5
FD5
330
23
100
AcDbEntity
  8
KC-2B Wall Name
  6
Continuous
100
AcDbLine
 10
25054.1868347429
 20
24184.49535803869
 30
0.0
 11
25094.2373787699
 21
24224.5459020657
 31
0.0
1001
ACAD
1010
345980.0
1020
20880.0
1030
0.0
  0
LINE
  5
FD6
330
23
100
AcDbEntity
  8
KC-2B Wall Name
  6
Continuous
100
AcDbLine
 10
25094.29041177931
 20
24224.5989350751
 30
0.0
 11
25126.54038585641
 21
24256.84890915221
 31
0.0
1001
ACAD
1010
345980.0
1020
20880.0
1030
0.0
  0
LINE
  5
FD7
330
23
100
AcDbEntity
  8
KC-2B Wall Name
  6
Continuous
100
AcDbLine
 10
25053.97277860844
 20
24183.22064173245
 30
0.0
 11
25094.76770885591
 21
24224.01557197992
 31
0.0
1001
ACAD
1010
345980.0
1020
20880.0
1030
0.0
  0
LINE
  5
FD8
330
23
100
AcDbEntity
  8
KC-2B Wall Name
  6
Continuous
100
AcDbLine
 10
25094.82074186532
 20
24224.06860498933
 30
0.0
 11
25126.69288788456
 21
24255.94075100857
 31
0.0
1001
ACAD
1010
345980.0
1020
20880.0
1030
0.0
  0
LINE
  5
FD9
330
23
100
AcDbEntity
  8
KC-2B Wall Name
  6
Continuous
100
AcDbLine
 10
25053.75872247398
 20
24181.9459254262
 30
0.0
 11
25095.29803894169
 21
24223.48524189391
 31
0.0
1001
ACAD
1010
345980.0
1020
20880.0
1030
0.0
  0
LINE
  5
FDA
330
23
100
AcDbEntity
  8
KC-2B Wall Name
  6
Continuous
100
AcDbLine
 10
25095.3510719511
 20
24223.53827490332
 30
0.0
 11
25126.84538991237
 21
24255.03259286459
 31
0.0
1001
ACAD
1010
345980.0
1020
20880.0
1030
0.0
  0
LINE
  5
FDB
330
23
100
AcDbEntity
  8
KC-2B Wall Name
  6
Continuous
100
AcDbLine
 10
25053.54466633964
 20
24180.67120911996
 30
0.0
 11
25095.8283690277
 21
24222.95491180802
 31
0.0
1001
ACAD
1010
345980.0
1020
20880.0
1030
0.0
  0
LINE
  5
FDC
330
23
100
AcDbEntity
  8
KC-2B Wall Name
  6
Continuous
100
AcDbLine
 10
25095.88140203711
 20
24223.00794481742
 30
0.0
 11
25126.99789194041
 21
24254.12443472072
 31
0.0
1001
ACAD
1010
345980.0
1020
20880.0
1030
0.0
  0
LINE
  5
FDD
330
23
100
AcDbEntity
  8
KC-2B Wall Name
  6
Continuous
100
AcDbLine
 10
25053.33061020519
 20
24179.39649281371
 30
0.0
 11
25096.3586991136
 21
24222.42458172212
 31
0.0
1001
ACAD
1010
345980.0
1020
20880.0
1030
0.0
  0
LINE
  5
FDE
330
23
100
AcDbEntity
  8
KC-2B Wall Name
  6
Continuous
100
AcDbLine
 10
25096.411732123
 20
24222.47761473153
 30
0.0
 11
25127.15039396833
 21
24253.21627657686
 31
0.0
1001
ACAD
1010
345980.0
1020
20880.0
1030
0.0
  0
LINE
  5
FDF
330
23
100
AcDbEntity
  8
KC-2B Wall Name
  6
Continuous
100
AcDbLine
 10
25053.11655407073
 20
24178.12177650759
 30
0.0
 11
25096.88902919937
 21
24221.89425163623
 31
0.0
1001
ACAD
1010
345980.0
1020
20880.0
1030
0.0
  0
LINE
  5
FE0
330
23
100
AcDbEntity
  8
KC-2B Wall Name
  6
Continuous
100
AcDbLine
 10
25096.94206220878
 20
24221.94728464563
 30
0.0
 11
25127.30289599614
 21
24252.30811843299
 31
0.0
1001
ACAD
1010
345980.0
1020
20880.0
1030
0.0
  0
LINE
  5
FE1
330
23
100
AcDbEntity
  8
KC-2B Wall Name
  6
Continuous
100
AcDbLine
 10
25052.90249793627
 20
24176.84706020134
 30
0.0
 11
25097.41935928538
 21
24221.36392155045
 31
0.0
1001
ACAD
1010
345980.0
1020
20880.0
1030
0.0
  0
LINE
  5
FE2
330
23
100
AcDbEntity
  8
KC-2B Wall Name
  6
Continuous
100
AcDbLine
 10
25097.47239229479
 20
24221.41695455986
 30
0.0
 11
25127.45539802418
 21
24251.39996028924
 31
0.0
1001
ACAD
1010
345980.0
1020
20880.0
1030
0.0
  0
LINE
  5
FE3
330
23
100
AcDbEntity
  8
KC-2B Wall Name
  6
Continuous
100
AcDbLine
 10
25052.68844180182
 20
24175.5723438951
 30
0.0
 11
25097.94968937128
 21
24220.83359146456
 31
0.0
1001
ACAD
1010
345980.0
1020
20880.0
1030
0.0
  0
LINE
  5
FE4
330
23
100
AcDbEntity
  8
KC-2B Wall Name
  6
Continuous
100
AcDbLine
 10
25098.00272238068
 20
24220.88662447396
 30
0.0
 11
25127.6079000521
 21
24250.49180214538
 31
0.0
1001
ACAD
1010
345980.0
1020
20880.0
1030
0.0
  0
LINE
  5
FE5
330
23
100
AcDbEntity
  8
KC-2B Wall Name
  6
Continuous
100
AcDbLine
 10
25052.47438566736
 20
24174.29762758885
 30
0.0
 11
25098.48001945717
 21
24220.30326137866
 31
0.0
1001
ACAD
1010
345980.0
1020
20880.0
1030
0.0
  0
LINE
  5
FE6
330
23
100
AcDbEntity
  8
KC-2B Wall Name
  6
Continuous
100
AcDbLine
 10
25098.53305246658
 20
24220.35629438807
 30
0.0
 11
25127.76040208002
 21
24249.58364400151
 31
0.0
1001
ACAD
1010
345980.0
1020
20880.0
1030
0.0
  0
LINE
  5
FE7
330
23
100
AcDbEntity
  8
KC-2B Wall Name
  6
Continuous
100
AcDbLine
 10
25052.26032953302
 20
24173.02291128261
 30
0.0
 11
25099.01034954307
 21
24219.77293129265
 31
0.0
1001
ACAD
1010
345980.0
1020
20880.0
1030
0.0
  0
LINE
  5
FE8
330
23
100
AcDbEntity
  8
KC-2B Wall Name
  6
Continuous
100
AcDbLine
 10
25099.06338255247
 20
24219.82596430206
 30
0.0
 11
25127.91290410806
 21
24248.67548585765
 31
0.0
1001
ACAD
1010
345980.0
1020
20880.0
1030
0.0
  0
LINE
  5
FE9
330
23
100
AcDbEntity
  8
KC-2B Wall Name
  6
Continuous
100
AcDbLine
 10
25052.04627339856
 20
24171.74819497636
 30
0.0
 11
25099.54067962908
 21
24219.24260120688
 31
0.0
1001
ACAD
1010
345980.0
1020
20880.0
1030
0.0
  0
LINE
  5
FEA
330
23
100
AcDbEntity
  8
KC-2B Wall Name
  6
Continuous
100
AcDbLine
 10
25099.59371263848
 20
24219.29563421628
 30
0.0
 11
25128.0654061361
 21
24247.7673277139
 31
0.0
1001
ACAD
1010
345980.0
1020
20880.0
1030
0.0
  0
LINE
  5
FEB
330
23
100
AcDbEntity
  8
KC-2B Wall Name
  6
Continuous
100
AcDbLine
 10
25051.83221726411
 20
24170.47347867023
 30
0.0
 11
25100.07100971485
 21
24218.71227112098
 31
0.0
1001
ACAD
1010
345980.0
1020
20880.0
1030
0.0
  0
LINE
  5
FEC
330
23
100
AcDbEntity
  8
KC-2B Wall Name
  6
Continuous
100
AcDbLine
 10
25100.12404272426
 20
24218.76530413039
 30
0.0
 11
25128.2179081639
 21
24246.85916957003
 31
0.0
1001
ACAD
1010
345980.0
1020
20880.0
1030
0.0
  0
LINE
  5
FED
330
23
100
AcDbEntity
  8
KC-2B Wall Name
  6
Continuous
100
AcDbLine
 10
25051.61816112965
 20
24169.19876236399
 30
0.0
 11
25100.60133980075
 21
24218.18194103509
 31
0.0
1001
ACAD
1010
345980.0
1020
20880.0
1030
0.0
  0
LINE
  5
FEE
330
23
100
AcDbEntity
  8
KC-2B Wall Name
  6
Continuous
100
AcDbLine
 10
25100.65437281015
 20
24218.23497404449
 30
0.0
 11
25128.37041019183
 21
24245.95101142616
 31
0.0
1001
ACAD
1010
345980.0
1020
20880.0
1030
0.0
  0
LINE
  5
FEF
330
23
100
AcDbEntity
  8
KC-2B Wall Name
  6
Continuous
100
AcDbLine
 10
25051.40410499519
 20
24167.92404605774
 30
0.0
 11
25101.13166988664
 21
24217.65161094919
 31
0.0
1001
ACAD
1010
345980.0
1020
20880.0
1030
0.0
  0
LINE
  5
FF0
330
23
100
AcDbEntity
  8
KC-2B Wall Name
  6
Continuous
100
AcDbLine
 10
25101.18470289605
 20
24217.7046439586
 30
0.0
 11
25128.52291221975
 21
24245.0428532823
 31
0.0
1001
ACAD
1010
345980.0
1020
20880.0
1030
0.0
  0
LINE
  5
FF1
330
23
100
AcDbEntity
  8
KC-2B Wall Name
  6
Continuous
100
AcDbLine
 10
25051.19004886074
 20
24166.6493297515
 30
0.0
 11
25101.66199997242
 21
24217.12128086318
 31
0.0
1001
ACAD
1010
345980.0
1020
20880.0
1030
0.0
  0
LINE
  5
FF2
330
23
100
AcDbEntity
  8
KC-2B Wall Name
  6
Continuous
100
AcDbLine
 10
25101.71503298183
 20
24217.17431387259
 30
0.0
 11
25128.67541424755
 21
24244.13469513832
 31
0.0
1001
ACAD
1010
345980.0
1020
20880.0
1030
0.0
  0
LINE
  5
FF3
330
23
100
AcDbEntity
  8
KC-2B Wall Name
  6
Continuous
100
AcDbLine
 10
25050.97599272628
 20
24165.37461344525
 30
0.0
 11
25102.19233005831
 21
24216.59095077729
 31
0.0
1001
ACAD
1010
345980.0
1020
20880.0
1030
0.0
  0
LINE
  5
FF4
330
23
100
AcDbEntity
  8
KC-2B Wall Name
  6
Continuous
100
AcDbLine
 10
25102.24536306772
 20
24216.64398378669
 30
0.0
 11
25128.82791627548
 21
24243.22653699445
 31
0.0
1001
ACAD
1010
345980.0
1020
20880.0
1030
0.0
  0
LINE
  5
FF5
330
23
100
AcDbEntity
  8
KC-2B Wall Name
  6
Continuous
100
AcDbLine
 10
25050.76193659182
 20
24164.09989713901
 30
0.0
 11
25102.72266014433
 21
24216.06062069151
 31
0.0
1001
ACAD
1010
345980.0
1020
20880.0
1030
0.0
  0
LINE
  5
FF6
330
23
100
AcDbEntity
  8
KC-2B Wall Name
  6
Continuous
100
AcDbLine
 10
25102.77569315373
 20
24216.11365370092
 30
0.0
 11
25128.98041830352
 21
24242.3183788507
 31
0.0
1001
ACAD
1010
345980.0
1020
20880.0
1030
0.0
  0
LINE
  5
FF7
330
23
100
AcDbEntity
  8
KC-2B Wall Name
  6
Continuous
100
AcDbLine
 10
25050.54788045736
 20
24162.82518083276
 30
0.0
 11
25103.2529902301
 21
24215.5302906055
 31
0.0
1001
ACAD
1010
345980.0
1020
20880.0
1030
0.0
  0
LINE
  5
FF8
330
23
100
AcDbEntity
  8
KC-2B Wall Name
  6
Continuous
100
AcDbLine
 10
25103.30602323951
 20
24215.5833236149
 30
0.0
 11
25129.13292033144
 21
24241.41022070684
 31
0.0
1001
ACAD
1010
345980.0
1020
20880.0
1030
0.0
  0
LINE
  5
FF9
330
23
100
AcDbEntity
  8
KC-2B Wall Name
  6
Continuous
100
AcDbLine
 10
25050.33382432302
 20
24161.55046452663
 30
0.0
 11
25050.69727871765
 21
24161.91391892126
 31
0.0
1001
ACAD
1010
345980.0
1020
20880.0
1030
0.0
  0
LINE
  5
FFA
330
23
100
AcDbEntity
  8
KC-2B Wall Name
  6
Continuous
100
AcDbLine
 10
25050.75031172705
 20
24161.96695193066
 30
0.0
 11
25103.783320316
 21
24214.99996051961
 31
0.0
1001
ACAD
1010
345980.0
1020
20880.0
1030
0.0
  0
LINE
  5
FFB
330
23
100
AcDbEntity
  8
KC-2B Wall Name
  6
Continuous
100
AcDbLine
 10
25103.8363533254
 20
24215.05299352901
 30
0.0
 11
25129.28542235936
 21
24240.50206256297
 31
0.0
1001
ACAD
1010
345980.0
1020
20880.0
1030
0.0
  0
LINE
  5
FFC
330
23
100
AcDbEntity
  8
KC-2B Wall Name
  6
Continuous
100
AcDbLine
 10
25050.11976818857
 20
24160.27574822039
 30
0.0
 11
25051.22760880366
 21
24161.38358883548
 31
0.0
1001
ACAD
1010
345980.0
1020
20880.0
1030
0.0
  0
LINE
  5
FFD
330
23
100
AcDbEntity
  8
KC-2B Wall Name
  6
Continuous
100
AcDbLine
 10
25051.28064181306
 20
24161.43662184488
 30
0.0
 11
25104.31365040201
 21
24214.46963043383
 31
0.0
1001
ACAD
1010
345980.0
1020
20880.0
1030
0.0
  0
LINE
  5
FFE
330
23
100
AcDbEntity
  8
KC-2B Wall Name
  6
Continuous
100
AcDbLine
 10
25104.36668341141
 20
24214.52266344323
 30
0.0
 11
25129.4379243874
 21
24239.59390441922
 31
0.0
1001
ACAD
1010
345980.0
1020
20880.0
1030
0.0
  0
LINE
  5
FFF
330
23
100
AcDbEntity
  8
KC-2B Wall Name
  6
Continuous
100
AcDbLine
 10
25049.90571205411
 20
24159.00103191426
 30
0.0
 11
25051.75793888944
 21
24160.85325874959
 31
0.0
1001
ACAD
1010
345980.0
1020
20880.0
1030
0.0
  0
LINE
  5
1000
330
23
100
AcDbEntity
  8
KC-2B Wall Name
  6
Continuous
100
AcDbLine
 10
25051.81097189884
 20
24160.90629175899
 30
0.0
 11
25104.84398048779
 21
24213.93930034793
 31
0.0
1001
ACAD
1010
345980.0
1020
20880.0
1030
0.0
  0
LINE
  5
1001
330
23
100
AcDbEntity
  8
KC-2B Wall Name
  6
Continuous
100
AcDbLine
 10
25104.89701349719
 20
24213.99233335734
 30
0.0
 11
25129.59042641521
 21
24238.68574627535
 31
0.0
1001
ACAD
1010
345980.0
1020
20880.0
1030
0.0
  0
LINE
  5
1002
330
23
100
AcDbEntity
  8
KC-2B Wall Name
  6
Continuous
100
AcDbLine
 10
25049.69165591965
 20
24157.72631560802
 30
0.0
 11
25052.28826897533
 21
24160.32292866369
 31
0.0
1001
ACAD
1010
345980.0
1020
20880.0
1030
0.0
  0
LINE
  5
1003
330
23
100
AcDbEntity
  8
KC-2B Wall Name
  6
Continuous
100
AcDbLine
 10
25052.34130198474
 20
24160.3759616731
 30
0.0
 11
25105.37431057368
 21
24213.40897026204
 31
0.0
1001
ACAD
1010
345980.0
1020
20880.0
1030
0.0
  0
LINE
  5
1004
330
23
100
AcDbEntity
  8
KC-2B Wall Name
  6
Continuous
100
AcDbLine
 10
25105.42734358308
 20
24213.46200327144
 30
0.0
 11
25129.74292844313
 21
24237.77758813149
 31
0.0
1001
ACAD
1010
345980.0
1020
20880.0
1030
0.0
  0
LINE
  5
1005
330
23
100
AcDbEntity
  8
KC-2B Wall Name
  6
Continuous
100
AcDbLine
 10
25049.4775997852
 20
24156.45159930177
 30
0.0
 11
25052.81859906111
 21
24159.79259857768
 31
0.0
1001
ACAD
1010
345980.0
1020
20880.0
1030
0.0
  0
LINE
  5
1006
330
23
100
AcDbEntity
  8
KC-2B Wall Name
  6
Continuous
100
AcDbLine
 10
25052.87163207051
 20
24159.84563158709
 30
0.0
 11
25105.90464065946
 21
24212.87864017603
 31
0.0
1001
ACAD
1010
345980.0
1020
20880.0
1030
0.0
  0
LINE
  5
1007
330
23
100
AcDbEntity
  8
KC-2B Wall Name
  6
Continuous
100
AcDbLine
 10
25105.95767366886
 20
24212.93167318543
 30
0.0
 11
25129.89543047082
 21
24236.86942998739
 31
0.0
1001
ACAD
1010
345980.0
1020
20880.0
1030
0.0
  0
LINE
  5
1008
330
23
100
AcDbEntity
  8
KC-2B Wall Name
  6
Continuous
100
AcDbLine
 10
25049.26354365074
 20
24155.17688299553
 30
0.0
 11
25053.34892914712
 21
24159.2622684919
 31
0.0
1001
ACAD
1010
345980.0
1020
20880.0
1030
0.0
  0
LINE
  5
1009
330
23
100
AcDbEntity
  8
KC-2B Wall Name
  6
Continuous
100
AcDbLine
 10
25053.40196215652
 20
24159.31530150131
 30
0.0
 11
25106.43497074547
 21
24212.34831009025
 31
0.0
1001
ACAD
1010
345980.0
1020
20880.0
1030
0.0
  0
LINE
  5
100A
330
23
100
AcDbEntity
  8
KC-2B Wall Name
  6
Continuous
100
AcDbLine
 10
25106.48800375487
 20
24212.40134309966
 30
0.0
 11
25130.04793249909
 21
24235.96127184387
 31
0.0
1001
ACAD
1010
345980.0
1020
20880.0
1030
0.0
  0
LINE
  5
100B
330
23
100
AcDbEntity
  8
KC-2B Wall Name
  6
Continuous
100
AcDbLine
 10
25049.0494875164
 20
24153.9021666894
 30
0.0
 11
25053.87925923301
 21
24158.73193840601
 31
0.0
1001
ACAD
1010
345980.0
1020
20880.0
1030
0.0
  0
LINE
  5
100C
330
23
100
AcDbEntity
  8
KC-2B Wall Name
  6
Continuous
100
AcDbLine
 10
25053.93229224242
 20
24158.78497141541
 30
0.0
 11
25106.96530083136
 21
24211.81798000436
 31
0.0
1001
ACAD
1010
345980.0
1020
20880.0
1030
0.0
  0
LINE
  5
100D
330
23
100
AcDbEntity
  8
KC-2B Wall Name
  6
Continuous
100
AcDbLine
 10
25107.01833384077
 20
24211.87101301376
 30
0.0
 11
25130.20043452701
 21
24235.05311370001
 31
0.0
1001
ACAD
1010
345980.0
1020
20880.0
1030
0.0
  0
LINE
  5
100E
330
23
100
AcDbEntity
  8
KC-2B Wall Name
  6
Continuous
100
AcDbLine
 10
25048.83543138194
 20
24152.62745038315
 30
0.0
 11
25054.40958931891
 21
24158.20160832012
 31
0.0
1001
ACAD
1010
345980.0
1020
20880.0
1030
0.0
  0
LINE
  5
100F
330
23
100
AcDbEntity
  8
KC-2B Wall Name
  6
Continuous
100
AcDbLine
 10
25054.46262232831
 20
24158.25464132952
 30
0.0
 11
25107.49563091726
 21
24211.28764991846
 31
0.0
1001
ACAD
1010
345980.0
1020
20880.0
1030
0.0
  0
LINE
  5
1010
330
23
100
AcDbEntity
  8
KC-2B Wall Name
  6
Continuous
100
AcDbLine
 10
25107.54866392666
 20
24211.34068292787
 30
0.0
 11
25130.35293655493
 21
24234.14495555614
 31
0.0
1001
ACAD
1010
345980.0
1020
20880.0
1030
0.0
  0
LINE
  5
1011
330
23
100
AcDbEntity
  8
KC-2B Wall Name
  6
Continuous
100
AcDbLine
 10
25048.62137524749
 20
24151.35273407691
 30
0.0
 11
25054.9399194048
 21
24157.67127823422
 31
0.0
1001
ACAD
1010
345980.0
1020
20880.0
1030
0.0
  0
LINE
  5
1012
330
23
100
AcDbEntity
  8
KC-2B Wall Name
  6
Continuous
100
AcDbLine
 10
25054.99295241421
 20
24157.72431124363
 30
0.0
 11
25108.02596100315
 21
24210.75731983257
 31
0.0
1001
ACAD
1010
345980.0
1020
20880.0
1030
0.0
  0
LINE
  5
1013
330
23
100
AcDbEntity
  8
KC-2B Wall Name
  6
Continuous
100
AcDbLine
 10
25108.07899401255
 20
24210.81035284197
 30
0.0
 11
25130.50543858274
 21
24233.23679741216
 31
0.0
1001
ACAD
1010
345980.0
1020
20880.0
1030
0.0
  0
LINE
  5
1014
330
23
100
AcDbEntity
  8
KC-2B Wall Name
  6
Continuous
100
AcDbLine
 10
25048.40731911303
 20
24150.07801777066
 30
0.0
 11
25055.4702494907
 21
24157.14094814833
 31
0.0
1001
ACAD
1010
345980.0
1020
20880.0
1030
0.0
  0
LINE
  5
1015
330
23
100
AcDbEntity
  8
KC-2B Wall Name
  6
Continuous
100
AcDbLine
 10
25055.5232825001
 20
24157.19398115773
 30
0.0
 11
25108.55629108904
 21
24210.22698974668
 31
0.0
1001
ACAD
1010
345980.0
1020
20880.0
1030
0.0
  0
LINE
  5
1016
330
23
100
AcDbEntity
  8
KC-2B Wall Name
  6
Continuous
100
AcDbLine
 10
25108.60932409845
 20
24210.28002275608
 30
0.0
 11
25130.65794061066
 21
24232.32863926829
 31
0.0
1001
ACAD
1010
345980.0
1020
20880.0
1030
0.0
  0
LINE
  5
1017
330
23
100
AcDbEntity
  8
KC-2B Wall Name
  6
Continuous
100
AcDbLine
 10
25048.19326297857
 20
24148.80330146453
 30
0.0
 11
25056.00057957659
 21
24156.61061806255
 31
0.0
1001
ACAD
1010
345980.0
1020
20880.0
1030
0.0
  0
LINE
  5
1018
330
23
100
AcDbEntity
  8
KC-2B Wall Name
  6
Continuous
100
AcDbLine
 10
25056.05361258599
 20
24156.66365107195
 30
0.0
 11
25109.08662117494
 21
24209.6966596609
 31
0.0
1001
ACAD
1010
345980.0
1020
20880.0
1030
0.0
  0
LINE
  5
1019
330
23
100
AcDbEntity
  8
KC-2B Wall Name
  6
Continuous
100
AcDbLine
 10
25109.13965418434
 20
24209.7496926703
 30
0.0
 11
25130.81044263858
 21
24231.42048112454
 31
0.0
1001
ACAD
1010
345980.0
1020
20880.0
1030
0.0
  0
LINE
  5
101A
330
23
100
AcDbEntity
  8
KC-2B Wall Name
  6
Continuous
100
AcDbLine
 10
25047.97920684412
 20
24147.52858515829
 30
0.0
 11
25056.53090966237
 21
24156.08028797654
 31
0.0
1001
ACAD
1010
345980.0
1020
20880.0
1030
0.0
  0
LINE
  5
101B
330
23
100
AcDbEntity
  8
KC-2B Wall Name
  6
Continuous
100
AcDbLine
 10
25056.58394267177
 20
24156.13332098594
 30
0.0
 11
25109.61695126072
 21
24209.16632957489
 31
0.0
1001
ACAD
1010
345980.0
1020
20880.0
1030
0.0
  0
LINE
  5
101C
330
23
100
AcDbEntity
  8
KC-2B Wall Name
  6
Continuous
100
AcDbLine
 10
25109.66998427012
 20
24209.21936258429
 30
0.0
 11
25130.96294466651
 21
24230.51232298068
 31
0.0
1001
ACAD
1010
345980.0
1020
20880.0
1030
0.0
  0
LINE
  5
101D
330
23
100
AcDbEntity
  8
KC-2B Wall Name
  6
Continuous
100
AcDbLine
 10
25047.76515070966
 20
24146.25386885204
 30
0.0
 11
25057.06123974838
 21
24155.54995789076
 31
0.0
1001
ACAD
1010
345980.0
1020
20880.0
1030
0.0
  0
LINE
  5
101E
330
23
100
AcDbEntity
  8
KC-2B Wall Name
  6
Continuous
100
AcDbLine
 10
25057.11427275778
 20
24155.60299090017
 30
0.0
 11
25110.14728134673
 21
24208.63599948911
 31
0.0
1001
ACAD
1010
345980.0
1020
20880.0
1030
0.0
  0
LINE
  5
101F
330
23
100
AcDbEntity
  8
KC-2B Wall Name
  6
Continuous
100
AcDbLine
 10
25110.20031435613
 20
24208.68903249851
 30
0.0
 11
25131.11544669454
 21
24229.60416483693
 31
0.0
1001
ACAD
1010
345980.0
1020
20880.0
1030
0.0
  0
LINE
  5
1020
330
23
100
AcDbEntity
  8
KC-2B Wall Name
  6
Continuous
100
AcDbLine
 10
25047.5510945752
 20
24144.9791525458
 30
0.0
 11
25057.59156983416
 21
24155.01962780475
 31
0.0
1001
ACAD
1010
345980.0
1020
20880.0
1030
0.0
  0
LINE
  5
1021
330
23
100
AcDbEntity
  8
KC-2B Wall Name
  6
Continuous
100
AcDbLine
 10
25057.64460284356
 20
24155.07266081416
 30
0.0
 11
25110.6776114325
 21
24208.1056694031
 31
0.0
1001
ACAD
1010
345980.0
1020
20880.0
1030
0.0
  0
LINE
  5
1022
330
23
100
AcDbEntity
  8
KC-2B Wall Name
  6
Continuous
100
AcDbLine
 10
25110.73064444191
 20
24208.1587024125
 30
0.0
 11
25131.26794872235
 21
24228.69600669295
 31
0.0
1001
ACAD
1010
345980.0
1020
20880.0
1030
0.0
  0
LINE
  5
1023
330
23
100
AcDbEntity
  8
KC-2B Wall Name
  6
Continuous
100
AcDbLine
 10
25047.33703844075
 20
24143.70443623955
 30
0.0
 11
25058.12189992017
 21
24154.48929771897
 31
0.0
1001
ACAD
1010
345980.0
1020
20880.0
1030
0.0
  0
LINE
  5
1024
330
23
100
AcDbEntity
  8
KC-2B Wall Name
  6
Continuous
100
AcDbLine
 10
25058.17493292957
 20
24154.54233072838
 30
0.0
 11
25111.20794151851
 21
24207.57533931732
 31
0.0
1001
ACAD
1010
345980.0
1020
20880.0
1030
0.0
  0
LINE
  5
1025
330
23
100
AcDbEntity
  8
KC-2B Wall Name
  6
Continuous
100
AcDbLine
 10
25111.26097452792
 20
24207.62837232673
 30
0.0
 11
25131.42045075039
 21
24227.7878485492
 31
0.0
1001
ACAD
1010
345980.0
1020
20880.0
1030
0.0
  0
LINE
  5
1026
330
23
100
AcDbEntity
  8
KC-2B Wall Name
  6
Continuous
100
AcDbLine
 10
25047.12298230641
 20
24142.42971993343
 30
0.0
 11
25058.65223000594
 21
24153.95896763296
 31
0.0
1001
ACAD
1010
345980.0
1020
20880.0
1030
0.0
  0
LINE
  5
1027
330
23
100
AcDbEntity
  8
KC-2B Wall Name
  6
Continuous
100
AcDbLine
 10
25058.70526301535
 20
24154.01200064237
 30
0.0
 11
25111.73827160429
 21
24207.04500923131
 31
0.0
1001
ACAD
1010
345980.0
1020
20880.0
1030
0.0
  0
LINE
  5
1028
330
23
100
AcDbEntity
  8
KC-2B Wall Name
  6
Continuous
100
AcDbLine
 10
25111.7913046137
 20
24207.09804224072
 30
0.0
 11
25131.5729527782
 21
24226.87969040521
 31
0.0
1001
ACAD
1010
345980.0
1020
20880.0
1030
0.0
  0
LINE
  5
1029
330
23
100
AcDbEntity
  8
KC-2B Wall Name
  6
Continuous
100
AcDbLine
 10
25046.90892617195
 20
24141.15500362718
 30
0.0
 11
25059.18256009195
 21
24153.42863754719
 31
0.0
1001
ACAD
1010
345980.0
1020
20880.0
1030
0.0
  0
LINE
  5
102A
330
23
100
AcDbEntity
  8
KC-2B Wall Name
  6
Continuous
100
AcDbLine
 10
25059.23559310136
 20
24153.48167055659
 30
0.0
 11
25112.2686016903
 21
24206.51467914553
 31
0.0
1001
ACAD
1010
345980.0
1020
20880.0
1030
0.0
  0
LINE
  5
102B
330
23
100
AcDbEntity
  8
KC-2B Wall Name
  6
Continuous
100
AcDbLine
 10
25112.32163469971
 20
24206.56771215494
 30
0.0
 11
25131.72545480623
 21
24225.97153226146
 31
0.0
1001
ACAD
1010
345980.0
1020
20880.0
1030
0.0
  0
LINE
  5
102C
330
23
100
AcDbEntity
  8
KC-2B Wall Name
  6
Continuous
100
AcDbLine
 10
25046.69487003749
 20
24139.88028732094
 30
0.0
 11
25059.71289017773
 21
24152.89830746118
 31
0.0
1001
ACAD
1010
345980.0
1020
20880.0
1030
0.0
  0
LINE
  5
102D
330
23
100
AcDbEntity
  8
KC-2B Wall Name
  6
Continuous
100
AcDbLine
 10
25059.76592318714
 20
24152.95134047058
 30
0.0
 11
25112.79893177608
 21
24205.98434905952
 31
0.0
1001
ACAD
1010
345980.0
1020
20880.0
1030
0.0
  0
LINE
  5
102E
330
23
100
AcDbEntity
  8
KC-2B Wall Name
  6
Continuous
100
AcDbLine
 10
25112.85196478548
 20
24206.03738206893
 30
0.0
 11
25131.87795683404
 21
24225.06337411748
 31
0.0
1001
ACAD
1010
345980.0
1020
20880.0
1030
0.0
  0
LINE
  5
102F
330
23
100
AcDbEntity
  8
KC-2B Wall Name
  6
Continuous
100
AcDbLine
 10
25046.48081390304
 20
24138.60557101469
 30
0.0
 11
25060.24322026363
 21
24152.36797737528
 31
0.0
1001
ACAD
1010
345980.0
1020
20880.0
1030
0.0
  0
LINE
  5
1030
330
23
100
AcDbEntity
  8
KC-2B Wall Name
  6
Continuous
100
AcDbLine
 10
25060.29625327303
 20
24152.42101038469
 30
0.0
 11
25113.32926186197
 21
24205.45401897363
 31
0.0
1001
ACAD
1010
345980.0
1020
20880.0
1030
0.0
  0
LINE
  5
1031
330
23
100
AcDbEntity
  8
KC-2B Wall Name
  6
Continuous
100
AcDbLine
 10
25113.38229487138
 20
24205.50705198303
 30
0.0
 11
25132.03045886208
 21
24224.15521597373
 31
0.0
1001
ACAD
1010
345980.0
1020
20880.0
1030
0.0
  0
LINE
  5
1032
330
23
100
AcDbEntity
  8
KC-2B Wall Name
  6
Continuous
100
AcDbLine
 10
25046.26675776858
 20
24137.33085470845
 30
0.0
 11
25060.77355034952
 21
24151.83764728939
 31
0.0
1001
ACAD
1010
345980.0
1020
20880.0
1030
0.0
  0
LINE
  5
1033
330
23
100
AcDbEntity
  8
KC-2B Wall Name
  6
Continuous
100
AcDbLine
 10
25060.82658335892
 20
24151.89068029879
 30
0.0
 11
25113.85959194787
 21
24204.92368888773
 31
0.0
1001
ACAD
1010
345980.0
1020
20880.0
1030
0.0
  0
LINE
  5
1034
330
23
100
AcDbEntity
  8
KC-2B Wall Name
  6
Continuous
100
AcDbLine
 10
25113.91262495727
 20
24204.97672189714
 30
0.0
 11
25132.18296089
 21
24223.24705782987
 31
0.0
1001
ACAD
1010
345980.0
1020
20880.0
1030
0.0
  0
LINE
  5
1035
330
23
100
AcDbEntity
  8
KC-2B Wall Name
  6
Continuous
100
AcDbLine
 10
25046.05270163424
 20
24136.0561384022
 30
0.0
 11
25061.30388043553
 21
24151.30731720349
 31
0.0
1001
ACAD
1010
345980.0
1020
20880.0
1030
0.0
  0
LINE
  5
1036
330
23
100
AcDbEntity
  8
KC-2B Wall Name
  6
Continuous
100
AcDbLine
 10
25061.35691344494
 20
24151.3603502129
 30
0.0
 11
25114.38992203388
 21
24204.39335880184
 31
0.0
1001
ACAD
1010
345980.0
1020
20880.0
1030
0.0
  0
LINE
  5
1037
330
23
100
AcDbEntity
  8
KC-2B Wall Name
  6
Continuous
100
AcDbLine
 10
25114.44295504328
 20
24204.44639181125
 30
0.0
 11
25132.33546291804
 21
24222.338899686
 31
0.0
1001
ACAD
1010
345980.0
1020
20880.0
1030
0.0
  0
LINE
  5
1038
330
23
100
AcDbEntity
  8
KC-2B Wall Name
  6
Continuous
100
AcDbLine
 10
25045.83864549978
 20
24134.78142209596
 30
0.0
 11
25061.83421052143
 21
24150.7769871176
 31
0.0
1001
ACAD
1010
345980.0
1020
20880.0
1030
0.0
  0
LINE
  5
1039
330
23
100
AcDbEntity
  8
KC-2B Wall Name
  6
Continuous
100
AcDbLine
 10
25061.88724353083
 20
24150.830020127
 30
0.0
 11
25114.92025211977
 21
24203.86302871595
 31
0.0
1001
ACAD
1010
345980.0
1020
20880.0
1030
0.0
  0
LINE
  5
103A
330
23
100
AcDbEntity
  8
KC-2B Wall Name
  6
Continuous
100
AcDbLine
 10
25114.97328512918
 20
24203.91606172535
 30
0.0
 11
25132.48796494596
 21
24221.43074154214
 31
0.0
1001
ACAD
1010
345980.0
1020
20880.0
1030
0.0
  0
LINE
  5
103B
330
23
100
AcDbEntity
  8
KC-2B Wall Name
  6
Continuous
100
AcDbLine
 10
25045.62458936532
 20
24133.50670578983
 30
0.0
 11
25062.36454060732
 21
24150.24665703182
 31
0.0
1001
ACAD
1010
345980.0
1020
20880.0
1030
0.0
  0
LINE
  5
103C
330
23
100
AcDbEntity
  8
KC-2B Wall Name
  6
Continuous
100
AcDbLine
 10
25062.41757361672
 20
24150.29969004123
 30
0.0
 11
25115.45058220567
 21
24203.33269863017
 31
0.0
1001
ACAD
1010
345980.0
1020
20880.0
1030
0.0
  0
LINE
  5
103D
330
23
100
AcDbEntity
  8
KC-2B Wall Name
  6
Continuous
100
AcDbLine
 10
25115.50361521507
 20
24203.38573163957
 30
0.0
 11
25132.64046697388
 21
24220.52258339839
 31
0.0
1001
ACAD
1010
345980.0
1020
20880.0
1030
0.0
  0
LINE
  5
103E
330
23
100
AcDbEntity
  8
KC-2B Wall Name
  6
Continuous
100
AcDbLine
 10
25045.41053323087
 20
24132.23198948358
 30
0.0
 11
25062.8948706931
 21
24149.71632694581
 31
0.0
1001
ACAD
1010
345980.0
1020
20880.0
1030
0.0
  0
LINE
  5
103F
330
23
100
AcDbEntity
  8
KC-2B Wall Name
  6
Continuous
100
AcDbLine
 10
25062.9479037025
 20
24149.76935995521
 30
0.0
 11
25115.98091229144
 21
24202.80236854416
 31
0.0
1001
ACAD
1010
345980.0
1020
20880.0
1030
0.0
  0
LINE
  5
1040
330
23
100
AcDbEntity
  8
KC-2B Wall Name
  6
Continuous
100
AcDbLine
 10
25116.03394530085
 20
24202.85540155356
 30
0.0
 11
25132.79296900169
 21
24219.6144252544
 31
0.0
1001
ACAD
1010
345980.0
1020
20880.0
1030
0.0
  0
LINE
  5
1041
330
23
100
AcDbEntity
  8
KC-2B Wall Name
  6
Continuous
100
AcDbLine
 10
25045.19647709641
 20
24130.95727317734
 30
0.0
 11
25063.42520077899
 21
24149.18599685992
 31
0.0
1001
ACAD
1010
345980.0
1020
20880.0
1030
0.0
  0
LINE
  5
1042
330
23
100
AcDbEntity
  8
KC-2B Wall Name
  6
Continuous
100
AcDbLine
 10
25063.4782337884
 20
24149.23902986932
 30
0.0
 11
25116.51124237734
 21
24202.27203845826
 31
0.0
1001
ACAD
1010
345980.0
1020
20880.0
1030
0.0
  0
LINE
  5
1043
330
23
100
AcDbEntity
  8
KC-2B Wall Name
  6
Continuous
100
AcDbLine
 10
25116.56427538674
 20
24202.32507146767
 30
0.0
 11
25132.94547102961
 21
24218.70626711054
 31
0.0
1001
ACAD
1010
345980.0
1020
20880.0
1030
0.0
  0
LINE
  5
1044
330
23
100
AcDbEntity
  8
KC-2B Wall Name
  6
Continuous
100
AcDbLine
 10
25044.98242096195
 20
24129.68255687109
 30
0.0
 11
25063.955530865
 21
24148.65566677414
 31
0.0
1001
ACAD
1010
345980.0
1020
20880.0
1030
0.0
  0
LINE
  5
1045
330
23
100
AcDbEntity
  8
KC-2B Wall Name
  6
Continuous
100
AcDbLine
 10
25064.00856387441
 20
24148.70869978354
 30
0.0
 11
25117.04157246335
 21
24201.74170837249
 31
0.0
1001
ACAD
1010
345980.0
1020
20880.0
1030
0.0
  0
LINE
  5
1046
330
23
100
AcDbEntity
  8
KC-2B Wall Name
  6
Continuous
100
AcDbLine
 10
25117.09460547275
 20
24201.79474138189
 30
0.0
 11
25133.09797305765
 21
24217.79810896679
 31
0.0
1001
ACAD
1010
345980.0
1020
20880.0
1030
0.0
  0
LINE
  5
1047
330
23
100
AcDbEntity
  8
KC-2B Wall Name
  6
Continuous
100
AcDbLine
 10
25044.7683648275
 20
24128.40784056485
 30
0.0
 11
25064.4858609509
 21
24148.12533668824
 31
0.0
1001
ACAD
1010
345980.0
1020
20880.0
1030
0.0
  0
LINE
  5
1048
330
23
100
AcDbEntity
  8
KC-2B Wall Name
  6
Continuous
100
AcDbLine
 10
25064.5388939603
 20
24148.17836969765
 30
0.0
 11
25117.57190254924
 21
24201.21137828659
 31
0.0
1001
ACAD
1010
345980.0
1020
20880.0
1030
0.0
  0
LINE
  5
1049
330
23
100
AcDbEntity
  8
KC-2B Wall Name
  6
Continuous
100
AcDbLine
 10
25117.62493555865
 20
24201.264411296
 30
0.0
 11
25133.25047508557
 21
24216.88995082292
 31
0.0
1001
ACAD
1010
345980.0
1020
20880.0
1030
0.0
  0
LINE
  5
104A
330
23
100
AcDbEntity
  8
KC-2B Wall Name
  6
Continuous
100
AcDbLine
 10
25044.55430869304
 20
24127.1331242586
 30
0.0
 11
25065.01619103679
 21
24147.59500660235
 31
0.0
1001
ACAD
1010
345980.0
1020
20880.0
1030
0.0
  0
LINE
  5
104B
330
23
100
AcDbEntity
  8
KC-2B Wall Name
  6
Continuous
100
AcDbLine
 10
25065.06922404619
 20
24147.64803961175
 30
0.0
 11
25118.10223263514
 21
24200.6810482007
 31
0.0
1001
ACAD
1010
345980.0
1020
20880.0
1030
0.0
  0
LINE
  5
104C
330
23
100
AcDbEntity
  8
KC-2B Wall Name
  6
Continuous
100
AcDbLine
 10
25118.15526564454
 20
24200.7340812101
 30
0.0
 11
25133.40297711338
 21
24215.98179267894
 31
0.0
1001
ACAD
1010
345980.0
1020
20880.0
1030
0.0
  0
LINE
  5
104D
330
23
100
AcDbEntity
  8
KC-2B Wall Name
  6
Continuous
100
AcDbLine
 10
25044.34025255858
 20
24125.85840795236
 30
0.0
 11
25065.54652112257
 21
24147.06467651634
 31
0.0
1001
ACAD
1010
345980.0
1020
20880.0
1030
0.0
  0
LINE
  5
104E
330
23
100
AcDbEntity
  8
KC-2B Wall Name
  6
Continuous
100
AcDbLine
 10
25065.59955413197
 20
24147.11770952574
 30
0.0
 11
25118.63256272092
 21
24200.15071811469
 31
0.0
1001
ACAD
1010
345980.0
1020
20880.0
1030
0.0
  0
LINE
  5
104F
330
23
100
AcDbEntity
  8
KC-2B Wall Name
  6
Continuous
100
AcDbLine
 10
25118.68559573032
 20
24200.20375112409
 30
0.0
 11
25133.55547914119
 21
24215.07363453496
 31
0.0
1001
ACAD
1010
345980.0
1020
20880.0
1030
0.0
  0
LINE
  5
1050
330
23
100
AcDbEntity
  8
KC-2B Wall Name
  6
Continuous
100
AcDbLine
 10
25044.12619642424
 20
24124.58369164623
 30
0.0
 11
25066.07685120846
 21
24146.53434643045
 31
0.0
1001
ACAD
1010
345980.0
1020
20880.0
1030
0.0
  0
LINE
  5
1051
330
23
100
AcDbEntity
  8
KC-2B Wall Name
  6
Continuous
100
AcDbLine
 10
25066.12988421787
 20
24146.58737943985
 30
0.0
 11
25119.16289280681
 21
24199.62038802879
 31
0.0
1001
ACAD
1010
345980.0
1020
20880.0
1030
0.0
  0
LINE
  5
1052
330
23
100
AcDbEntity
  8
KC-2B Wall Name
  6
Continuous
100
AcDbLine
 10
25119.21592581621
 20
24199.6734210382
 30
0.0
 11
25133.70798116911
 21
24214.16547639109
 31
0.0
1001
ACAD
1010
345980.0
1020
20880.0
1030
0.0
  0
LINE
  5
1053
330
23
100
AcDbEntity
  8
KC-2B Wall Name
  6
Continuous
100
AcDbLine
 10
25043.91214028979
 20
24123.3089753401
 30
0.0
 11
25066.60718129436
 21
24146.00401634467
 31
0.0
1001
ACAD
1010
345980.0
1020
20880.0
1030
0.0
  0
LINE
  5
1054
330
23
100
AcDbEntity
  8
KC-2B Wall Name
  6
Continuous
100
AcDbLine
 10
25066.66021430376
 20
24146.05704935407
 30
0.0
 11
25119.6932228927
 21
24199.09005794302
 31
0.0
1001
ACAD
1010
345980.0
1020
20880.0
1030
0.0
  0
LINE
  5
1055
330
23
100
AcDbEntity
  8
KC-2B Wall Name
  6
Continuous
100
AcDbLine
 10
25119.74625590211
 20
24199.14309095242
 30
0.0
 11
25133.86048319726
 21
24213.25731824758
 31
0.0
1001
ACAD
1010
345980.0
1020
20880.0
1030
0.0
  0
LINE
  5
1056
330
23
100
AcDbEntity
  8
KC-2B Wall Name
  6
Continuous
100
AcDbLine
 10
25043.69808415533
 20
24122.03425903386
 30
0.0
 11
25067.13751138013
 21
24145.47368625866
 31
0.0
1001
ACAD
1010
345980.0
1020
20880.0
1030
0.0
  0
LINE
  5
1057
330
23
100
AcDbEntity
  8
KC-2B Wall Name
  6
Continuous
100
AcDbLine
 10
25067.19054438954
 20
24145.52671926806
 30
0.0
 11
25120.22355297848
 21
24198.55972785701
 31
0.0
1001
ACAD
1010
345980.0
1020
20880.0
1030
0.0
  0
LINE
  5
1058
330
23
100
AcDbEntity
  8
KC-2B Wall Name
  6
Continuous
100
AcDbLine
 10
25120.27658598789
 20
24198.61276086641
 30
0.0
 11
25134.01298522507
 21
24212.34916010359
 31
0.0
1001
ACAD
1010
345980.0
1020
20880.0
1030
0.0
  0
LINE
  5
1059
330
23
100
AcDbEntity
  8
KC-2B Wall Name
  6
Continuous
100
AcDbLine
 10
25043.48402802087
 20
24120.75954272761
 30
0.0
 11
25067.66784146614
 21
24144.94335617288
 31
0.0
1001
ACAD
1010
345980.0
1020
20880.0
1030
0.0
  0
LINE
  5
105A
330
23
100
AcDbEntity
  8
KC-2B Wall Name
  6
Continuous
100
AcDbLine
 10
25067.72087447555
 20
24144.99638918228
 30
0.0
 11
25120.75388306449
 21
24198.02939777123
 31
0.0
1001
ACAD
1010
345980.0
1020
20880.0
1030
0.0
  0
LINE
  5
105B
330
23
100
AcDbEntity
  8
KC-2B Wall Name
  6
Continuous
100
AcDbLine
 10
25120.8069160739
 20
24198.08243078063
 30
0.0
 11
25134.16548725311
 21
24211.44100195984
 31
0.0
1001
ACAD
1010
345980.0
1020
20880.0
1030
0.0
  0
LINE
  5
105C
330
23
100
AcDbEntity
  8
KC-2B Wall Name
  6
Continuous
100
AcDbLine
 10
25043.26997188642
 20
24119.48482642137
 30
0.0
 11
25068.19817155204
 21
24144.41302608699
 31
0.0
1001
ACAD
1010
345980.0
1020
20880.0
1030
0.0
  0
LINE
  5
105D
330
23
100
AcDbEntity
  8
KC-2B Wall Name
  6
Continuous
100
AcDbLine
 10
25068.25120456144
 20
24144.46605909639
 30
0.0
 11
25121.28421315039
 21
24197.49906768533
 31
0.0
1001
ACAD
1010
345980.0
1020
20880.0
1030
0.0
  0
LINE
  5
105E
330
23
100
AcDbEntity
  8
KC-2B Wall Name
  6
Continuous
100
AcDbLine
 10
25121.33724615979
 20
24197.55210069474
 30
0.0
 11
25134.31798928115
 21
24210.53284381609
 31
0.0
1001
ACAD
1010
345980.0
1020
20880.0
1030
0.0
  0
LINE
  5
105F
330
23
100
AcDbEntity
  8
KC-2B Wall Name
  6
Continuous
100
AcDbLine
 10
25043.05591575208
 20
24118.21011011524
 30
0.0
 11
25068.72850163793
 21
24143.88269600109
 31
0.0
1001
ACAD
1010
345980.0
1020
20880.0
1030
0.0
  0
LINE
  5
1060
330
23
100
AcDbEntity
  8
KC-2B Wall Name
  6
Continuous
100
AcDbLine
 10
25068.78153464734
 20
24143.9357290105
 30
0.0
 11
25121.81454323628
 21
24196.96873759944
 31
0.0
1001
ACAD
1010
345980.0
1020
20880.0
1030
0.0
  0
LINE
  5
1061
330
23
100
AcDbEntity
  8
KC-2B Wall Name
  6
Continuous
100
AcDbLine
 10
25121.86757624568
 20
24197.02177060884
 30
0.0
 11
25134.47049130907
 21
24209.62468567223
 31
0.0
1001
ACAD
1010
345980.0
1020
20880.0
1030
0.0
  0
LINE
  5
1062
330
23
100
AcDbEntity
  8
KC-2B Wall Name
  6
Continuous
100
AcDbLine
 10
25042.84185961762
 20
24116.93539380899
 30
0.0
 11
25069.25883172383
 21
24143.3523659152
 31
0.0
1001
ACAD
1010
345980.0
1020
20880.0
1030
0.0
  0
LINE
  5
1063
330
23
100
AcDbEntity
  8
KC-2B Wall Name
  6
Continuous
100
AcDbLine
 10
25069.31186473323
 20
24143.4053989246
 30
0.0
 11
25122.34487332217
 21
24196.43840751355
 31
0.0
1001
ACAD
1010
345980.0
1020
20880.0
1030
0.0
  0
LINE
  5
1064
330
23
100
AcDbEntity
  8
KC-2B Wall Name
  6
Continuous
100
AcDbLine
 10
25122.39790633158
 20
24196.49144052295
 30
0.0
 11
25134.62299333687
 21
24208.71652752825
 31
0.0
1001
ACAD
1010
345980.0
1020
20880.0
1030
0.0
  0
LINE
  5
1065
330
23
100
AcDbEntity
  8
KC-2B Wall Name
  6
Continuous
100
AcDbLine
 10
25042.62780348316
 20
24115.66067750275
 30
0.0
 11
25069.78916180972
 21
24142.8220358293
 31
0.0
1001
ACAD
1010
345980.0
1020
20880.0
1030
0.0
  0
LINE
  5
1066
330
23
100
AcDbEntity
  8
KC-2B Wall Name
  6
Continuous
100
AcDbLine
 10
25069.84219481912
 20
24142.87506883871
 30
0.0
 11
25122.87520340807
 21
24195.90807742765
 31
0.0
1001
ACAD
1010
345980.0
1020
20880.0
1030
0.0
  0
LINE
  5
1067
330
23
100
AcDbEntity
  8
KC-2B Wall Name
  6
Continuous
100
AcDbLine
 10
25122.92823641747
 20
24195.96111043706
 30
0.0
 11
25134.7754953648
 21
24207.80836938438
 31
0.0
1001
ACAD
1010
345980.0
1020
20880.0
1030
0.0
  0
LINE
  5
1068
330
23
100
AcDbEntity
  8
KC-2B Wall Name
  6
Continuous
100
AcDbLine
 10
25042.41374734871
 20
24114.3859611965
 30
0.0
 11
25070.31949189561
 21
24142.29170574341
 31
0.0
1001
ACAD
1010
345980.0
1020
20880.0
1030
0.0
  0
LINE
  5
1069
330
23
100
AcDbEntity
  8
KC-2B Wall Name
  6
Continuous
100
AcDbLine
 10
25070.37252490502
 20
24142.34473875281
 30
0.0
 11
25123.40553349396
 21
24195.37774734176
 31
0.0
1001
ACAD
1010
345980.0
1020
20880.0
1030
0.0
  0
LINE
  5
106A
330
23
100
AcDbEntity
  8
KC-2B Wall Name
  6
Continuous
100
AcDbLine
 10
25123.45856650337
 20
24195.43078035116
 30
0.0
 11
25134.92799739272
 21
24206.90021124051
 31
0.0
1001
ACAD
1010
345980.0
1020
20880.0
1030
0.0
  0
LINE
  5
106B
330
23
100
AcDbEntity
  8
KC-2B Wall Name
  6
Continuous
100
AcDbLine
 10
25042.19969121425
 20
24113.11124489026
 30
0.0
 11
25070.84982198151
 21
24141.76137565752
 31
0.0
1001
ACAD
1010
345980.0
1020
20880.0
1030
0.0
  0
LINE
  5
106C
330
23
100
AcDbEntity
  8
KC-2B Wall Name
  6
Continuous
100
AcDbLine
 10
25070.90285499091
 20
24141.81440866692
 30
0.0
 11
25123.93586357986
 21
24194.84741725586
 31
0.0
1001
ACAD
1010
345980.0
1020
20880.0
1030
0.0
  0
LINE
  5
106D
330
23
100
AcDbEntity
  8
KC-2B Wall Name
  6
Continuous
100
AcDbLine
 10
25123.98889658926
 20
24194.90045026527
 30
0.0
 11
25135.08049942076
 21
24205.99205309676
 31
0.0
1001
ACAD
1010
345980.0
1020
20880.0
1030
0.0
  0
LINE
  5
106E
330
23
100
AcDbEntity
  8
KC-2B Wall Name
  6
Continuous
100
AcDbLine
 10
25041.98563507979
 20
24111.83652858413
 30
0.0
 11
25071.3801520674
 21
24141.23104557174
 31
0.0
1001
ACAD
1010
345980.0
1020
20880.0
1030
0.0
  0
LINE
  5
106F
330
23
100
AcDbEntity
  8
KC-2B Wall Name
  6
Continuous
100
AcDbLine
 10
25071.43318507681
 20
24141.28407858114
 30
0.0
 11
25124.46619366575
 21
24194.31708717009
 31
0.0
1001
ACAD
1010
345980.0
1020
20880.0
1030
0.0
  0
LINE
  5
1070
330
23
100
AcDbEntity
  8
KC-2B Wall Name
  6
Continuous
100
AcDbLine
 10
25124.51922667515
 20
24194.37012017949
 30
0.0
 11
25135.23300144868
 21
24205.08389495302
 31
0.0
1001
ACAD
1010
345980.0
1020
20880.0
1030
0.0
  0
LINE
  5
1071
330
23
100
AcDbEntity
  8
KC-2B Wall Name
  6
Continuous
100
AcDbLine
 10
25041.77157894534
 20
24110.56181227788
 30
0.0
 11
25071.91048215318
 21
24140.70071548573
 31
0.0
1001
ACAD
1010
345980.0
1020
20880.0
1030
0.0
  0
LINE
  5
1072
330
23
100
AcDbEntity
  8
KC-2B Wall Name
  6
Continuous
100
AcDbLine
 10
25071.96351516258
 20
24140.75374849513
 30
0.0
 11
25124.99652375153
 21
24193.78675708408
 31
0.0
1001
ACAD
1010
345980.0
1020
20880.0
1030
0.0
  0
LINE
  5
1073
330
23
100
AcDbEntity
  8
KC-2B Wall Name
  6
Continuous
100
AcDbLine
 10
25125.04955676093
 20
24193.83979009348
 30
0.0
 11
25135.38550347649
 21
24204.17573680903
 31
0.0
1001
ACAD
1010
345980.0
1020
20880.0
1030
0.0
  0
LINE
  5
1074
330
23
100
AcDbEntity
  8
KC-2B Wall Name
  6
Continuous
100
AcDbLine
 10
25041.55752281088
 20
24109.28709597164
 30
0.0
 11
25072.44081223907
 21
24140.17038539983
 31
0.0
1001
ACAD
1010
345980.0
1020
20880.0
1030
0.0
  0
LINE
  5
1075
330
23
100
AcDbEntity
  8
KC-2B Wall Name
  6
Continuous
100
AcDbLine
 10
25072.49384524848
 20
24140.22341840924
 30
0.0
 11
25125.52685383742
 21
24193.25642699818
 31
0.0
1001
ACAD
1010
345980.0
1020
20880.0
1030
0.0
  0
LINE
  5
1076
330
23
100
AcDbEntity
  8
KC-2B Wall Name
  6
Continuous
100
AcDbLine
 10
25125.57988684683
 20
24193.30946000759
 30
0.0
 11
25135.53800550441
 21
24203.26757866517
 31
0.0
1001
ACAD
1010
345980.0
1020
20880.0
1030
0.0
  0
LINE
  5
1077
330
23
100
AcDbEntity
  8
KC-2B Wall Name
  6
Continuous
100
AcDbLine
 10
25041.34346667642
 20
24108.01237966539
 30
0.0
 11
25072.97114232508
 21
24139.64005531406
 31
0.0
1001
ACAD
1010
345980.0
1020
20880.0
1030
0.0
  0
LINE
  5
1078
330
23
100
AcDbEntity
  8
KC-2B Wall Name
  6
Continuous
100
AcDbLine
 10
25073.02417533449
 20
24139.69308832346
 30
0.0
 11
25126.05718392343
 21
24192.7260969124
 31
0.0
1001
ACAD
1010
345980.0
1020
20880.0
1030
0.0
  0
LINE
  5
1079
330
23
100
AcDbEntity
  8
KC-2B Wall Name
  6
Continuous
100
AcDbLine
 10
25126.11021693284
 20
24192.77912992181
 30
0.0
 11
25135.69050753233
 21
24202.3594205213
 31
0.0
1001
ACAD
1010
345980.0
1020
20880.0
1030
0.0
  0
LINE
  5
107A
330
23
100
AcDbEntity
  8
KC-2B Wall Name
  6
Continuous
100
AcDbLine
 10
25041.12941054197
 20
24106.73766335915
 30
0.0
 11
25073.50147241086
 21
24139.10972522805
 31
0.0
1001
ACAD
1010
345980.0
1020
20880.0
1030
0.0
  0
LINE
  5
107B
330
23
100
AcDbEntity
  8
KC-2B Wall Name
  6
Continuous
100
AcDbLine
 10
25073.55450542027
 20
24139.16275823745
 30
0.0
 11
25126.58751400921
 21
24192.19576682639
 31
0.0
1001
ACAD
1010
345980.0
1020
20880.0
1030
0.0
  0
LINE
  5
107C
330
23
100
AcDbEntity
  8
KC-2B Wall Name
  6
Continuous
100
AcDbLine
 10
25126.64054701861
 20
24192.2487998358
 30
0.0
 11
25135.84300956025
 21
24201.45126237744
 31
0.0
1001
ACAD
1010
345980.0
1020
20880.0
1030
0.0
  0
LINE
  5
107D
330
23
100
AcDbEntity
  8
KC-2B Wall Name
  6
Continuous
100
AcDbLine
 10
25040.91535440763
 20
24105.46294705302
 30
0.0
 11
25074.03180249676
 21
24138.57939514215
 31
0.0
1001
ACAD
1010
345980.0
1020
20880.0
1030
0.0
  0
LINE
  5
107E
330
23
100
AcDbEntity
  8
KC-2B Wall Name
  6
Continuous
100
AcDbLine
 10
25074.08483550616
 20
24138.63242815156
 30
0.0
 11
25127.1178440951
 21
24191.6654367405
 31
0.0
1001
ACAD
1010
345980.0
1020
20880.0
1030
0.0
  0
LINE
  5
107F
330
23
100
AcDbEntity
  8
KC-2B Wall Name
  6
Continuous
100
AcDbLine
 10
25127.17087710451
 20
24191.7184697499
 30
0.0
 11
25135.99551158817
 21
24200.54310423357
 31
0.0
1001
ACAD
1010
345980.0
1020
20880.0
1030
0.0
  0
LINE
  5
1080
330
23
100
AcDbEntity
  8
KC-2B Wall Name
  6
Continuous
100
AcDbLine
 10
25040.70129827317
 20
24104.18823074677
 30
0.0
 11
25074.56213258265
 21
24138.04906505626
 31
0.0
1001
ACAD
1010
345980.0
1020
20880.0
1030
0.0
  0
LINE
  5
1081
330
23
100
AcDbEntity
  8
KC-2B Wall Name
  6
Continuous
100
AcDbLine
 10
25074.61516559205
 20
24138.10209806566
 30
0.0
 11
25127.648174181
 21
24191.1351066546
 31
0.0
1001
ACAD
1010
345980.0
1020
20880.0
1030
0.0
  0
LINE
  5
1082
330
23
100
AcDbEntity
  8
KC-2B Wall Name
  6
Continuous
100
AcDbLine
 10
25127.7012071904
 20
24191.18813966401
 30
0.0
 11
25136.1480136161
 21
24199.6349460897
 31
0.0
1001
ACAD
1010
345980.0
1020
20880.0
1030
0.0
  0
LINE
  5
1083
330
23
100
AcDbEntity
  8
KC-2B Wall Name
  6
Continuous
100
AcDbLine
 10
25040.48724213871
 20
24102.91351444053
 30
0.0
 11
25075.09246266854
 21
24137.51873497036
 31
0.0
1001
ACAD
1010
345980.0
1020
20880.0
1030
0.0
  0
LINE
  5
1084
330
23
100
AcDbEntity
  8
KC-2B Wall Name
  6
Continuous
100
AcDbLine
 10
25075.14549567795
 20
24137.57176797977
 30
0.0
 11
25128.17850426689
 21
24190.60477656871
 31
0.0
1001
ACAD
1010
345980.0
1020
20880.0
1030
0.0
  0
LINE
  5
1085
330
23
100
AcDbEntity
  8
KC-2B Wall Name
  6
Continuous
100
AcDbLine
 10
25128.2315372763
 20
24190.65780957812
 30
0.0
 11
25136.30051564402
 21
24198.72678794584
 31
0.0
1001
ACAD
1010
345980.0
1020
20880.0
1030
0.0
  0
LINE
  5
1086
330
23
100
AcDbEntity
  8
KC-2B Wall Name
  6
Continuous
100
AcDbLine
 10
25040.27318600425
 20
24101.63879813429
 30
0.0
 11
25075.62279275456
 21
24136.98840488459
 31
0.0
1001
ACAD
1010
345980.0
1020
20880.0
1030
0.0
  0
LINE
  5
1087
330
23
100
AcDbEntity
  8
KC-2B Wall Name
  6
Continuous
100
AcDbLine
 10
25075.67582576396
 20
24137.04143789399
 30
0.0
 11
25128.7088343529
 21
24190.07444648293
 31
0.0
1001
ACAD
1010
345980.0
1020
20880.0
1030
0.0
  0
LINE
  5
1088
330
23
100
AcDbEntity
  8
KC-2B Wall Name
  6
Continuous
100
AcDbLine
 10
25128.76186736231
 20
24190.12747949234
 30
0.0
 11
25136.45301767206
 21
24197.81862980209
 31
0.0
1001
ACAD
1010
345980.0
1020
20880.0
1030
0.0
  0
LINE
  5
1089
330
23
100
AcDbEntity
  8
KC-2B Wall Name
  6
Continuous
100
AcDbLine
 10
25040.0591298698
 20
24100.36408182804
 30
0.0
 11
25076.15312284045
 21
24136.45807479869
 31
0.0
1001
ACAD
1010
345980.0
1020
20880.0
1030
0.0
  0
LINE
  5
108A
330
23
100
AcDbEntity
  8
KC-2B Wall Name
  6
Continuous
100
AcDbLine
 10
25076.20615584985
 20
24136.5111078081
 30
0.0
 11
25129.2391644388
 21
24189.54411639704
 31
0.0
1001
ACAD
1010
345980.0
1020
20880.0
1030
0.0
  0
LINE
  5
108B
330
23
100
AcDbEntity
  8
KC-2B Wall Name
  6
Continuous
100
AcDbLine
 10
25129.2921974482
 20
24189.59714940644
 30
0.0
 11
25136.6055197001
 21
24196.91047165834
 31
0.0
1001
ACAD
1010
345980.0
1020
20880.0
1030
0.0
  0
LINE
  5
108C
330
23
100
AcDbEntity
  8
KC-2B Wall Name
  6
Continuous
100
AcDbLine
 10
25039.84507373546
 20
24099.0893655218
 30
0.0
 11
25076.68345292634
 21
24135.92774471268
 31
0.0
1001
ACAD
1010
345980.0
1020
20880.0
1030
0.0
  0
LINE
  5
108D
330
23
100
AcDbEntity
  8
KC-2B Wall Name
  6
Continuous
100
AcDbLine
 10
25076.73648593575
 20
24135.98077772208
 30
0.0
 11
25129.76949452469
 21
24189.01378631103
 31
0.0
1001
ACAD
1010
345980.0
1020
20880.0
1030
0.0
  0
LINE
  5
108E
330
23
100
AcDbEntity
  8
KC-2B Wall Name
  6
Continuous
100
AcDbLine
 10
25129.8225275341
 20
24189.06681932043
 30
0.0
 11
25136.75802172802
 21
24196.00231351436
 31
0.0
1001
ACAD
1010
345980.0
1020
20880.0
1030
0.0
  0
LINE
  5
108F
330
23
100
AcDbEntity
  8
KC-2B Wall Name
  6
Continuous
100
AcDbLine
 10
25039.631017601
 20
24097.81464921555
 30
0.0
 11
25077.21378301224
 21
24135.39741462679
 31
0.0
1001
ACAD
1010
345980.0
1020
20880.0
1030
0.0
  0
LINE
  5
1090
330
23
100
AcDbEntity
  8
KC-2B Wall Name
  6
Continuous
100
AcDbLine
 10
25077.26681602164
 20
24135.45044763619
 30
0.0
 11
25130.29982461059
 21
24188.48345622513
 31
0.0
1001
ACAD
1010
345980.0
1020
20880.0
1030
0.0
  0
LINE
  5
1091
330
23
100
AcDbEntity
  8
KC-2B Wall Name
  6
Continuous
100
AcDbLine
 10
25130.35285761999
 20
24188.53648923454
 30
0.0
 11
25136.91052375594
 21
24195.09415537049
 31
0.0
1001
ACAD
1010
345980.0
1020
20880.0
1030
0.0
  0
LINE
  5
1092
330
23
100
AcDbEntity
  8
KC-2B Wall Name
  6
Continuous
100
AcDbLine
 10
25039.41696146654
 20
24096.53993290942
 30
0.0
 11
25077.74411309802
 21
24134.86708454089
 31
0.0
1001
ACAD
1010
345980.0
1020
20880.0
1030
0.0
  0
LINE
  5
1093
330
23
100
AcDbEntity
  8
KC-2B Wall Name
  6
Continuous
100
AcDbLine
 10
25077.79714610742
 20
24134.9201175503
 30
0.0
 11
25130.83015469636
 21
24187.95312613924
 31
0.0
1001
ACAD
1010
345980.0
1020
20880.0
1030
0.0
  0
LINE
  5
1094
330
23
100
AcDbEntity
  8
KC-2B Wall Name
  6
Continuous
100
AcDbLine
 10
25130.88318770577
 20
24188.00615914864
 30
0.0
 11
25137.06302578375
 21
24194.18599722662
 31
0.0
1001
ACAD
1010
345980.0
1020
20880.0
1030
0.0
  0
LINE
  5
1095
330
23
100
AcDbEntity
  8
KC-2B Wall Name
  6
Continuous
100
AcDbLine
 10
25039.20290533209
 20
24095.26521660318
 30
0.0
 11
25078.27444318403
 21
24134.33675445511
 31
0.0
1001
ACAD
1010
345980.0
1020
20880.0
1030
0.0
  0
LINE
  5
1096
330
23
100
AcDbEntity
  8
KC-2B Wall Name
  6
Continuous
100
AcDbLine
 10
25078.32747619343
 20
24134.38978746452
 30
0.0
 11
25131.36048478237
 21
24187.42279605346
 31
0.0
1001
ACAD
1010
345980.0
1020
20880.0
1030
0.0
  0
LINE
  5
1097
330
23
100
AcDbEntity
  8
KC-2B Wall Name
  6
Continuous
100
AcDbLine
 10
25131.41351779178
 20
24187.47582906287
 30
0.0
 11
25137.21552781179
 21
24193.27783908288
 31
0.0
1001
ACAD
1010
345980.0
1020
20880.0
1030
0.0
  0
LINE
  5
1098
330
23
100
AcDbEntity
  8
KC-2B Wall Name
  6
Continuous
100
AcDbLine
 10
25038.98884919763
 20
24093.99050029693
 30
0.0
 11
25078.80477326992
 21
24133.80642436922
 31
0.0
1001
ACAD
1010
345980.0
1020
20880.0
1030
0.0
  0
LINE
  5
1099
330
23
100
AcDbEntity
  8
KC-2B Wall Name
  6
Continuous
100
AcDbLine
 10
25078.85780627932
 20
24133.85945737862
 30
0.0
 11
25131.89081486827
 21
24186.89246596757
 31
0.0
1001
ACAD
1010
345980.0
1020
20880.0
1030
0.0
  0
LINE
  5
109A
330
23
100
AcDbEntity
  8
KC-2B Wall Name
  6
Continuous
100
AcDbLine
 10
25131.94384787767
 20
24186.94549897697
 30
0.0
 11
25137.36802983971
 21
24192.36968093901
 31
0.0
1001
ACAD
1010
345980.0
1020
20880.0
1030
0.0
  0
LINE
  5
109B
330
23
100
AcDbEntity
  8
KC-2B Wall Name
  6
Continuous
100
AcDbLine
 10
25038.77479306317
 20
24092.71578399069
 30
0.0
 11
25079.33510335581
 21
24133.27609428333
 31
0.0
1001
ACAD
1010
345980.0
1020
20880.0
1030
0.0
  0
LINE
  5
109C
330
23
100
AcDbEntity
  8
KC-2B Wall Name
  6
Continuous
100
AcDbLine
 10
25079.38813636522
 20
24133.32912729273
 30
0.0
 11
25132.42114495416
 21
24186.36213588167
 31
0.0
1001
ACAD
1010
345980.0
1020
20880.0
1030
0.0
  0
LINE
  5
109D
330
23
100
AcDbEntity
  8
KC-2B Wall Name
  6
Continuous
100
AcDbLine
 10
25132.47417796357
 20
24186.41516889108
 30
0.0
 11
25137.52053186751
 21
24191.46152279503
 31
0.0
1001
ACAD
1010
345980.0
1020
20880.0
1030
0.0
  0
LINE
  5
109E
330
23
100
AcDbEntity
  8
KC-2B Wall Name
  6
Continuous
100
AcDbLine
 10
25038.56073692872
 20
24091.44106768444
 30
0.0
 11
25079.86543344159
 21
24132.74576419732
 31
0.0
1001
ACAD
1010
345980.0
1020
20880.0
1030
0.0
  0
LINE
  5
109F
330
23
100
AcDbEntity
  8
KC-2B Wall Name
  6
Continuous
100
AcDbLine
 10
25079.918466451
 20
24132.79879720672
 30
0.0
 11
25132.95147503994
 21
24185.83180579566
 31
0.0
1001
ACAD
1010
345980.0
1020
20880.0
1030
0.0
  0
LINE
  5
10A0
330
23
100
AcDbEntity
  8
KC-2B Wall Name
  6
Continuous
100
AcDbLine
 10
25133.00450804934
 20
24185.88483880507
 30
0.0
 11
25137.67303389532
 21
24190.55336465104
 31
0.0
1001
ACAD
1010
345980.0
1020
20880.0
1030
0.0
  0
LINE
  5
10A1
330
23
100
AcDbEntity
  8
KC-2B Wall Name
  6
Continuous
100
AcDbLine
 10
25038.34668079426
 20
24090.1663513782
 30
0.0
 11
25080.39576352749
 21
24132.21543411142
 31
0.0
1001
ACAD
1010
345980.0
1020
20880.0
1030
0.0
  0
LINE
  5
10A2
330
23
100
AcDbEntity
  8
KC-2B Wall Name
  6
Continuous
100
AcDbLine
 10
25080.44879653689
 20
24132.26846712083
 30
0.0
 11
25133.48180512583
 21
24185.30147570977
 31
0.0
1001
ACAD
1010
345980.0
1020
20880.0
1030
0.0
  0
LINE
  5
10A3
330
23
100
AcDbEntity
  8
KC-2B Wall Name
  6
Continuous
100
AcDbLine
 10
25133.53483813524
 20
24185.35450871917
 30
0.0
 11
25137.82553592324
 21
24189.64520650718
 31
0.0
1001
ACAD
1010
345980.0
1020
20880.0
1030
0.0
  0
LINE
  5
10A4
330
23
100
AcDbEntity
  8
KC-2B Wall Name
  6
Continuous
100
AcDbLine
 10
25038.1326246598
 20
24088.89163507207
 30
0.0
 11
25080.92609361338
 21
24131.68510402564
 31
0.0
1001
ACAD
1010
345980.0
1020
20880.0
1030
0.0
  0
LINE
  5
10A5
330
23
100
AcDbEntity
  8
KC-2B Wall Name
  6
Continuous
100
AcDbLine
 10
25080.97912662278
 20
24131.73813703505
 30
0.0
 11
25134.01213521173
 21
24184.77114562399
 31
0.0
1001
ACAD
1010
345980.0
1020
20880.0
1030
0.0
  0
LINE
  5
10A6
330
23
100
AcDbEntity
  8
KC-2B Wall Name
  6
Continuous
100
AcDbLine
 10
25134.06516822113
 20
24184.8241786334
 30
0.0
 11
25137.9780379514
 21
24188.73704836366
 31
0.0
1001
ACAD
1010
345980.0
1020
20880.0
1030
0.0
  0
LINE
  5
10A7
330
23
100
AcDbEntity
  8
KC-2B Wall Name
  6
Continuous
100
AcDbLine
 10
25037.91856852546
 20
24087.61691876594
 30
0.0
 11
25081.45642369927
 21
24131.15477393975
 31
0.0
1001
ACAD
1010
345980.0
1020
20880.0
1030
0.0
  0
LINE
  5
10A8
330
23
100
AcDbEntity
  8
KC-2B Wall Name
  6
Continuous
100
AcDbLine
 10
25081.50945670868
 20
24131.20780694915
 30
0.0
 11
25134.54246529762
 21
24184.2408155381
 31
0.0
1001
ACAD
1010
345980.0
1020
20880.0
1030
0.0
  0
LINE
  5
10A9
330
23
100
AcDbEntity
  8
KC-2B Wall Name
  6
Continuous
100
AcDbLine
 10
25134.59549830703
 20
24184.2938485475
 30
0.0
 11
25138.1305399792
 21
24187.82889021968
 31
0.0
1001
ACAD
1010
345980.0
1020
20880.0
1030
0.0
  0
LINE
  5
10AA
330
23
100
AcDbEntity
  8
KC-2B Wall Name
  6
Continuous
100
AcDbLine
 10
25037.70451239101
 20
24086.34220245969
 30
0.0
 11
25081.98675378517
 21
24130.62444385386
 31
0.0
1001
ACAD
1010
345980.0
1020
20880.0
1030
0.0
  0
LINE
  5
10AB
330
23
100
AcDbEntity
  8
KC-2B Wall Name
  6
Continuous
100
AcDbLine
 10
25082.03978679457
 20
24130.67747686326
 30
0.0
 11
25135.07279538352
 21
24183.7104854522
 31
0.0
1001
ACAD
1010
345980.0
1020
20880.0
1030
0.0
  0
LINE
  5
10AC
330
23
100
AcDbEntity
  8
KC-2B Wall Name
  6
Continuous
100
AcDbLine
 10
25135.12582839292
 20
24183.76351846161
 30
0.0
 11
25138.28304200713
 21
24186.92073207581
 31
0.0
1001
ACAD
1010
345980.0
1020
20880.0
1030
0.0
  0
LINE
  5
10AD
330
23
100
AcDbEntity
  8
KC-2B Wall Name
  6
Continuous
100
AcDbLine
 10
25037.49045625655
 20
24085.06748615345
 30
0.0
 11
25082.51708387106
 21
24130.09411376796
 31
0.0
1001
ACAD
1010
345980.0
1020
20880.0
1030
0.0
  0
LINE
  5
10AE
330
23
100
AcDbEntity
  8
KC-2B Wall Name
  6
Continuous
100
AcDbLine
 10
25082.57011688047
 20
24130.14714677737
 30
0.0
 11
25135.60312546941
 21
24183.18015536631
 31
0.0
1001
ACAD
1010
345980.0
1020
20880.0
1030
0.0
  0
LINE
  5
10AF
330
23
100
AcDbEntity
  8
KC-2B Wall Name
  6
Continuous
100
AcDbLine
 10
25135.65615847881
 20
24183.23318837571
 30
0.0
 11
25138.43554403505
 21
24186.01257393195
 31
0.0
1001
ACAD
1010
345980.0
1020
20880.0
1030
0.0
  0
LINE
  5
10B0
330
23
100
AcDbEntity
  8
KC-2B Wall Name
  6
Continuous
100
AcDbLine
 10
25037.27640012209
 20
24083.7927698472
 30
0.0
 11
25083.04741395696
 21
24129.56378368207
 31
0.0
1001
ACAD
1010
345980.0
1020
20880.0
1030
0.0
  0
LINE
  5
10B1
330
23
100
AcDbEntity
  8
KC-2B Wall Name
  6
Continuous
100
AcDbLine
 10
25083.10044696636
 20
24129.61681669147
 30
0.0
 11
25136.1334555553
 21
24182.64982528042
 31
0.0
1001
ACAD
1010
345980.0
1020
20880.0
1030
0.0
  0
LINE
  5
10B2
330
23
100
AcDbEntity
  8
KC-2B Wall Name
  6
Continuous
100
AcDbLine
 10
25136.18648856471
 20
24182.70285828982
 30
0.0
 11
25138.5880460632
 21
24185.10441578832
 31
0.0
1001
ACAD
1010
345980.0
1020
20880.0
1030
0.0
  0
LINE
  5
10B3
330
23
100
AcDbEntity
  8
KC-2B Wall Name
  6
Continuous
100
AcDbLine
 10
25037.06234398764
 20
24082.51805354096
 30
0.0
 11
25083.57774404285
 21
24129.03345359617
 31
0.0
1001
ACAD
1010
345980.0
1020
20880.0
1030
0.0
  0
LINE
  5
10B4
330
23
100
AcDbEntity
  8
KC-2B Wall Name
  6
Continuous
100
AcDbLine
 10
25083.63077705225
 20
24129.08648660558
 30
0.0
 11
25136.6637856412
 21
24182.11949519452
 31
0.0
1001
ACAD
1010
345980.0
1020
20880.0
1030
0.0
  0
LINE
  5
10B5
330
23
100
AcDbEntity
  8
KC-2B Wall Name
  6
Continuous
100
AcDbLine
 10
25136.7168186506
 20
24182.17252820393
 30
0.0
 11
25138.74054809101
 21
24184.19625764433
 31
0.0
1001
ACAD
1010
345980.0
1020
20880.0
1030
0.0
  0
LINE
  5
10B6
330
23
100
AcDbEntity
  8
KC-2B Wall Name
  6
Continuous
100
AcDbLine
 10
25036.8482878533
 20
24081.24333723483
 30
0.0
 11
25084.10807412886
 21
24128.5031235104
 31
0.0
1001
ACAD
1010
345980.0
1020
20880.0
1030
0.0
  0
LINE
  5
10B7
330
23
100
AcDbEntity
  8
KC-2B Wall Name
  6
Continuous
100
AcDbLine
 10
25084.16110713826
 20
24128.5561565198
 30
0.0
 11
25137.19411572721
 21
24181.58916510874
 31
0.0
1001
ACAD
1010
345980.0
1020
20880.0
1030
0.0
  0
LINE
  5
10B8
330
23
100
AcDbEntity
  8
KC-2B Wall Name
  6
Continuous
100
AcDbLine
 10
25137.24714873661
 20
24181.64219811815
 30
0.0
 11
25138.89305011905
 21
24183.28809950058
 31
0.0
1001
ACAD
1010
345980.0
1020
20880.0
1030
0.0
  0
LINE
  5
10B9
330
23
100
AcDbEntity
  8
KC-2B Wall Name
  6
Continuous
100
AcDbLine
 10
25036.63423171872
 20
24079.96862092859
 30
0.0
 11
25084.63840421452
 21
24127.97279342439
 31
0.0
1001
ACAD
1010
345980.0
1020
20880.0
1030
0.0
  0
LINE
  5
10BA
330
23
100
AcDbEntity
  8
KC-2B Wall Name
  6
Continuous
100
AcDbLine
 10
25084.69143722393
 20
24128.02582643379
 30
0.0
 11
25137.72444581287
 21
24181.05883502273
 31
0.0
1001
ACAD
1010
345980.0
1020
20880.0
1030
0.0
  0
LINE
  5
10BB
330
23
100
AcDbEntity
  8
KC-2B Wall Name
  6
Continuous
100
AcDbLine
 10
25137.77747882227
 20
24181.11186803214
 30
0.0
 11
25139.04555214674
 21
24182.3799413566
 31
0.0
1001
ACAD
1010
345980.0
1020
20880.0
1030
0.0
  0
LINE
  5
10BC
330
23
100
AcDbEntity
  8
KC-2B Wall Name
  6
Continuous
100
AcDbLine
 10
25036.42017558427
 20
24078.69390462234
 30
0.0
 11
25085.16873430053
 21
24127.44246333861
 31
0.0
1001
ACAD
1010
345980.0
1020
20880.0
1030
0.0
  0
LINE
  5
10BD
330
23
100
AcDbEntity
  8
KC-2B Wall Name
  6
Continuous
100
AcDbLine
 10
25085.22176730994
 20
24127.49549634801
 30
0.0
 11
25138.25477589888
 21
24180.52850493696
 31
0.0
1001
ACAD
1010
345980.0
1020
20880.0
1030
0.0
  0
LINE
  5
10BE
330
23
100
AcDbEntity
  8
KC-2B Wall Name
  6
Continuous
100
AcDbLine
 10
25138.30780890828
 20
24180.58153794636
 30
0.0
 11
25139.19805417478
 21
24181.47178321285
 31
0.0
1001
ACAD
1010
345980.0
1020
20880.0
1030
0.0
  0
LINE
  5
10BF
330
23
100
AcDbEntity
  8
KC-2B Wall Name
  6
Continuous
100
AcDbLine
 10
25036.20611944993
 20
24077.4191883161
 30
0.0
 11
25085.69906438643
 21
24126.9121332526
 31
0.0
1001
ACAD
1010
345980.0
1020
20880.0
1030
0.0
  0
LINE
  5
10C0
330
23
100
AcDbEntity
  8
KC-2B Wall Name
  6
Continuous
100
AcDbLine
 10
25085.75209739583
 20
24126.965166262
 30
0.0
 11
25138.78510598477
 21
24179.99817485095
 31
0.0
1001
ACAD
1010
345980.0
1020
20880.0
1030
0.0
  0
LINE
  5
10C1
330
23
100
AcDbEntity
  8
KC-2B Wall Name
  6
Continuous
100
AcDbLine
 10
25138.83813899418
 20
24180.05120786035
 30
0.0
 11
25139.3505562027
 21
24180.56362506887
 31
0.0
1001
ACAD
1010
345980.0
1020
20880.0
1030
0.0
  0
LINE
  5
10C2
330
23
100
AcDbEntity
  8
KC-2B Wall Name
  6
Continuous
100
AcDbLine
 10
25035.99206331547
 20
24076.14447200985
 30
0.0
 11
25086.22939447232
 21
24126.3818031667
 31
0.0
1001
ACAD
1010
345980.0
1020
20880.0
1030
0.0
  0
LINE
  5
10C3
330
23
100
AcDbEntity
  8
KC-2B Wall Name
  6
Continuous
100
AcDbLine
 10
25086.28242748172
 20
24126.43483617611
 30
0.0
 11
25139.31543607067
 21
24179.46784476505
 31
0.0
1001
ACAD
1010
345980.0
1020
20880.0
1030
0.0
  0
LINE
  5
10C4
330
23
100
AcDbEntity
  8
KC-2B Wall Name
  6
Continuous
100
AcDbLine
 10
25139.36846908007
 20
24179.52087777446
 30
0.0
 11
25139.50305823062
 21
24179.655466925
 31
0.0
1001
ACAD
1010
345980.0
1020
20880.0
1030
0.0
  0
LINE
  5
10C5
330
23
100
AcDbEntity
  8
KC-2B Wall Name
  6
Continuous
100
AcDbLine
 10
25035.77800718101
 20
24074.86975570372
 30
0.0
 11
25086.7597245581
 21
24125.85147308081
 31
0.0
1001
ACAD
1010
345980.0
1020
20880.0
1030
0.0
  0
LINE
  5
10C6
330
23
100
AcDbEntity
  8
KC-2B Wall Name
  6
Continuous
100
AcDbLine
 10
25086.8127575675
 20
24125.90450609021
 30
0.0
 11
25139.65556025854
 21
24178.74730878125
 31
0.0
1001
ACAD
1010
345980.0
1020
20880.0
1030
0.0
  0
LINE
  5
10C7
330
23
100
AcDbEntity
  8
KC-2B Wall Name
  6
Continuous
100
AcDbLine
 10
25035.56395104656
 20
24073.59503939748
 30
0.0
 11
25087.29005464411
 21
24125.32114299503
 31
0.0
1001
ACAD
1010
345980.0
1020
20880.0
1030
0.0
  0
LINE
  5
10C8
330
23
100
AcDbEntity
  8
KC-2B Wall Name
  6
Continuous
100
AcDbLine
 10
25087.34308765351
 20
24125.37417600444
 30
0.0
 11
25139.80806228658
 21
24177.8391506375
 31
0.0
1001
ACAD
1010
345980.0
1020
20880.0
1030
0.0
  0
LINE
  5
10C9
330
23
100
AcDbEntity
  8
KC-2B Wall Name
  6
Continuous
100
AcDbLine
 10
25035.3498949121
 20
24072.32032309123
 30
0.0
 11
25087.82038472989
 21
24124.79081290902
 31
0.0
1001
ACAD
1010
345980.0
1020
20880.0
1030
0.0
  0
LINE
  5
10CA
330
23
100
AcDbEntity
  8
KC-2B Wall Name
  6
Continuous
100
AcDbLine
 10
25087.87341773929
 20
24124.84384591843
 30
0.0
 11
25139.96056431439
 21
24176.93099249352
 31
0.0
1001
ACAD
1010
345980.0
1020
20880.0
1030
0.0
  0
LINE
  5
10CB
330
23
100
AcDbEntity
  8
KC-2B Wall Name
  6
Continuous
100
AcDbLine
 10
25035.13583877764
 20
24071.04560678499
 30
0.0
 11
25035.26467321743
 21
24071.17444122478
 31
0.0
1001
ACAD
1010
345980.0
1020
20880.0
1030
0.0
  0
LINE
  5
10CC
330
23
100
AcDbEntity
  8
KC-2B Wall Name
  6
Continuous
100
AcDbLine
 10
25035.31770622684
 20
24071.22747423418
 30
0.0
 11
25088.35071481578
 21
24124.26048282313
 31
0.0
1001
ACAD
1010
345980.0
1020
20880.0
1030
0.0
  0
LINE
  5
10CD
330
23
100
AcDbEntity
  8
KC-2B Wall Name
  6
Continuous
100
AcDbLine
 10
25088.40374782518
 20
24124.31351583253
 30
0.0
 11
25140.11306634231
 21
24176.02283434966
 31
0.0
1001
ACAD
1010
345980.0
1020
20880.0
1030
0.0
  0
LINE
  5
10CE
330
23
100
AcDbEntity
  8
KC-2B Wall Name
  6
Continuous
100
AcDbLine
 10
25034.92178264318
 20
24069.77089047874
 30
0.0
 11
25035.79500330333
 21
24070.64411113888
 31
0.0
1001
ACAD
1010
345980.0
1020
20880.0
1030
0.0
  0
LINE
  5
10CF
330
23
100
AcDbEntity
  8
KC-2B Wall Name
  6
Continuous
100
AcDbLine
 10
25035.84803631273
 20
24070.69714414829
 30
0.0
 11
25088.88104490167
 21
24123.73015273723
 31
0.0
1001
ACAD
1010
345980.0
1020
20880.0
1030
0.0
  0
LINE
  5
10D0
330
23
100
AcDbEntity
  8
KC-2B Wall Name
  6
Continuous
100
AcDbLine
 10
25088.93407791108
 20
24123.78318574664
 30
0.0
 11
25140.26556837023
 21
24175.11467620579
 31
0.0
1001
ACAD
1010
345980.0
1020
20880.0
1030
0.0
  0
LINE
  5
10D1
330
23
100
AcDbEntity
  8
KC-2B Wall Name
  6
Continuous
100
AcDbLine
 10
25034.70772650884
 20
24068.49617417261
 30
0.0
 11
25036.32533338922
 21
24070.11378105299
 31
0.0
1001
ACAD
1010
345980.0
1020
20880.0
1030
0.0
  0
LINE
  5
10D2
330
23
100
AcDbEntity
  8
KC-2B Wall Name
  6
Continuous
100
AcDbLine
 10
25036.37836639863
 20
24070.1668140624
 30
0.0
 11
25089.41137498757
 21
24123.19982265134
 31
0.0
1001
ACAD
1010
345980.0
1020
20880.0
1030
0.0
  0
LINE
  5
10D3
330
23
100
AcDbEntity
  8
KC-2B Wall Name
  6
Continuous
100
AcDbLine
 10
25089.46440799697
 20
24123.25285566074
 30
0.0
 11
25140.41807039815
 21
24174.20651806192
 31
0.0
1001
ACAD
1010
345980.0
1020
20880.0
1030
0.0
  0
LINE
  5
10D4
330
23
100
AcDbEntity
  8
KC-2B Wall Name
  6
Continuous
100
AcDbLine
 10
25034.49367037439
 20
24067.22145786637
 30
0.0
 11
25036.85566347511
 21
24069.5834509671
 31
0.0
1001
ACAD
1010
345980.0
1020
20880.0
1030
0.0
  0
LINE
  5
10D5
330
23
100
AcDbEntity
  8
KC-2B Wall Name
  6
Continuous
100
AcDbLine
 10
25036.90869648452
 20
24069.6364839765
 30
0.0
 11
25089.94170507346
 21
24122.66949256544
 31
0.0
1001
ACAD
1010
345980.0
1020
20880.0
1030
0.0
  0
LINE
  5
10D6
330
23
100
AcDbEntity
  8
KC-2B Wall Name
  6
Continuous
100
AcDbLine
 10
25089.99473808287
 20
24122.72252557485
 30
0.0
 11
25140.57057242608
 21
24173.29835991806
 31
0.0
1001
ACAD
1010
345980.0
1020
20880.0
1030
0.0
  0
LINE
  5
10D7
330
23
100
AcDbEntity
  8
KC-2B Wall Name
  6
Continuous
100
AcDbLine
 10
25034.27961423993
 20
24065.94674156012
 30
0.0
 11
25037.38599356113
 21
24069.05312088132
 31
0.0
1001
ACAD
1010
345980.0
1020
20880.0
1030
0.0
  0
LINE
  5
10D8
330
23
100
AcDbEntity
  8
KC-2B Wall Name
  6
Continuous
100
AcDbLine
 10
25037.43902657053
 20
24069.10615389072
 30
0.0
 11
25090.47203515947
 21
24122.13916247967
 31
0.0
1001
ACAD
1010
345980.0
1020
20880.0
1030
0.0
  0
LINE
  5
10D9
330
23
100
AcDbEntity
  8
KC-2B Wall Name
  6
Continuous
100
AcDbLine
 10
25090.52506816888
 20
24122.19219548907
 30
0.0
 11
25140.72307445412
 21
24172.39020177431
 31
0.0
1001
ACAD
1010
345980.0
1020
20880.0
1030
0.0
  0
LINE
  5
10DA
330
23
100
AcDbEntity
  8
KC-2B Wall Name
  6
Continuous
100
AcDbLine
 10
25034.06555810547
 20
24064.67202525388
 30
0.0
 11
25037.9163236469
 21
24068.52279079531
 31
0.0
1001
ACAD
1010
345980.0
1020
20880.0
1030
0.0
  0
LINE
  5
10DB
330
23
100
AcDbEntity
  8
KC-2B Wall Name
  6
Continuous
100
AcDbLine
 10
25037.96935665631
 20
24068.57582380471
 30
0.0
 11
25091.00236524525
 21
24121.60883239366
 31
0.0
1001
ACAD
1010
345980.0
1020
20880.0
1030
0.0
  0
LINE
  5
10DC
330
23
100
AcDbEntity
  8
KC-2B Wall Name
  6
Continuous
100
AcDbLine
 10
25091.05539825466
 20
24121.66186540306
 30
0.0
 11
25140.87557648192
 21
24171.48204363033
 31
0.0
1001
ACAD
1010
345980.0
1020
20880.0
1030
0.0
  0
LINE
  5
10DD
330
23
100
AcDbEntity
  8
KC-2B Wall Name
  6
Continuous
100
AcDbLine
 10
25033.85150197113
 20
24063.39730894763
 30
0.0
 11
25038.44665373291
 21
24067.99246070941
 31
0.0
1001
ACAD
1010
345980.0
1020
20880.0
1030
0.0
  0
LINE
  5
10DE
330
23
100
AcDbEntity
  8
KC-2B Wall Name
  6
Continuous
100
AcDbLine
 10
25038.49968674232
 20
24068.04549371882
 30
0.0
 11
25091.53269533126
 21
24121.07850230776
 31
0.0
1001
ACAD
1010
345980.0
1020
20880.0
1030
0.0
  0
LINE
  5
10DF
330
23
100
AcDbEntity
  8
KC-2B Wall Name
  6
Continuous
100
AcDbLine
 10
25091.58572834067
 20
24121.13153531717
 30
0.0
 11
25141.02807850996
 21
24170.57388548646
 31
0.0
1001
ACAD
1010
345980.0
1020
20880.0
1030
0.0
  0
LINE
  5
10E0
330
23
100
AcDbEntity
  8
KC-2B Wall Name
  6
Continuous
100
AcDbLine
 10
25033.63744583656
 20
24062.12259264139
 30
0.0
 11
25038.97698381869
 21
24067.46213062352
 31
0.0
1001
ACAD
1010
345980.0
1020
20880.0
1030
0.0
  0
LINE
  5
10E1
330
23
100
AcDbEntity
  8
KC-2B Wall Name
  6
Continuous
100
AcDbLine
 10
25039.0300168281
 20
24067.51516363292
 30
0.0
 11
25092.06302541704
 21
24120.54817222187
 31
0.0
1001
ACAD
1010
345980.0
1020
20880.0
1030
0.0
  0
LINE
  5
10E2
330
23
100
AcDbEntity
  8
KC-2B Wall Name
  6
Continuous
100
AcDbLine
 10
25092.11605842644
 20
24120.60120523127
 30
0.0
 11
25141.18058053765
 21
24169.66572734248
 31
0.0
1001
ACAD
1010
345980.0
1020
20880.0
1030
0.0
  0
LINE
  5
10E3
330
23
100
AcDbEntity
  8
KC-2B Wall Name
  6
Continuous
100
AcDbLine
 10
25033.4233897021
 20
24060.84787633514
 30
0.0
 11
25039.5073139047
 21
24066.93180053774
 31
0.0
1001
ACAD
1010
345980.0
1020
20880.0
1030
0.0
  0
LINE
  5
10E4
330
23
100
AcDbEntity
  8
KC-2B Wall Name
  6
Continuous
100
AcDbLine
 10
25039.56034691411
 20
24066.98483354715
 30
0.0
 11
25092.59335550305
 21
24120.01784213609
 31
0.0
1001
ACAD
1010
345980.0
1020
20880.0
1030
0.0
  0
LINE
  5
10E5
330
23
100
AcDbEntity
  8
KC-2B Wall Name
  6
Continuous
100
AcDbLine
 10
25092.64638851245
 20
24120.07087514549
 30
0.0
 11
25141.33308256569
 21
24168.75756919873
 31
0.0
1001
ACAD
1010
345980.0
1020
20880.0
1030
0.0
  0
LINE
  5
10E6
330
23
100
AcDbEntity
  8
KC-2B Wall Name
  6
Continuous
100
AcDbLine
 10
25033.20933356776
 20
24059.57316002902
 30
0.0
 11
25040.0376439906
 21
24066.40147045185
 31
0.0
1001
ACAD
1010
345980.0
1020
20880.0
1030
0.0
  0
LINE
  5
10E7
330
23
100
AcDbEntity
  8
KC-2B Wall Name
  6
Continuous
100
AcDbLine
 10
25040.090677
 20
24066.45450346125
 30
0.0
 11
25093.12368558894
 21
24119.4875120502
 31
0.0
1001
ACAD
1010
345980.0
1020
20880.0
1030
0.0
  0
LINE
  5
10E8
330
23
100
AcDbEntity
  8
KC-2B Wall Name
  6
Continuous
100
AcDbLine
 10
25093.17671859835
 20
24119.5405450596
 30
0.0
 11
25141.48558459384
 21
24167.8494110551
 31
0.0
1001
ACAD
1010
345980.0
1020
20880.0
1030
0.0
  0
LINE
  5
10E9
330
23
100
AcDbEntity
  8
KC-2B Wall Name
  6
Continuous
100
AcDbLine
 10
25032.99527743331
 20
24058.29844372277
 30
0.0
 11
25040.56797407637
 21
24065.87114036584
 31
0.0
1001
ACAD
1010
345980.0
1020
20880.0
1030
0.0
  0
LINE
  5
10EA
330
23
100
AcDbEntity
  8
KC-2B Wall Name
  6
Continuous
100
AcDbLine
 10
25040.62100708578
 20
24065.92417337524
 30
0.0
 11
25093.65401567472
 21
24118.95718196419
 31
0.0
1001
ACAD
1010
345980.0
1020
20880.0
1030
0.0
  0
LINE
  5
10EB
330
23
100
AcDbEntity
  8
KC-2B Wall Name
  6
Continuous
100
AcDbLine
 10
25093.70704868413
 20
24119.01021497359
 30
0.0
 11
25141.63808662165
 21
24166.94125291111
 31
0.0
1001
ACAD
1010
345980.0
1020
20880.0
1030
0.0
  0
LINE
  5
10EC
330
23
100
AcDbEntity
  8
KC-2B Wall Name
  6
Continuous
100
AcDbLine
 10
25032.78122129885
 20
24057.02372741653
 30
0.0
 11
25041.09830416227
 21
24065.34081027994
 31
0.0
1001
ACAD
1010
345980.0
1020
20880.0
1030
0.0
  0
LINE
  5
10ED
330
23
100
AcDbEntity
  8
KC-2B Wall Name
  6
Continuous
100
AcDbLine
 10
25041.15133717167
 20
24065.39384328935
 30
0.0
 11
25094.18434576062
 21
24118.42685187829
 31
0.0
1001
ACAD
1010
345980.0
1020
20880.0
1030
0.0
  0
LINE
  5
10EE
330
23
100
AcDbEntity
  8
KC-2B Wall Name
  6
Continuous
100
AcDbLine
 10
25094.23737877002
 20
24118.4798848877
 30
0.0
 11
25141.79058864957
 21
24166.03309476725
 31
0.0
1001
ACAD
1010
345980.0
1020
20880.0
1030
0.0
  0
LINE
  5
10EF
330
23
100
AcDbEntity
  8
KC-2B Wall Name
  6
Continuous
100
AcDbLine
 10
25032.56716516439
 20
24055.74901111028
 30
0.0
 11
25041.62863424816
 21
24064.81048019405
 31
0.0
1001
ACAD
1010
345980.0
1020
20880.0
1030
0.0
  0
LINE
  5
10F0
330
23
100
AcDbEntity
  8
KC-2B Wall Name
  6
Continuous
100
AcDbLine
 10
25041.68166725757
 20
24064.86351320345
 30
0.0
 11
25094.71467584651
 21
24117.8965217924
 31
0.0
1001
ACAD
1010
345980.0
1020
20880.0
1030
0.0
  0
LINE
  5
10F1
330
23
100
AcDbEntity
  8
KC-2B Wall Name
  6
Continuous
100
AcDbLine
 10
25094.76770885591
 20
24117.9495548018
 30
0.0
 11
25141.94309067738
 21
24165.12493662327
 31
0.0
1001
ACAD
1010
345980.0
1020
20880.0
1030
0.0
  0
LINE
  5
10F2
330
23
100
AcDbEntity
  8
KC-2B Wall Name
  6
Continuous
100
AcDbLine
 10
25032.35310902994
 20
24054.47429480404
 30
0.0
 11
25042.15896433417
 21
24064.28015010827
 31
0.0
1001
ACAD
1010
345980.0
1020
20880.0
1030
0.0
  0
LINE
  5
10F3
330
23
100
AcDbEntity
  8
KC-2B Wall Name
  6
Continuous
100
AcDbLine
 10
25042.21199734358
 20
24064.33318311768
 30
0.0
 11
25095.24500593252
 21
24117.36619170662
 31
0.0
1001
ACAD
1010
345980.0
1020
20880.0
1030
0.0
  0
LINE
  5
10F4
330
23
100
AcDbEntity
  8
KC-2B Wall Name
  6
Continuous
100
AcDbLine
 10
25095.29803894192
 20
24117.41922471602
 30
0.0
 11
25142.09559270553
 21
24164.21677847963
 31
0.0
1001
ACAD
1010
345980.0
1020
20880.0
1030
0.0
  0
LINE
  5
10F5
330
23
100
AcDbEntity
  8
KC-2B Wall Name
  6
Continuous
100
AcDbLine
 10
25032.13905289548
 20
24053.19957849791
 30
0.0
 11
25042.68929441983
 21
24063.74982002226
 31
0.0
1001
ACAD
1010
345980.0
1020
20880.0
1030
0.0
  0
LINE
  5
10F6
330
23
100
AcDbEntity
  8
KC-2B Wall Name
  6
Continuous
100
AcDbLine
 10
25042.74232742924
 20
24063.80285303167
 30
0.0
 11
25095.77533601818
 21
24116.83586162061
 31
0.0
1001
ACAD
1010
345980.0
1020
20880.0
1030
0.0
  0
LINE
  5
10F7
330
23
100
AcDbEntity
  8
KC-2B Wall Name
  6
Continuous
100
AcDbLine
 10
25095.82836902759
 20
24116.88889463001
 30
0.0
 11
25142.24809473334
 21
24163.30862033577
 31
0.0
1001
ACAD
1010
345980.0
1020
20880.0
1030
0.0
  0
LINE
  5
10F8
330
23
100
AcDbEntity
  8
KC-2B Wall Name
  6
Continuous
100
AcDbLine
 10
25031.92499676102
 20
24051.92486219166
 30
0.0
 11
25043.21962450584
 21
24063.21948993648
 31
0.0
1001
ACAD
1010
345980.0
1020
20880.0
1030
0.0
  0
LINE
  5
10F9
330
23
100
AcDbEntity
  8
KC-2B Wall Name
  6
Continuous
100
AcDbLine
 10
25043.27265751525
 20
24063.27252294589
 30
0.0
 11
25096.30566610419
 21
24116.30553153483
 31
0.0
1001
ACAD
1010
345980.0
1020
20880.0
1030
0.0
  0
LINE
  5
10FA
330
23
100
AcDbEntity
  8
KC-2B Wall Name
  6
Continuous
100
AcDbLine
 10
25096.3586991136
 20
24116.35856454424
 30
0.0
 11
25142.40059676138
 21
24162.40046219202
 31
0.0
1001
ACAD
1010
345980.0
1020
20880.0
1030
0.0
  0
LINE
  5
10FB
330
23
100
AcDbEntity
  8
KC-2B Wall Name
  6
Continuous
100
AcDbLine
 10
25031.71094062668
 20
24050.65014588553
 30
0.0
 11
25043.74995459174
 21
24062.68915985059
 31
0.0
1001
ACAD
1010
345980.0
1020
20880.0
1030
0.0
  0
LINE
  5
10FC
330
23
100
AcDbEntity
  8
KC-2B Wall Name
  6
Continuous
100
AcDbLine
 10
25043.80298760114
 20
24062.74219285999
 30
0.0
 11
25096.83599619009
 21
24115.77520144894
 31
0.0
1001
ACAD
1010
345980.0
1020
20880.0
1030
0.0
  0
LINE
  5
10FD
330
23
100
AcDbEntity
  8
KC-2B Wall Name
  6
Continuous
100
AcDbLine
 10
25096.88902919949
 20
24115.82823445834
 30
0.0
 11
25142.55309878918
 21
24161.49230404804
 31
0.0
1001
ACAD
1010
345980.0
1020
20880.0
1030
0.0
  0
LINE
  5
10FE
330
23
100
AcDbEntity
  8
KC-2B Wall Name
  6
Continuous
100
AcDbLine
 10
25031.49688449223
 20
24049.37542957929
 30
0.0
 11
25044.28028467763
 21
24062.1588297647
 31
0.0
1001
ACAD
1010
345980.0
1020
20880.0
1030
0.0
  0
LINE
  5
10FF
330
23
100
AcDbEntity
  8
KC-2B Wall Name
  6
Continuous
100
AcDbLine
 10
25044.33331768704
 20
24062.2118627741
 30
0.0
 11
25097.36632627598
 21
24115.24487136304
 31
0.0
1001
ACAD
1010
345980.0
1020
20880.0
1030
0.0
  0
LINE
  5
1100
330
23
100
AcDbEntity
  8
KC-2B Wall Name
  6
Continuous
100
AcDbLine
 10
25097.41935928538
 20
24115.29790437245
 30
0.0
 11
25142.70560081711
 21
24160.58414590417
 31
0.0
1001
ACAD
1010
345980.0
1020
20880.0
1030
0.0
  0
LINE
  5
1101
330
23
100
AcDbEntity
  8
KC-2B Wall Name
  6
Continuous
100
AcDbLine
 10
25031.28282835777
 20
24048.10071327304
 30
0.0
 11
25044.81061476353
 21
24061.6284996788
 31
0.0
1001
ACAD
1010
345980.0
1020
20880.0
1030
0.0
  0
LINE
  5
1102
330
23
100
AcDbEntity
  8
KC-2B Wall Name
  6
Continuous
100
AcDbLine
 10
25044.86364777293
 20
24061.68153268821
 30
0.0
 11
25097.89665636187
 21
24114.71454127715
 31
0.0
1001
ACAD
1010
345980.0
1020
20880.0
1030
0.0
  0
LINE
  5
1103
330
23
100
AcDbEntity
  8
KC-2B Wall Name
  6
Continuous
100
AcDbLine
 10
25097.94968937128
 20
24114.76757428655
 30
0.0
 11
25142.85810284503
 21
24159.6759877603
 31
0.0
1001
ACAD
1010
345980.0
1020
20880.0
1030
0.0
  0
LINE
  5
1104
330
23
100
AcDbEntity
  8
KC-2B Wall Name
  6
Continuous
100
AcDbLine
 10
25031.06877222331
 20
24046.8259969668
 30
0.0
 11
25045.3409448493
 21
24061.09816959279
 31
0.0
1001
ACAD
1010
345980.0
1020
20880.0
1030
0.0
  0
LINE
  5
1105
330
23
100
AcDbEntity
  8
KC-2B Wall Name
  6
Continuous
100
AcDbLine
 10
25045.39397785871
 20
24061.1512026022
 30
0.0
 11
25098.42698644765
 21
24114.18421119114
 31
0.0
1001
ACAD
1010
345980.0
1020
20880.0
1030
0.0
  0
LINE
  5
1106
330
23
100
AcDbEntity
  8
KC-2B Wall Name
  6
Continuous
100
AcDbLine
 10
25098.48001945706
 20
24114.23724420054
 30
0.0
 11
25143.01060487307
 21
24158.76782961655
 31
0.0
1001
ACAD
1010
345980.0
1020
20880.0
1030
0.0
  0
LINE
  5
1107
330
23
100
AcDbEntity
  8
KC-2B Wall Name
  6
Continuous
100
AcDbLine
 10
25030.85471608886
 20
24045.55128066055
 30
0.0
 11
25045.87127493531
 21
24060.56783950701
 31
0.0
1001
ACAD
1010
345980.0
1020
20880.0
1030
0.0
  0
LINE
  5
1108
330
23
100
AcDbEntity
  8
KC-2B Wall Name
  6
Continuous
100
AcDbLine
 10
25045.92430794472
 20
24060.62087251642
 30
0.0
 11
25098.95731653366
 21
24113.65388110536
 31
0.0
1001
ACAD
1010
345980.0
1020
20880.0
1030
0.0
  0
LINE
  5
1109
330
23
100
AcDbEntity
  8
KC-2B Wall Name
  6
Continuous
100
AcDbLine
 10
25099.01034954307
 20
24113.70691411477
 30
0.0
 11
25143.16310690099
 21
24157.85967147269
 31
0.0
1001
ACAD
1010
345980.0
1020
20880.0
1030
0.0
  0
LINE
  5
110A
330
23
100
AcDbEntity
  8
KC-2B Wall Name
  6
Continuous
100
AcDbLine
 10
25030.6406599544
 20
24044.27656435443
 30
0.0
 11
25046.40160502109
 21
24060.03750942112
 31
0.0
1001
ACAD
1010
345980.0
1020
20880.0
1030
0.0
  0
LINE
  5
110B
330
23
100
AcDbEntity
  8
KC-2B Wall Name
  6
Continuous
100
AcDbLine
 10
25046.4546380305
 20
24060.09054243052
 30
0.0
 11
25099.48764661944
 21
24113.12355101947
 31
0.0
1001
ACAD
1010
345980.0
1020
20880.0
1030
0.0
  0
LINE
  5
110C
330
23
100
AcDbEntity
  8
KC-2B Wall Name
  6
Continuous
100
AcDbLine
 10
25099.54067962884
 20
24113.17658402887
 30
0.0
 11
25143.31560892879
 21
24156.95151332882
 31
0.0
1001
ACAD
1010
345980.0
1020
20880.0
1030
0.0
  0
LINE
  5
110D
330
23
100
AcDbEntity
  8
KC-2B Wall Name
  6
Continuous
100
AcDbLine
 10
25030.42660381994
 20
24043.00184804818
 30
0.0
 11
25046.93193510699
 21
24059.50717933523
 31
0.0
1001
ACAD
1010
345980.0
1020
20880.0
1030
0.0
  0
LINE
  5
110E
330
23
100
AcDbEntity
  8
KC-2B Wall Name
  6
Continuous
100
AcDbLine
 10
25046.98496811639
 20
24059.56021234463
 30
0.0
 11
25100.01797670533
 21
24112.59322093357
 31
0.0
1001
ACAD
1010
345980.0
1020
20880.0
1030
0.0
  0
LINE
  5
110F
330
23
100
AcDbEntity
  8
KC-2B Wall Name
  6
Continuous
100
AcDbLine
 10
25100.07100971474
 20
24112.64625394298
 30
0.0
 11
25143.46811095672
 21
24156.04335518496
 31
0.0
1001
ACAD
1010
345980.0
1020
20880.0
1030
0.0
  0
LINE
  5
1110
330
23
100
AcDbEntity
  8
KC-2B Wall Name
  6
Continuous
100
AcDbLine
 10
25030.21254768549
 20
24041.72713174194
 30
0.0
 11
25047.46226519288
 21
24058.97684924933
 31
0.0
1001
ACAD
1010
345980.0
1020
20880.0
1030
0.0
  0
LINE
  5
1111
330
23
100
AcDbEntity
  8
KC-2B Wall Name
  6
Continuous
100
AcDbLine
 10
25047.51529820228
 20
24059.02988225874
 30
0.0
 11
25100.54830679123
 21
24112.06289084768
 31
0.0
1001
ACAD
1010
345980.0
1020
20880.0
1030
0.0
  0
LINE
  5
1112
330
23
100
AcDbEntity
  8
KC-2B Wall Name
  6
Continuous
100
AcDbLine
 10
25100.60133980063
 20
24112.11592385708
 30
0.0
 11
25143.62061298452
 21
24155.13519704097
 31
0.0
1001
ACAD
1010
345980.0
1020
20880.0
1030
0.0
  0
LINE
  5
1113
330
23
100
AcDbEntity
  8
KC-2B Wall Name
  6
Continuous
100
AcDbLine
 10
25029.99849155114
 20
24040.45241543569
 30
0.0
 11
25047.99259527889
 21
24058.44651916344
 31
0.0
1001
ACAD
1010
345980.0
1020
20880.0
1030
0.0
  0
LINE
  5
1114
330
23
100
AcDbEntity
  8
KC-2B Wall Name
  6
Continuous
100
AcDbLine
 10
25048.0456282883
 20
24058.49955217284
 30
0.0
 11
25101.07863687724
 21
24111.53256076179
 31
0.0
1001
ACAD
1010
345980.0
1020
20880.0
1030
0.0
  0
LINE
  5
1115
330
23
100
AcDbEntity
  8
KC-2B Wall Name
  6
Continuous
100
AcDbLine
 10
25101.13166988664
 20
24111.58559377119
 30
0.0
 11
25143.77311501268
 21
24154.22703889722
 31
0.0
1001
ACAD
1010
345980.0
1020
20880.0
1030
0.0
  0
LINE
  5
1116
330
23
100
AcDbEntity
  8
KC-2B Wall Name
  6
Continuous
100
AcDbLine
 10
25029.78443541669
 20
24039.17769912956
 30
0.0
 11
25048.52292536478
 21
24057.91618907766
 31
0.0
1001
ACAD
1010
345980.0
1020
20880.0
1030
0.0
  0
LINE
  5
1117
330
23
100
AcDbEntity
  8
KC-2B Wall Name
  6
Continuous
100
AcDbLine
 10
25048.57595837419
 20
24057.96922208706
 30
0.0
 11
25101.60896696313
 21
24111.00223067601
 31
0.0
1001
ACAD
1010
345980.0
1020
20880.0
1030
0.0
  0
LINE
  5
1118
330
23
100
AcDbEntity
  8
KC-2B Wall Name
  6
Continuous
100
AcDbLine
 10
25101.66199997254
 20
24111.05526368541
 30
0.0
 11
25143.9256170406
 21
24153.31888075348
 31
0.0
1001
ACAD
1010
345980.0
1020
20880.0
1030
0.0
  0
LINE
  5
1119
330
23
100
AcDbEntity
  8
KC-2B Wall Name
  6
Continuous
100
AcDbLine
 10
25030.27426089847
 20
24038.60686443956
 30
0.0
 11
25049.05325545068
 21
24057.38585899177
 31
0.0
1001
ACAD
1010
345980.0
1020
20880.0
1030
0.0
  0
LINE
  5
111A
330
23
100
AcDbEntity
  8
KC-2B Wall Name
  6
Continuous
100
AcDbLine
 10
25049.10628846008
 20
24057.43889200117
 30
0.0
 11
25102.13929704903
 21
24110.47190059011
 31
0.0
1001
ACAD
1010
345980.0
1020
20880.0
1030
0.0
  0
LINE
  5
111B
330
23
100
AcDbEntity
  8
KC-2B Wall Name
  6
Continuous
100
AcDbLine
 10
25102.19233005843
 20
24110.52493359952
 30
0.0
 11
25144.07811906852
 21
24152.41072260961
 31
0.0
1001
ACAD
1010
345980.0
1020
20880.0
1030
0.0
  0
LINE
  5
111C
330
23
100
AcDbEntity
  8
KC-2B Wall Name
  6
Continuous
100
AcDbLine
 10
25031.33492107026
 20
24038.60686443956
 30
0.0
 11
25049.58358553657
 21
24056.85552890587
 31
0.0
1001
ACAD
1010
345980.0
1020
20880.0
1030
0.0
  0
LINE
  5
111D
330
23
100
AcDbEntity
  8
KC-2B Wall Name
  6
Continuous
100
AcDbLine
 10
25049.63661854598
 20
24056.90856191528
 30
0.0
 11
25102.66962713492
 21
24109.94157050422
 31
0.0
1001
ACAD
1010
345980.0
1020
20880.0
1030
0.0
  0
LINE
  5
111E
330
23
100
AcDbEntity
  8
KC-2B Wall Name
  6
Continuous
100
AcDbLine
 10
25102.72266014433
 20
24109.99460351362
 30
0.0
 11
25144.23062109656
 21
24151.50256446586
 31
0.0
1001
ACAD
1010
345980.0
1020
20880.0
1030
0.0
  0
LINE
  5
111F
330
23
100
AcDbEntity
  8
KC-2B Wall Name
  6
Continuous
100
AcDbLine
 10
25032.39558124205
 20
24038.60686443956
 30
0.0
 11
25050.11391562247
 21
24056.32519881998
 31
0.0
1001
ACAD
1010
345980.0
1020
20880.0
1030
0.0
  0
LINE
  5
1120
330
23
100
AcDbEntity
  8
KC-2B Wall Name
  6
Continuous
100
AcDbLine
 10
25050.16694863187
 20
24056.37823182938
 30
0.0
 11
25103.19995722082
 21
24109.41124041833
 31
0.0
1001
ACAD
1010
345980.0
1020
20880.0
1030
0.0
  0
LINE
  5
1121
330
23
100
AcDbEntity
  8
KC-2B Wall Name
  6
Continuous
100
AcDbLine
 10
25103.25299023022
 20
24109.46427342773
 30
0.0
 11
25144.38312312448
 21
24150.59440632199
 31
0.0
1001
ACAD
1010
345980.0
1020
20880.0
1030
0.0
  0
LINE
  5
1122
330
23
100
AcDbEntity
  8
KC-2B Wall Name
  6
Continuous
100
AcDbLine
 10
25033.45624141383
 20
24038.60686443956
 30
0.0
 11
25050.64424570836
 21
24055.79486873408
 31
0.0
1001
ACAD
1010
345980.0
1020
20880.0
1030
0.0
  0
LINE
  5
1123
330
23
100
AcDbEntity
  8
KC-2B Wall Name
  6
Continuous
100
AcDbLine
 10
25050.69727871777
 20
24055.84790174349
 30
0.0
 11
25103.73028730671
 21
24108.88091033243
 31
0.0
1001
ACAD
1010
345980.0
1020
20880.0
1030
0.0
  0
LINE
  5
1124
330
23
100
AcDbEntity
  8
KC-2B Wall Name
  6
Continuous
100
AcDbLine
 10
25103.78332031611
 20
24108.93394334184
 30
0.0
 11
25144.53562515241
 21
24149.68624817813
 31
0.0
1001
ACAD
1010
345980.0
1020
20880.0
1030
0.0
  0
LINE
  5
1125
330
23
100
AcDbEntity
  8
KC-2B Wall Name
  6
Continuous
100
AcDbLine
 10
25034.51690158562
 20
24038.60686443956
 30
0.0
 11
25051.17457579426
 21
24055.26453864819
 31
0.0
1001
ACAD
1010
345980.0
1020
20880.0
1030
0.0
  0
LINE
  5
1126
330
23
100
AcDbEntity
  8
KC-2B Wall Name
  6
Continuous
100
AcDbLine
 10
25051.22760880366
 20
24055.31757165759
 30
0.0
 11
25104.2606173926
 21
24108.35058024654
 31
0.0
1001
ACAD
1010
345980.0
1020
20880.0
1030
0.0
  0
LINE
  5
1127
330
23
100
AcDbEntity
  8
KC-2B Wall Name
  6
Continuous
100
AcDbLine
 10
25104.31365040201
 20
24108.40361325594
 30
0.0
 11
25144.68812718033
 21
24148.77809003426
 31
0.0
1001
ACAD
1010
345980.0
1020
20880.0
1030
0.0
  0
LINE
  5
1128
330
23
100
AcDbEntity
  8
KC-2B Wall Name
  6
Continuous
100
AcDbLine
 10
25035.57756175741
 20
24038.60686443956
 30
0.0
 11
25051.70490588015
 21
24054.73420856229
 31
0.0
1001
ACAD
1010
345980.0
1020
20880.0
1030
0.0
  0
LINE
  5
1129
330
23
100
AcDbEntity
  8
KC-2B Wall Name
  6
Continuous
100
AcDbLine
 10
25051.75793888955
 20
24054.7872415717
 30
0.0
 11
25104.7909474785
 21
24107.82025016064
 31
0.0
1001
ACAD
1010
345980.0
1020
20880.0
1030
0.0
  0
LINE
  5
112A
330
23
100
AcDbEntity
  8
KC-2B Wall Name
  6
Continuous
100
AcDbLine
 10
25104.8439804879
 20
24107.87328317005
 30
0.0
 11
25144.84062920825
 21
24147.8699318904
 31
0.0
1001
ACAD
1010
345980.0
1020
20880.0
1030
0.0
  0
LINE
  5
112B
330
23
100
AcDbEntity
  8
KC-2B Wall Name
  6
Continuous
100
AcDbLine
 10
25036.6382219292
 20
24038.60686443956
 30
0.0
 11
25052.23523596604
 21
24054.2038784764
 31
0.0
1001
ACAD
1010
345980.0
1020
20880.0
1030
0.0
  0
LINE
  5
112C
330
23
100
AcDbEntity
  8
KC-2B Wall Name
  6
Continuous
100
AcDbLine
 10
25052.28826897545
 20
24054.25691148581
 30
0.0
 11
25105.32127756439
 21
24107.28992007475
 31
0.0
1001
ACAD
1010
345980.0
1020
20880.0
1030
0.0
  0
LINE
  5
112D
330
23
100
AcDbEntity
  8
KC-2B Wall Name
  6
Continuous
100
AcDbLine
 10
25105.3743105738
 20
24107.34295308415
 30
0.0
 11
25144.99313123617
 21
24146.96177374653
 31
0.0
1001
ACAD
1010
345980.0
1020
20880.0
1030
0.0
  0
LINE
  5
112E
330
23
100
AcDbEntity
  8
KC-2B Wall Name
  6
Continuous
100
AcDbLine
 10
25037.69888210099
 20
24038.60686443956
 30
0.0
 11
25052.76556605182
 21
24053.67354839039
 31
0.0
1001
ACAD
1010
345980.0
1020
20880.0
1030
0.0
  0
LINE
  5
112F
330
23
100
AcDbEntity
  8
KC-2B Wall Name
  6
Continuous
100
AcDbLine
 10
25052.81859906123
 20
24053.72658139979
 30
0.0
 11
25105.85160765017
 21
24106.75958998874
 31
0.0
1001
ACAD
1010
345980.0
1020
20880.0
1030
0.0
  0
LINE
  5
1130
330
23
100
AcDbEntity
  8
KC-2B Wall Name
  6
Continuous
100
AcDbLine
 10
25105.90464065957
 20
24106.81262299814
 30
0.0
 11
25145.14563326398
 21
24146.05361560255
 31
0.0
1001
ACAD
1010
345980.0
1020
20880.0
1030
0.0
  0
LINE
  5
1131
330
23
100
AcDbEntity
  8
KC-2B Wall Name
  6
Continuous
100
AcDbLine
 10
25038.75954227278
 20
24038.60686443956
 30
0.0
 11
25053.29589613772
 21
24053.1432183045
 31
0.0
1001
ACAD
1010
345980.0
1020
20880.0
1030
0.0
  0
LINE
  5
1132
330
23
100
AcDbEntity
  8
KC-2B Wall Name
  6
Continuous
100
AcDbLine
 10
25053.34892914712
 20
24053.1962513139
 30
0.0
 11
25106.38193773606
 21
24106.22925990284
 31
0.0
1001
ACAD
1010
345980.0
1020
20880.0
1030
0.0
  0
LINE
  5
1133
330
23
100
AcDbEntity
  8
KC-2B Wall Name
  6
Continuous
100
AcDbLine
 10
25106.43497074547
 20
24106.28229291225
 30
0.0
 11
25145.2981352919
 21
24145.14545745868
 31
0.0
1001
ACAD
1010
345980.0
1020
20880.0
1030
0.0
  0
LINE
  5
1134
330
23
100
AcDbEntity
  8
KC-2B Wall Name
  6
Continuous
100
AcDbLine
 10
25039.82020244445
 20
24038.60686443944
 30
0.0
 11
25053.82622622361
 21
24052.6128882186
 31
0.0
1001
ACAD
1010
345980.0
1020
20880.0
1030
0.0
  0
LINE
  5
1135
330
23
100
AcDbEntity
  8
KC-2B Wall Name
  6
Continuous
100
AcDbLine
 10
25053.87925923301
 20
24052.66592122801
 30
0.0
 11
25106.91226782196
 21
24105.69892981695
 31
0.0
1001
ACAD
1010
345980.0
1020
20880.0
1030
0.0
  0
LINE
  5
1136
330
23
100
AcDbEntity
  8
KC-2B Wall Name
  6
Continuous
100
AcDbLine
 10
25106.96530083136
 20
24105.75196282635
 30
0.0
 11
25145.45063731971
 21
24144.2372993147
 31
0.0
1001
ACAD
1010
345980.0
1020
20880.0
1030
0.0
  0
LINE
  5
1137
330
23
100
AcDbEntity
  8
KC-2B Wall Name
  6
Continuous
100
AcDbLine
 10
25040.88086261624
 20
24038.60686443944
 30
0.0
 11
25054.3565563095
 21
24052.08255813271
 31
0.0
1001
ACAD
1010
345980.0
1020
20880.0
1030
0.0
  0
LINE
  5
1138
330
23
100
AcDbEntity
  8
KC-2B Wall Name
  6
Continuous
100
AcDbLine
 10
25054.40958931891
 20
24052.13559114211
 30
0.0
 11
25107.44259790785
 21
24105.16859973106
 31
0.0
1001
ACAD
1010
345980.0
1020
20880.0
1030
0.0
  0
LINE
  5
1139
330
23
100
AcDbEntity
  8
KC-2B Wall Name
  6
Continuous
100
AcDbLine
 10
25107.49563091726
 20
24105.22163274046
 30
0.0
 11
25145.60313934763
 21
24143.32914117083
 31
0.0
1001
ACAD
1010
345980.0
1020
20880.0
1030
0.0
  0
LINE
  5
113A
330
23
100
AcDbEntity
  8
KC-2B Wall Name
  6
Continuous
100
AcDbLine
 10
25041.94152278802
 20
24038.60686443944
 30
0.0
 11
25054.8868863954
 21
24051.55222804681
 31
0.0
1001
ACAD
1010
345980.0
1020
20880.0
1030
0.0
  0
LINE
  5
113B
330
23
100
AcDbEntity
  8
KC-2B Wall Name
  6
Continuous
100
AcDbLine
 10
25054.9399194048
 20
24051.60526105622
 30
0.0
 11
25107.97292799375
 21
24104.63826964516
 31
0.0
1001
ACAD
1010
345980.0
1020
20880.0
1030
0.0
  0
LINE
  5
113C
330
23
100
AcDbEntity
  8
KC-2B Wall Name
  6
Continuous
100
AcDbLine
 10
25108.02596100315
 20
24104.69130265457
 30
0.0
 11
25145.75564137567
 21
24142.42098302708
 31
0.0
1001
ACAD
1010
345980.0
1020
20880.0
1030
0.0
  0
LINE
  5
113D
330
23
100
AcDbEntity
  8
KC-2B Wall Name
  6
Continuous
100
AcDbLine
 10
25043.00218295981
 20
24038.60686443944
 30
0.0
 11
25055.41721648129
 21
24051.02189796092
 31
0.0
1001
ACAD
1010
345980.0
1020
20880.0
1030
0.0
  0
LINE
  5
113E
330
23
100
AcDbEntity
  8
KC-2B Wall Name
  6
Continuous
100
AcDbLine
 10
25055.4702494907
 20
24051.07493097032
 30
0.0
 11
25108.50325807964
 21
24104.10793955927
 31
0.0
1001
ACAD
1010
345980.0
1020
20880.0
1030
0.0
  0
LINE
  5
113F
330
23
100
AcDbEntity
  8
KC-2B Wall Name
  6
Continuous
100
AcDbLine
 10
25108.55629108904
 20
24104.16097256867
 30
0.0
 11
25145.90814340359
 21
24141.51282488322
 31
0.0
1001
ACAD
1010
345980.0
1020
20880.0
1030
0.0
  0
LINE
  5
1140
330
23
100
AcDbEntity
  8
KC-2B Wall Name
  6
Continuous
100
AcDbLine
 10
25044.0628431316
 20
24038.60686443944
 30
0.0
 11
25055.94754656719
 21
24050.49156787503
 31
0.0
1001
ACAD
1010
345980.0
1020
20880.0
1030
0.0
  0
LINE
  5
1141
330
23
100
AcDbEntity
  8
KC-2B Wall Name
  6
Continuous
100
AcDbLine
 10
25056.00057957659
 20
24050.54460088443
 30
0.0
 11
25109.03358816553
 21
24103.57760947337
 31
0.0
1001
ACAD
1010
345980.0
1020
20880.0
1030
0.0
  0
LINE
  5
1142
330
23
100
AcDbEntity
  8
KC-2B Wall Name
  6
Continuous
100
AcDbLine
 10
25109.08662117494
 20
24103.63064248278
 30
0.0
 11
25146.06064543151
 21
24140.60466673935
 31
0.0
1001
ACAD
1010
345980.0
1020
20880.0
1030
0.0
  0
LINE
  5
1143
330
23
100
AcDbEntity
  8
KC-2B Wall Name
  6
Continuous
100
AcDbLine
 10
25045.12350330339
 20
24038.60686443944
 30
0.0
 11
25056.47787665308
 21
24049.96123778913
 31
0.0
1001
ACAD
1010
345980.0
1020
20880.0
1030
0.0
  0
LINE
  5
1144
330
23
100
AcDbEntity
  8
KC-2B Wall Name
  6
Continuous
100
AcDbLine
 10
25056.53090966248
 20
24050.01427079854
 30
0.0
 11
25109.56391825143
 21
24103.04727938748
 31
0.0
1001
ACAD
1010
345980.0
1020
20880.0
1030
0.0
  0
LINE
  5
1145
330
23
100
AcDbEntity
  8
KC-2B Wall Name
  6
Continuous
100
AcDbLine
 10
25109.61695126083
 20
24103.10031239688
 30
0.0
 11
25146.21314745944
 21
24139.69650859549
 31
0.0
1001
ACAD
1010
345980.0
1020
20880.0
1030
0.0
  0
LINE
  5
1146
330
23
100
AcDbEntity
  8
KC-2B Wall Name
  6
Continuous
100
AcDbLine
 10
25046.18416347518
 20
24038.60686443944
 30
0.0
 11
25057.00820673897
 21
24049.43090770324
 31
0.0
1001
ACAD
1010
345980.0
1020
20880.0
1030
0.0
  0
LINE
  5
1147
330
23
100
AcDbEntity
  8
KC-2B Wall Name
  6
Continuous
100
AcDbLine
 10
25057.06123974838
 20
24049.48394071264
 30
0.0
 11
25110.09424833732
 21
24102.51694930159
 31
0.0
1001
ACAD
1010
345980.0
1020
20880.0
1030
0.0
  0
LINE
  5
1148
330
23
100
AcDbEntity
  8
KC-2B Wall Name
  6
Continuous
100
AcDbLine
 10
25110.14728134673
 20
24102.56998231099
 30
0.0
 11
25146.36564948747
 21
24138.78835045174
 31
0.0
1001
ACAD
1010
345980.0
1020
20880.0
1030
0.0
  0
LINE
  5
1149
330
23
100
AcDbEntity
  8
KC-2B Wall Name
  6
Continuous
100
AcDbLine
 10
25047.24482364696
 20
24038.60686443956
 30
0.0
 11
25057.53853682487
 21
24048.90057761746
 31
0.0
1001
ACAD
1010
345980.0
1020
20880.0
1030
0.0
  0
LINE
  5
114A
330
23
100
AcDbEntity
  8
KC-2B Wall Name
  6
Continuous
100
AcDbLine
 10
25057.59156983427
 20
24048.95361062686
 30
0.0
 11
25110.62457842322
 21
24101.98661921581
 31
0.0
1001
ACAD
1010
345980.0
1020
20880.0
1030
0.0
  0
LINE
  5
114B
330
23
100
AcDbEntity
  8
KC-2B Wall Name
  6
Continuous
100
AcDbLine
 10
25110.67761143262
 20
24102.03965222521
 30
0.0
 11
25146.51815151551
 21
24137.8801923081
 31
0.0
1001
ACAD
1010
345980.0
1020
20880.0
1030
0.0
  0
LINE
  5
114C
330
23
100
AcDbEntity
  8
KC-2B Wall Name
  6
Continuous
100
AcDbLine
 10
25048.30548381875
 20
24038.60686443956
 30
0.0
 11
25058.06886691076
 21
24048.37024753157
 31
0.0
1001
ACAD
1010
345980.0
1020
20880.0
1030
0.0
  0
LINE
  5
114D
330
23
100
AcDbEntity
  8
KC-2B Wall Name
  6
Continuous
100
AcDbLine
 10
25058.12189992017
 20
24048.42328054097
 30
0.0
 11
25111.15490850911
 21
24101.45628912991
 31
0.0
1001
ACAD
1010
345980.0
1020
20880.0
1030
0.0
  0
LINE
  5
114E
330
23
100
AcDbEntity
  8
KC-2B Wall Name
  6
Continuous
100
AcDbLine
 10
25111.20794151851
 20
24101.50932213932
 30
0.0
 11
25146.67065354332
 21
24136.97203416412
 31
0.0
1001
ACAD
1010
345980.0
1020
20880.0
1030
0.0
  0
LINE
  5
114F
330
23
100
AcDbEntity
  8
KC-2B Wall Name
  6
Continuous
100
AcDbLine
 10
25049.36614399054
 20
24038.60686443956
 30
0.0
 11
25058.59919699666
 21
24047.83991744567
 31
0.0
1001
ACAD
1010
345980.0
1020
20880.0
1030
0.0
  0
LINE
  5
1150
330
23
100
AcDbEntity
  8
KC-2B Wall Name
  6
Continuous
100
AcDbLine
 10
25058.65223000606
 20
24047.89295045508
 30
0.0
 11
25111.685238595
 21
24100.92595904402
 31
0.0
1001
ACAD
1010
345980.0
1020
20880.0
1030
0.0
  0
LINE
  5
1151
330
23
100
AcDbEntity
  8
KC-2B Wall Name
  6
Continuous
100
AcDbLine
 10
25111.73827160441
 20
24100.97899205342
 30
0.0
 11
25146.82315557124
 21
24136.06387602026
 31
0.0
1001
ACAD
1010
345980.0
1020
20880.0
1030
0.0
  0
LINE
  5
1152
330
23
100
AcDbEntity
  8
KC-2B Wall Name
  6
Continuous
100
AcDbLine
 10
25050.42680416233
 20
24038.60686443956
 30
0.0
 11
25059.12952708255
 21
24047.30958735978
 31
0.0
1001
ACAD
1010
345980.0
1020
20880.0
1030
0.0
  0
LINE
  5
1153
330
23
100
AcDbEntity
  8
KC-2B Wall Name
  6
Continuous
100
AcDbLine
 10
25059.18256009195
 20
24047.36262036918
 30
0.0
 11
25112.2155686809
 21
24100.39562895813
 31
0.0
1001
ACAD
1010
345980.0
1020
20880.0
1030
0.0
  0
LINE
  5
1154
330
23
100
AcDbEntity
  8
KC-2B Wall Name
  6
Continuous
100
AcDbLine
 10
25112.2686016903
 20
24100.44866196753
 30
0.0
 11
25146.97565759916
 21
24135.15571787639
 31
0.0
1001
ACAD
1010
345980.0
1020
20880.0
1030
0.0
  0
LINE
  5
1155
330
23
100
AcDbEntity
  8
KC-2B Wall Name
  6
Continuous
100
AcDbLine
 10
25051.48746433412
 20
24038.60686443956
 30
0.0
 11
25059.65985716844
 21
24046.77925727388
 31
0.0
1001
ACAD
1010
345980.0
1020
20880.0
1030
0.0
  0
LINE
  5
1156
330
23
100
AcDbEntity
  8
KC-2B Wall Name
  6
Continuous
100
AcDbLine
 10
25059.71289017785
 20
24046.83229028329
 30
0.0
 11
25112.74589876679
 21
24099.86529887223
 31
0.0
1001
ACAD
1010
345980.0
1020
20880.0
1030
0.0
  0
LINE
  5
1157
330
23
100
AcDbEntity
  8
KC-2B Wall Name
  6
Continuous
100
AcDbLine
 10
25112.7989317762
 20
24099.91833188164
 30
0.0
 11
25147.12815962709
 21
24134.24755973252
 31
0.0
1001
ACAD
1010
345980.0
1020
20880.0
1030
0.0
  0
LINE
  5
1158
330
23
100
AcDbEntity
  8
KC-2B Wall Name
  6
Continuous
100
AcDbLine
 10
25052.54812450591
 20
24038.60686443956
 30
0.0
 11
25060.19018725434
 21
24046.24892718799
 31
0.0
1001
ACAD
1010
345980.0
1020
20880.0
1030
0.0
  0
LINE
  5
1159
330
23
100
AcDbEntity
  8
KC-2B Wall Name
  6
Continuous
100
AcDbLine
 10
25060.24322026374
 20
24046.30196019739
 30
0.0
 11
25113.27622885269
 21
24099.33496878634
 31
0.0
1001
ACAD
1010
345980.0
1020
20880.0
1030
0.0
  0
LINE
  5
115A
330
23
100
AcDbEntity
  8
KC-2B Wall Name
  6
Continuous
100
AcDbLine
 10
25113.32926186209
 20
24099.38800179574
 30
0.0
 11
25147.28066165501
 21
24133.33940158866
 31
0.0
1001
ACAD
1010
345980.0
1020
20880.0
1030
0.0
  0
LINE
  5
115B
330
23
100
AcDbEntity
  8
KC-2B Wall Name
  6
Continuous
100
AcDbLine
 10
25053.60878467769
 20
24038.60686443956
 30
0.0
 11
25060.72051734023
 21
24045.7185971021
 31
0.0
1001
ACAD
1010
345980.0
1020
20880.0
1030
0.0
  0
LINE
  5
115C
330
23
100
AcDbEntity
  8
KC-2B Wall Name
  6
Continuous
100
AcDbLine
 10
25060.77355034964
 20
24045.7716301115
 30
0.0
 11
25113.80655893858
 21
24098.80463870044
 31
0.0
1001
ACAD
1010
345980.0
1020
20880.0
1030
0.0
  0
LINE
  5
115D
330
23
100
AcDbEntity
  8
KC-2B Wall Name
  6
Continuous
100
AcDbLine
 10
25113.85959194798
 20
24098.85767170985
 30
0.0
 11
25147.43316368293
 21
24132.43124344479
 31
0.0
1001
ACAD
1010
345980.0
1020
20880.0
1030
0.0
  0
LINE
  5
115E
330
23
100
AcDbEntity
  8
KC-2B Wall Name
  6
Continuous
100
AcDbLine
 10
25054.66944484937
 20
24038.60686443956
 30
0.0
 11
25061.25084742613
 21
24045.18826701632
 31
0.0
1001
ACAD
1010
345980.0
1020
20880.0
1030
0.0
  0
LINE
  5
115F
330
23
100
AcDbEntity
  8
KC-2B Wall Name
  6
Continuous
100
AcDbLine
 10
25061.30388043553
 20
24045.24130002572
 30
0.0
 11
25114.33688902447
 21
24098.27430861467
 31
0.0
1001
ACAD
1010
345980.0
1020
20880.0
1030
0.0
  0
LINE
  5
1160
330
23
100
AcDbEntity
  8
KC-2B Wall Name
  6
Continuous
100
AcDbLine
 10
25114.38992203388
 20
24098.32734162407
 30
0.0
 11
25147.58566571097
 21
24131.52308530116
 31
0.0
1001
ACAD
1010
345980.0
1020
20880.0
1030
0.0
  0
LINE
  5
1161
330
23
100
AcDbEntity
  8
KC-2B Wall Name
  6
Continuous
100
AcDbLine
 10
25055.73010502115
 20
24038.60686443956
 30
0.0
 11
25061.78117751202
 21
24044.65793693042
 31
0.0
1001
ACAD
1010
345980.0
1020
20880.0
1030
0.0
  0
LINE
  5
1162
330
23
100
AcDbEntity
  8
KC-2B Wall Name
  6
Continuous
100
AcDbLine
 10
25061.83421052143
 20
24044.71096993983
 30
0.0
 11
25114.86721911037
 21
24097.74397852877
 31
0.0
1001
ACAD
1010
345980.0
1020
20880.0
1030
0.0
  0
LINE
  5
1163
330
23
100
AcDbEntity
  8
KC-2B Wall Name
  6
Continuous
100
AcDbLine
 10
25114.92025211977
 20
24097.79701153818
 30
0.0
 11
25147.73816773877
 21
24130.61492715718
 31
0.0
1001
ACAD
1010
345980.0
1020
20880.0
1030
0.0
  0
LINE
  5
1164
330
23
100
AcDbEntity
  8
KC-2B Wall Name
  6
Continuous
100
AcDbLine
 10
25056.79076519294
 20
24038.60686443956
 30
0.0
 11
25062.31150759791
 21
24044.12760684453
 31
0.0
1001
ACAD
1010
345980.0
1020
20880.0
1030
0.0
  0
LINE
  5
1165
330
23
100
AcDbEntity
  8
KC-2B Wall Name
  6
Continuous
100
AcDbLine
 10
25062.36454060732
 20
24044.18063985393
 30
0.0
 11
25115.39754919626
 21
24097.21364844288
 31
0.0
1001
ACAD
1010
345980.0
1020
20880.0
1030
0.0
  0
LINE
  5
1166
330
23
100
AcDbEntity
  8
KC-2B Wall Name
  6
Continuous
100
AcDbLine
 10
25115.45058220567
 20
24097.26668145228
 30
0.0
 11
25147.89066976681
 21
24129.70676901343
 31
0.0
1001
ACAD
1010
345980.0
1020
20880.0
1030
0.0
  0
LINE
  5
1167
330
23
100
AcDbEntity
  8
KC-2B Wall Name
  6
Continuous
100
AcDbLine
 10
25057.85142536473
 20
24038.60686443956
 30
0.0
 11
25062.84183768381
 21
24043.59727675864
 31
0.0
1001
ACAD
1010
345980.0
1020
20880.0
1030
0.0
  0
LINE
  5
1168
330
23
100
AcDbEntity
  8
KC-2B Wall Name
  6
Continuous
100
AcDbLine
 10
25062.89487069321
 20
24043.65030976804
 30
0.0
 11
25115.92787928216
 21
24096.68331835698
 31
0.0
1001
ACAD
1010
345980.0
1020
20880.0
1030
0.0
  0
LINE
  5
1169
330
23
100
AcDbEntity
  8
KC-2B Wall Name
  6
Continuous
100
AcDbLine
 10
25115.98091229156
 20
24096.73635136639
 30
0.0
 11
25148.04317179474
 21
24128.79861086956
 31
0.0
1001
ACAD
1010
345980.0
1020
20880.0
1030
0.0
  0
LINE
  5
116A
330
23
100
AcDbEntity
  8
KC-2B Wall Name
  6
Continuous
100
AcDbLine
 10
25058.91208553652
 20
24038.60686443956
 30
0.0
 11
25063.3721677697
 21
24043.06694667274
 31
0.0
1001
ACAD
1010
345980.0
1020
20880.0
1030
0.0
  0
LINE
  5
116B
330
23
100
AcDbEntity
  8
KC-2B Wall Name
  6
Continuous
100
AcDbLine
 10
25063.42520077911
 20
24043.11997968215
 30
0.0
 11
25116.45820936805
 21
24096.15298827109
 31
0.0
1001
ACAD
1010
345980.0
1020
20880.0
1030
0.0
  0
LINE
  5
116C
330
23
100
AcDbEntity
  8
KC-2B Wall Name
  6
Continuous
100
AcDbLine
 10
25116.51124237746
 20
24096.20602128049
 30
0.0
 11
25148.19567382266
 21
24127.8904527257
 31
0.0
1001
ACAD
1010
345980.0
1020
20880.0
1030
0.0
  0
LINE
  5
116D
330
23
100
AcDbEntity
  8
KC-2B Wall Name
  6
Continuous
100
AcDbLine
 10
25059.97274570831
 20
24038.60686443956
 30
0.0
 11
25063.9024978556
 21
24042.53661658685
 31
0.0
1001
ACAD
1010
345980.0
1020
20880.0
1030
0.0
  0
LINE
  5
116E
330
23
100
AcDbEntity
  8
KC-2B Wall Name
  6
Continuous
100
AcDbLine
 10
25063.955530865
 20
24042.58964959625
 30
0.0
 11
25116.98853945395
 21
24095.6226581852
 31
0.0
1001
ACAD
1010
345980.0
1020
20880.0
1030
0.0
  0
LINE
  5
116F
330
23
100
AcDbEntity
  8
KC-2B Wall Name
  6
Continuous
100
AcDbLine
 10
25117.04157246335
 20
24095.6756911946
 30
0.0
 11
25148.34817585058
 21
24126.98229458183
 31
0.0
1001
ACAD
1010
345980.0
1020
20880.0
1030
0.0
  0
LINE
  5
1170
330
23
100
AcDbEntity
  8
KC-2B Wall Name
  6
Continuous
100
AcDbLine
 10
25061.03340588009
 20
24038.60686443956
 30
0.0
 11
25064.43282794149
 21
24042.00628650095
 31
0.0
1001
ACAD
1010
345980.0
1020
20880.0
1030
0.0
  0
LINE
  5
1171
330
23
100
AcDbEntity
  8
KC-2B Wall Name
  6
Continuous
100
AcDbLine
 10
25064.4858609509
 20
24042.05931951036
 30
0.0
 11
25117.51886953984
 21
24095.0923280993
 31
0.0
1001
ACAD
1010
345980.0
1020
20880.0
1030
0.0
  0
LINE
  5
1172
330
23
100
AcDbEntity
  8
KC-2B Wall Name
  6
Continuous
100
AcDbLine
 10
25117.57190254924
 20
24095.14536110871
 30
0.0
 11
25148.5006778785
 21
24126.07413643796
 31
0.0
1001
ACAD
1010
345980.0
1020
20880.0
1030
0.0
  0
LINE
  5
1173
330
23
100
AcDbEntity
  8
KC-2B Wall Name
  6
Continuous
100
AcDbLine
 10
25062.09406605188
 20
24038.60686443956
 30
0.0
 11
25064.96315802739
 21
24041.47595641506
 31
0.0
1001
ACAD
1010
345980.0
1020
20880.0
1030
0.0
  0
LINE
  5
1174
330
23
100
AcDbEntity
  8
KC-2B Wall Name
  6
Continuous
100
AcDbLine
 10
25065.01619103679
 20
24041.52898942446
 30
0.0
 11
25118.04919962573
 21
24094.56199801341
 31
0.0
1001
ACAD
1010
345980.0
1020
20880.0
1030
0.0
  0
LINE
  5
1175
330
23
100
AcDbEntity
  8
KC-2B Wall Name
  6
Continuous
100
AcDbLine
 10
25118.10223263514
 20
24094.61503102281
 30
0.0
 11
25148.65317990643
 21
24125.1659782941
 31
0.0
1001
ACAD
1010
345980.0
1020
20880.0
1030
0.0
  0
LINE
  5
1176
330
23
100
AcDbEntity
  8
KC-2B Wall Name
  6
Continuous
100
AcDbLine
 10
25063.15472622367
 20
24038.60686443956
 30
0.0
 11
25065.49348811328
 21
24040.94562632916
 31
0.0
1001
ACAD
1010
345980.0
1020
20880.0
1030
0.0
  0
LINE
  5
1177
330
23
100
AcDbEntity
  8
KC-2B Wall Name
  6
Continuous
100
AcDbLine
 10
25065.54652112268
 20
24040.99865933857
 30
0.0
 11
25118.57952971163
 21
24094.03166792751
 31
0.0
1001
ACAD
1010
345980.0
1020
20880.0
1030
0.0
  0
LINE
  5
1178
330
23
100
AcDbEntity
  8
KC-2B Wall Name
  6
Continuous
100
AcDbLine
 10
25118.63256272103
 20
24094.08470093692
 30
0.0
 11
25148.80568193446
 21
24124.25782015035
 31
0.0
1001
ACAD
1010
345980.0
1020
20880.0
1030
0.0
  0
LINE
  5
1179
330
23
100
AcDbEntity
  8
KC-2B Wall Name
  6
Continuous
100
AcDbLine
 10
25064.21538639546
 20
24038.60686443956
 30
0.0
 11
25066.02381819917
 21
24040.41529624327
 31
0.0
1001
ACAD
1010
345980.0
1020
20880.0
1030
0.0
  0
LINE
  5
117A
330
23
100
AcDbEntity
  8
KC-2B Wall Name
  6
Continuous
100
AcDbLine
 10
25066.07685120858
 20
24040.46832925268
 30
0.0
 11
25119.10985979752
 21
24093.50133784162
 31
0.0
1001
ACAD
1010
345980.0
1020
20880.0
1030
0.0
  0
LINE
  5
117B
330
23
100
AcDbEntity
  8
KC-2B Wall Name
  6
Continuous
100
AcDbLine
 10
25119.16289280693
 20
24093.55437085102
 30
0.0
 11
25148.95818396239
 21
24123.34966200648
 31
0.0
1001
ACAD
1010
345980.0
1020
20880.0
1030
0.0
  0
LINE
  5
117C
330
23
100
AcDbEntity
  8
KC-2B Wall Name
  6
Continuous
100
AcDbLine
 10
25065.27604656725
 20
24038.60686443956
 30
0.0
 11
25066.55414828507
 21
24039.88496615738
 31
0.0
1001
ACAD
1010
345980.0
1020
20880.0
1030
0.0
  0
LINE
  5
117D
330
23
100
AcDbEntity
  8
KC-2B Wall Name
  6
Continuous
100
AcDbLine
 10
25066.60718129447
 20
24039.93799916678
 30
0.0
 11
25119.64018988342
 21
24092.97100775572
 31
0.0
1001
ACAD
1010
345980.0
1020
20880.0
1030
0.0
  0
LINE
  5
117E
330
23
100
AcDbEntity
  8
KC-2B Wall Name
  6
Continuous
100
AcDbLine
 10
25119.69322289282
 20
24093.02404076513
 30
0.0
 11
25149.11068599031
 21
24122.44150386262
 31
0.0
1001
ACAD
1010
345980.0
1020
20880.0
1030
0.0
  0
LINE
  5
117F
330
23
100
AcDbEntity
  8
KC-2B Wall Name
  6
Continuous
100
AcDbLine
 10
25066.33670673904
 20
24038.60686443956
 30
0.0
 11
25067.08447837096
 21
24039.35463607148
 31
0.0
1001
ACAD
1010
345980.0
1020
20880.0
1030
0.0
  0
LINE
  5
1180
330
23
100
AcDbEntity
  8
KC-2B Wall Name
  6
Continuous
100
AcDbLine
 10
25067.13751138037
 20
24039.40766908089
 30
0.0
 11
25120.17051996931
 21
24092.44067766983
 31
0.0
1001
ACAD
1010
345980.0
1020
20880.0
1030
0.0
  0
LINE
  5
1181
330
23
100
AcDbEntity
  8
KC-2B Wall Name
  6
Continuous
100
AcDbLine
 10
25120.22355297871
 20
24092.49371067923
 30
0.0
 11
25149.26318801823
 21
24121.53334571875
 31
0.0
1001
ACAD
1010
345980.0
1020
20880.0
1030
0.0
  0
LINE
  5
1182
330
23
100
AcDbEntity
  8
KC-2B Wall Name
  6
Continuous
100
AcDbLine
 10
25067.39736691082
 20
24038.60686443956
 30
0.0
 11
25067.61480845674
 21
24038.82430598547
 31
0.0
1001
ACAD
1010
345980.0
1020
20880.0
1030
0.0
  0
LINE
  5
1183
330
23
100
AcDbEntity
  8
KC-2B Wall Name
  6
Continuous
100
AcDbLine
 10
25067.66784146614
 20
24038.87733899488
 30
0.0
 11
25120.70085005509
 21
24091.91034758382
 31
0.0
1001
ACAD
1010
345980.0
1020
20880.0
1030
0.0
  0
LINE
  5
1184
330
23
100
AcDbEntity
  8
KC-2B Wall Name
  6
Continuous
100
AcDbLine
 10
25120.75388306449
 20
24091.96338059322
 30
0.0
 11
25149.41569004604
 21
24120.62518757477
 31
0.0
1001
ACAD
1010
345980.0
1020
20880.0
1030
0.0
  0
LINE
  5
1185
330
23
100
AcDbEntity
  8
KC-2B Wall Name
  6
Continuous
100
AcDbLine
 10
25068.45802708261
 20
24038.60686443956
 30
0.0
 11
25121.23118014098
 21
24091.38001749793
 31
0.0
1001
ACAD
1010
345980.0
1020
20880.0
1030
0.0
  0
LINE
  5
1186
330
23
100
AcDbEntity
  8
KC-2B Wall Name
  6
Continuous
100
AcDbLine
 10
25121.28421315039
 20
24091.43305050733
 30
0.0
 11
25149.56819207384
 21
24119.71702943079
 31
0.0
1001
ACAD
1010
345980.0
1020
20880.0
1030
0.0
  0
LINE
  5
1187
330
23
100
AcDbEntity
  8
KC-2B Wall Name
  6
Continuous
100
AcDbLine
 10
25069.51868725428
 20
24038.60686443944
 30
0.0
 11
25121.76151022688
 21
24090.84968741203
 31
0.0
1001
ACAD
1010
345980.0
1020
20880.0
1030
0.0
  0
LINE
  5
1188
330
23
100
AcDbEntity
  8
KC-2B Wall Name
  6
Continuous
100
AcDbLine
 10
25121.81454323628
 20
24090.90272042144
 30
0.0
 11
25149.72069410176
 21
24118.80887128692
 31
0.0
1001
ACAD
1010
345980.0
1020
20880.0
1030
0.0
  0
LINE
  5
1189
330
23
100
AcDbEntity
  8
KC-2B Wall Name
  6
Continuous
100
AcDbLine
 10
25070.57934742607
 20
24038.60686443944
 30
0.0
 11
25122.29184031277
 21
24090.31935732614
 31
0.0
1001
ACAD
1010
345980.0
1020
20880.0
1030
0.0
  0
LINE
  5
118A
330
23
100
AcDbEntity
  8
KC-2B Wall Name
  6
Continuous
100
AcDbLine
 10
25122.34487332217
 20
24090.37239033554
 30
0.0
 11
25149.87319612969
 21
24117.90071314306
 31
0.0
1001
ACAD
1010
345980.0
1020
20880.0
1030
0.0
  0
LINE
  5
118B
330
23
100
AcDbEntity
  8
KC-2B Wall Name
  6
Continuous
100
AcDbLine
 10
25071.64000759786
 20
24038.60686443944
 30
0.0
 11
25122.82217039866
 21
24089.78902724024
 31
0.0
1001
ACAD
1010
345980.0
1020
20880.0
1030
0.0
  0
LINE
  5
118C
330
23
100
AcDbEntity
  8
KC-2B Wall Name
  6
Continuous
100
AcDbLine
 10
25122.87520340807
 20
24089.84206024965
 30
0.0
 11
25150.02569815773
 21
24116.99255499931
 31
0.0
1001
ACAD
1010
345980.0
1020
20880.0
1030
0.0
  0
LINE
  5
118D
330
23
100
AcDbEntity
  8
KC-2B Wall Name
  6
Continuous
100
AcDbLine
 10
25072.70066776965
 20
24038.60686443944
 30
0.0
 11
25123.35250048456
 21
24089.25869715435
 31
0.0
1001
ACAD
1010
345980.0
1020
20880.0
1030
0.0
  0
LINE
  5
118E
330
23
100
AcDbEntity
  8
KC-2B Wall Name
  6
Continuous
100
AcDbLine
 10
25123.40553349396
 20
24089.31173016375
 30
0.0
 11
25150.17820018565
 21
24116.08439685544
 31
0.0
1001
ACAD
1010
345980.0
1020
20880.0
1030
0.0
  0
LINE
  5
118F
330
23
100
AcDbEntity
  8
KC-2B Wall Name
  6
Continuous
100
AcDbLine
 10
25073.76132794144
 20
24038.60686443944
 30
0.0
 11
25123.88283057045
 21
24088.72836706846
 31
0.0
1001
ACAD
1010
345980.0
1020
20880.0
1030
0.0
  0
LINE
  5
1190
330
23
100
AcDbEntity
  8
KC-2B Wall Name
  6
Continuous
100
AcDbLine
 10
25123.93586357986
 20
24088.78140007786
 30
0.0
 11
25150.33070221357
 21
24115.17623871157
 31
0.0
1001
ACAD
1010
345980.0
1020
20880.0
1030
0.0
  0
LINE
  5
1191
330
23
100
AcDbEntity
  8
KC-2B Wall Name
  6
Continuous
100
AcDbLine
 10
25074.82198811322
 20
24038.60686443944
 30
0.0
 11
25124.41316065635
 21
24088.19803698256
 31
0.0
1001
ACAD
1010
345980.0
1020
20880.0
1030
0.0
  0
LINE
  5
1192
330
23
100
AcDbEntity
  8
KC-2B Wall Name
  6
Continuous
100
AcDbLine
 10
25124.46619366575
 20
24088.25106999197
 30
0.0
 11
25150.48320424149
 21
24114.26808056771
 31
0.0
1001
ACAD
1010
345980.0
1020
20880.0
1030
0.0
  0
LINE
  5
1193
330
23
100
AcDbEntity
  8
KC-2B Wall Name
  6
Continuous
100
AcDbLine
 10
25075.88264828501
 20
24038.60686443944
 30
0.0
 11
25124.94349074224
 21
24087.66770689667
 31
0.0
1001
ACAD
1010
345980.0
1020
20880.0
1030
0.0
  0
LINE
  5
1194
330
23
100
AcDbEntity
  8
KC-2B Wall Name
  6
Continuous
100
AcDbLine
 10
25124.99652375164
 20
24087.72073990607
 30
0.0
 11
25150.63570626942
 21
24113.35992242384
 31
0.0
1001
ACAD
1010
345980.0
1020
20880.0
1030
0.0
  0
LINE
  5
1195
330
23
100
AcDbEntity
  8
KC-2B Wall Name
  6
Continuous
100
AcDbLine
 10
25076.9433084568
 20
24038.60686443956
 30
0.0
 11
25125.47382082813
 21
24087.13737681089
 31
0.0
1001
ACAD
1010
345980.0
1020
20880.0
1030
0.0
  0
LINE
  5
1196
330
23
100
AcDbEntity
  8
KC-2B Wall Name
  6
Continuous
100
AcDbLine
 10
25125.52685383754
 20
24087.19040982029
 30
0.0
 11
25150.78820829734
 21
24112.45176428009
 31
0.0
1001
ACAD
1010
345980.0
1020
20880.0
1030
0.0
  0
LINE
  5
1197
330
23
100
AcDbEntity
  8
KC-2B Wall Name
  6
Continuous
100
AcDbLine
 10
25078.00396862859
 20
24038.60686443956
 30
0.0
 11
25126.00415091414
 21
24086.60704672511
 31
0.0
1001
ACAD
1010
345980.0
1020
20880.0
1030
0.0
  0
LINE
  5
1198
330
23
100
AcDbEntity
  8
KC-2B Wall Name
  6
Continuous
100
AcDbLine
 10
25126.05718392355
 20
24086.66007973452
 30
0.0
 11
25150.94071032549
 21
24111.54360613646
 31
0.0
1001
ACAD
1010
345980.0
1020
20880.0
1030
0.0
  0
LINE
  5
1199
330
23
100
AcDbEntity
  8
KC-2B Wall Name
  6
Continuous
100
AcDbLine
 10
25079.06462880038
 20
24038.60686443956
 30
0.0
 11
25126.53448100004
 21
24086.07671663922
 31
0.0
1001
ACAD
1010
345980.0
1020
20880.0
1030
0.0
  0
LINE
  5
119A
330
23
100
AcDbEntity
  8
KC-2B Wall Name
  6
Continuous
100
AcDbLine
 10
25126.58751400944
 20
24086.12974964862
 30
0.0
 11
25151.09321235341
 21
24110.63544799259
 31
0.0
1001
ACAD
1010
345980.0
1020
20880.0
1030
0.0
  0
LINE
  5
119B
330
23
100
AcDbEntity
  8
KC-2B Wall Name
  6
Continuous
100
AcDbLine
 10
25080.12528897217
 20
24038.60686443956
 30
0.0
 11
25127.06481108593
 21
24085.54638655332
 31
0.0
1001
ACAD
1010
345980.0
1020
20880.0
1030
0.0
  0
LINE
  5
119C
330
23
100
AcDbEntity
  8
KC-2B Wall Name
  6
Continuous
100
AcDbLine
 10
25127.11784409534
 20
24085.59941956273
 30
0.0
 11
25151.24571438134
 21
24109.72728984873
 31
0.0
1001
ACAD
1010
345980.0
1020
20880.0
1030
0.0
  0
LINE
  5
119D
330
23
100
AcDbEntity
  8
KC-2B Wall Name
  6
Continuous
100
AcDbLine
 10
25081.18594914395
 20
24038.60686443956
 30
0.0
 11
25127.59514117183
 21
24085.01605646743
 31
0.0
1001
ACAD
1010
345980.0
1020
20880.0
1030
0.0
  0
LINE
  5
119E
330
23
100
AcDbEntity
  8
KC-2B Wall Name
  6
Continuous
100
AcDbLine
 10
25127.64817418123
 20
24085.06908947683
 30
0.0
 11
25151.39821640926
 21
24108.81913170486
 31
0.0
1001
ACAD
1010
345980.0
1020
20880.0
1030
0.0
  0
LINE
  5
119F
330
23
100
AcDbEntity
  8
KC-2B Wall Name
  6
Continuous
100
AcDbLine
 10
25082.24660931574
 20
24038.60686443956
 30
0.0
 11
25128.1254712576
 21
24084.48572638142
 31
0.0
1001
ACAD
1010
345980.0
1020
20880.0
1030
0.0
  0
LINE
  5
11A0
330
23
100
AcDbEntity
  8
KC-2B Wall Name
  6
Continuous
100
AcDbLine
 10
25128.17850426701
 20
24084.53875939082
 30
0.0
 11
25151.55071843707
 21
24107.91097356088
 31
0.0
1001
ACAD
1010
345980.0
1020
20880.0
1030
0.0
  0
LINE
  5
11A1
330
23
100
AcDbEntity
  8
KC-2B Wall Name
  6
Continuous
100
AcDbLine
 10
25083.30726948753
 20
24038.60686443956
 30
0.0
 11
25128.6558013435
 21
24083.95539629553
 31
0.0
1001
ACAD
1010
345980.0
1020
20880.0
1030
0.0
  0
LINE
  5
11A2
330
23
100
AcDbEntity
  8
KC-2B Wall Name
  6
Continuous
100
AcDbLine
 10
25128.7088343529
 20
24084.00842930493
 30
0.0
 11
25151.70322046499
 21
24107.00281541701
 31
0.0
1001
ACAD
1010
345980.0
1020
20880.0
1030
0.0
  0
LINE
  5
11A3
330
23
100
AcDbEntity
  8
KC-2B Wall Name
  6
Continuous
100
AcDbLine
 10
25084.3679296592
 20
24038.60686443956
 30
0.0
 11
25129.18613142939
 21
24083.42506620975
 31
0.0
1001
ACAD
1010
345980.0
1020
20880.0
1030
0.0
  0
LINE
  5
11A4
330
23
100
AcDbEntity
  8
KC-2B Wall Name
  6
Continuous
100
AcDbLine
 10
25129.2391644388
 20
24083.47809921915
 30
0.0
 11
25151.85572249291
 21
24106.09465727326
 31
0.0
1001
ACAD
1010
345980.0
1020
20880.0
1030
0.0
  0
LINE
  5
11A5
330
23
100
AcDbEntity
  8
KC-2B Wall Name
  6
Continuous
100
AcDbLine
 10
25085.42858983099
 20
24038.60686443956
 30
0.0
 11
25129.71646151529
 21
24082.89473612385
 31
0.0
1001
ACAD
1010
345980.0
1020
20880.0
1030
0.0
  0
LINE
  5
11A6
330
23
100
AcDbEntity
  8
KC-2B Wall Name
  6
Continuous
100
AcDbLine
 10
25129.76949452469
 20
24082.94776913326
 30
0.0
 11
25152.00822452083
 21
24105.1864991294
 31
0.0
1001
ACAD
1010
345980.0
1020
20880.0
1030
0.0
  0
LINE
  5
11A7
330
23
100
AcDbEntity
  8
KC-2B Wall Name
  6
Continuous
100
AcDbLine
 10
25086.48925000278
 20
24038.60686443956
 30
0.0
 11
25130.24679160118
 21
24082.36440603796
 31
0.0
1001
ACAD
1010
345980.0
1020
20880.0
1030
0.0
  0
LINE
  5
11A8
330
23
100
AcDbEntity
  8
KC-2B Wall Name
  6
Continuous
100
AcDbLine
 10
25130.29982461059
 20
24082.41743904736
 30
0.0
 11
25152.16072654887
 21
24104.27834098565
 31
0.0
1001
ACAD
1010
345980.0
1020
20880.0
1030
0.0
  0
LINE
  5
11A9
330
23
100
AcDbEntity
  8
KC-2B Wall Name
  6
Continuous
100
AcDbLine
 10
25087.54991017457
 20
24038.60686443956
 30
0.0
 11
25130.77712168708
 21
24081.83407595207
 31
0.0
1001
ACAD
1010
345980.0
1020
20880.0
1030
0.0
  0
LINE
  5
11AA
330
23
100
AcDbEntity
  8
KC-2B Wall Name
  6
Continuous
100
AcDbLine
 10
25130.83015469648
 20
24081.88710896147
 30
0.0
 11
25152.31322857679
 21
24103.37018284178
 31
0.0
1001
ACAD
1010
345980.0
1020
20880.0
1030
0.0
  0
LINE
  5
11AB
330
23
100
AcDbEntity
  8
KC-2B Wall Name
  6
Continuous
100
AcDbLine
 10
25088.61057034635
 20
24038.60686443956
 30
0.0
 11
25131.30745177297
 21
24081.30374586617
 31
0.0
1001
ACAD
1010
345980.0
1020
20880.0
1030
0.0
  0
LINE
  5
11AC
330
23
100
AcDbEntity
  8
KC-2B Wall Name
  6
Continuous
100
AcDbLine
 10
25131.36048478237
 20
24081.35677887558
 30
0.0
 11
25152.46573060472
 21
24102.46202469792
 31
0.0
1001
ACAD
1010
345980.0
1020
20880.0
1030
0.0
  0
LINE
  5
11AD
330
23
100
AcDbEntity
  8
KC-2B Wall Name
  6
Continuous
100
AcDbLine
 10
25089.67123051814
 20
24038.60686443956
 30
0.0
 11
25131.83778185886
 21
24080.77341578028
 31
0.0
1001
ACAD
1010
345980.0
1020
20880.0
1030
0.0
  0
LINE
  5
11AE
330
23
100
AcDbEntity
  8
KC-2B Wall Name
  6
Continuous
100
AcDbLine
 10
25131.89081486827
 20
24080.82644878968
 30
0.0
 11
25152.61823263264
 21
24101.55386655405
 31
0.0
1001
ACAD
1010
345980.0
1020
20880.0
1030
0.0
  0
LINE
  5
11AF
330
23
100
AcDbEntity
  8
KC-2B Wall Name
  6
Continuous
100
AcDbLine
 10
25090.73189068993
 20
24038.60686443956
 30
0.0
 11
25132.36811194476
 21
24080.24308569438
 31
0.0
1001
ACAD
1010
345980.0
1020
20880.0
1030
0.0
  0
LINE
  5
11B0
330
23
100
AcDbEntity
  8
KC-2B Wall Name
  6
Continuous
100
AcDbLine
 10
25132.42114495416
 20
24080.29611870379
 30
0.0
 11
25152.77073466056
 21
24100.64570841019
 31
0.0
1001
ACAD
1010
345980.0
1020
20880.0
1030
0.0
  0
LINE
  5
11B1
330
23
100
AcDbEntity
  8
KC-2B Wall Name
  6
Continuous
100
AcDbLine
 10
25091.79255086172
 20
24038.60686443956
 30
0.0
 11
25132.89844203065
 21
24079.71275560849
 31
0.0
1001
ACAD
1010
345980.0
1020
20880.0
1030
0.0
  0
LINE
  5
11B2
330
23
100
AcDbEntity
  8
KC-2B Wall Name
  6
Continuous
100
AcDbLine
 10
25132.95147504006
 20
24079.76578861789
 30
0.0
 11
25152.92323668837
 21
24099.7375502662
 31
0.0
1001
ACAD
1010
345980.0
1020
20880.0
1030
0.0
  0
LINE
  5
11B3
330
23
100
AcDbEntity
  8
KC-2B Wall Name
  6
Continuous
100
AcDbLine
 10
25092.85321103351
 20
24038.60686443956
 30
0.0
 11
25133.42877211655
 21
24079.18242552259
 31
0.0
1001
ACAD
1010
345980.0
1020
20880.0
1030
0.0
  0
LINE
  5
11B4
330
23
100
AcDbEntity
  8
KC-2B Wall Name
  6
Continuous
100
AcDbLine
 10
25133.48180512595
 20
24079.235458532
 30
0.0
 11
25153.07573871629
 21
24098.82939212234
 31
0.0
1001
ACAD
1010
345980.0
1020
20880.0
1030
0.0
  0
LINE
  5
11B5
330
23
100
AcDbEntity
  8
KC-2B Wall Name
  6
Continuous
100
AcDbLine
 10
25093.9138712053
 20
24038.60686443956
 30
0.0
 11
25133.95910220244
 21
24078.6520954367
 31
0.0
1001
ACAD
1010
345980.0
1020
20880.0
1030
0.0
  0
LINE
  5
11B6
330
23
100
AcDbEntity
  8
KC-2B Wall Name
  6
Continuous
100
AcDbLine
 10
25134.01213521184
 20
24078.7051284461
 30
0.0
 11
25153.22824074433
 21
24097.92123397859
 31
0.0
1001
ACAD
1010
345980.0
1020
20880.0
1030
0.0
  0
LINE
  5
11B7
330
23
100
AcDbEntity
  8
KC-2B Wall Name
  6
Continuous
100
AcDbLine
 10
25094.97453137708
 20
24038.60686443956
 30
0.0
 11
25134.48943228833
 21
24078.12176535081
 31
0.0
1001
ACAD
1010
345980.0
1020
20880.0
1030
0.0
  0
LINE
  5
11B8
330
23
100
AcDbEntity
  8
KC-2B Wall Name
  6
Continuous
100
AcDbLine
 10
25134.54246529774
 20
24078.17479836021
 30
0.0
 11
25153.38074277237
 21
24097.01307583484
 31
0.0
1001
ACAD
1010
345980.0
1020
20880.0
1030
0.0
  0
LINE
  5
11B9
330
23
100
AcDbEntity
  8
KC-2B Wall Name
  6
Continuous
100
AcDbLine
 10
25096.03519154887
 20
24038.60686443956
 30
0.0
 11
25135.01976237423
 21
24077.59143526491
 31
0.0
1001
ACAD
1010
345980.0
1020
20880.0
1030
0.0
  0
LINE
  5
11BA
330
23
100
AcDbEntity
  8
KC-2B Wall Name
  6
Continuous
100
AcDbLine
 10
25135.07279538363
 20
24077.64446827432
 30
0.0
 11
25153.53324480029
 21
24096.10491769097
 31
0.0
1001
ACAD
1010
345980.0
1020
20880.0
1030
0.0
  0
LINE
  5
11BB
330
23
100
AcDbEntity
  8
KC-2B Wall Name
  6
Continuous
100
AcDbLine
 10
25097.09585172066
 20
24038.60686443956
 30
0.0
 11
25135.55009246001
 21
24077.0611051789
 31
0.0
1001
ACAD
1010
345980.0
1020
20880.0
1030
0.0
  0
LINE
  5
11BC
330
23
100
AcDbEntity
  8
KC-2B Wall Name
  6
Continuous
100
AcDbLine
 10
25135.60312546941
 20
24077.11413818831
 30
0.0
 11
25153.68574682798
 21
24095.19675954687
 31
0.0
1001
ACAD
1010
345980.0
1020
20880.0
1030
0.0
  0
LINE
  5
11BD
330
23
100
AcDbEntity
  8
KC-2B Wall Name
  6
Continuous
100
AcDbLine
 10
25098.15651189245
 20
24038.60686443956
 30
0.0
 11
25136.0804225459
 21
24076.53077509301
 31
0.0
1001
ACAD
1010
345980.0
1020
20880.0
1030
0.0
  0
LINE
  5
11BE
330
23
100
AcDbEntity
  8
KC-2B Wall Name
  6
Continuous
100
AcDbLine
 10
25136.1334555553
 20
24076.58380810241
 30
0.0
 11
25153.8382488559
 21
24094.28860140301
 31
0.0
1001
ACAD
1010
345980.0
1020
20880.0
1030
0.0
  0
LINE
  5
11BF
330
23
100
AcDbEntity
  8
KC-2B Wall Name
  6
Continuous
100
AcDbLine
 10
25099.21717206412
 20
24038.60686443944
 30
0.0
 11
25136.61075263179
 21
24076.00044500711
 31
0.0
1001
ACAD
1010
345980.0
1020
20880.0
1030
0.0
  0
LINE
  5
11C0
330
23
100
AcDbEntity
  8
KC-2B Wall Name
  6
Continuous
100
AcDbLine
 10
25136.6637856412
 20
24076.05347801652
 30
0.0
 11
25153.99075088382
 21
24093.38044325914
 31
0.0
1001
ACAD
1010
345980.0
1020
20880.0
1030
0.0
  0
LINE
  5
11C1
330
23
100
AcDbEntity
  8
KC-2B Wall Name
  6
Continuous
100
AcDbLine
 10
25100.27783223591
 20
24038.60686443944
 30
0.0
 11
25137.14108271769
 21
24075.47011492122
 31
0.0
1001
ACAD
1010
345980.0
1020
20880.0
1030
0.0
  0
LINE
  5
11C2
330
23
100
AcDbEntity
  8
KC-2B Wall Name
  6
Continuous
100
AcDbLine
 10
25137.19411572709
 20
24075.52314793062
 30
0.0
 11
25154.14325291186
 21
24092.47228511539
 31
0.0
1001
ACAD
1010
345980.0
1020
20880.0
1030
0.0
  0
LINE
  5
11C3
330
23
100
AcDbEntity
  8
KC-2B Wall Name
  6
Continuous
100
AcDbLine
 10
25101.3384924077
 20
24038.60686443944
 30
0.0
 11
25137.67141280358
 21
24074.93978483533
 31
0.0
1001
ACAD
1010
345980.0
1020
20880.0
1030
0.0
  0
LINE
  5
11C4
330
23
100
AcDbEntity
  8
KC-2B Wall Name
  6
Continuous
100
AcDbLine
 10
25137.72444581299
 20
24074.99281784473
 30
0.0
 11
25154.29575493978
 21
24091.56412697153
 31
0.0
1001
ACAD
1010
345980.0
1020
20880.0
1030
0.0
  0
LINE
  5
11C5
330
23
100
AcDbEntity
  8
KC-2B Wall Name
  6
Continuous
100
AcDbLine
 10
25102.39915257948
 20
24038.60686443944
 30
0.0
 11
25138.20174288948
 21
24074.40945474943
 31
0.0
1001
ACAD
1010
345980.0
1020
20880.0
1030
0.0
  0
LINE
  5
11C6
330
23
100
AcDbEntity
  8
KC-2B Wall Name
  6
Continuous
100
AcDbLine
 10
25138.25477589888
 20
24074.46248775884
 30
0.0
 11
25154.44825696771
 21
24090.65596882766
 31
0.0
1001
ACAD
1010
345980.0
1020
20880.0
1030
0.0
  0
LINE
  5
11C7
330
23
100
AcDbEntity
  8
KC-2B Wall Name
  6
Continuous
100
AcDbLine
 10
25103.45981275127
 20
24038.60686443944
 30
0.0
 11
25138.73207297537
 21
24073.87912466354
 31
0.0
1001
ACAD
1010
345980.0
1020
20880.0
1030
0.0
  0
LINE
  5
11C8
330
23
100
AcDbEntity
  8
KC-2B Wall Name
  6
Continuous
100
AcDbLine
 10
25138.78510598477
 20
24073.93215767294
 30
0.0
 11
25154.60075899563
 21
24089.7478106838
 31
0.0
1001
ACAD
1010
345980.0
1020
20880.0
1030
0.0
  0
LINE
  5
11C9
330
23
100
AcDbEntity
  8
KC-2B Wall Name
  6
Continuous
100
AcDbLine
 10
25104.52047292306
 20
24038.60686443944
 30
0.0
 11
25139.26240306126
 21
24073.34879457764
 31
0.0
1001
ACAD
1010
345980.0
1020
20880.0
1030
0.0
  0
LINE
  5
11CA
330
23
100
AcDbEntity
  8
KC-2B Wall Name
  6
Continuous
100
AcDbLine
 10
25139.31543607067
 20
24073.40182758705
 30
0.0
 11
25154.75326102355
 21
24088.83965253993
 31
0.0
1001
ACAD
1010
345980.0
1020
20880.0
1030
0.0
  0
LINE
  5
11CB
330
23
100
AcDbEntity
  8
KC-2B Wall Name
  6
Continuous
100
AcDbLine
 10
25105.58113309485
 20
24038.60686443944
 30
0.0
 11
25139.79273314716
 21
24072.81846449175
 31
0.0
1001
ACAD
1010
345980.0
1020
20880.0
1030
0.0
  0
LINE
  5
11CC
330
23
100
AcDbEntity
  8
KC-2B Wall Name
  6
Continuous
100
AcDbLine
 10
25139.84576615656
 20
24072.87149750115
 30
0.0
 11
25154.90576305147
 21
24087.93149439606
 31
0.0
1001
ACAD
1010
345980.0
1020
20880.0
1030
0.0
  0
LINE
  5
11CD
330
23
100
AcDbEntity
  8
KC-2B Wall Name
  6
Continuous
100
AcDbLine
 10
25106.64179326664
 20
24038.60686443956
 30
0.0
 11
25140.32306323305
 21
24072.28813440597
 31
0.0
1001
ACAD
1010
345980.0
1020
20880.0
1030
0.0
  0
LINE
  5
11CE
330
23
100
AcDbEntity
  8
KC-2B Wall Name
  6
Continuous
100
AcDbLine
 10
25140.37609624246
 20
24072.34116741538
 30
0.0
 11
25155.05826507939
 21
24087.02333625231
 31
0.0
1001
ACAD
1010
345980.0
1020
20880.0
1030
0.0
  0
LINE
  5
11CF
330
23
100
AcDbEntity
  8
KC-2B Wall Name
  6
Continuous
100
AcDbLine
 10
25107.70245343843
 20
24038.60686443956
 30
0.0
 11
25140.85339331906
 21
24071.75780432019
 31
0.0
1001
ACAD
1010
345980.0
1020
20880.0
1030
0.0
  0
LINE
  5
11D0
330
23
100
AcDbEntity
  8
KC-2B Wall Name
  6
Continuous
100
AcDbLine
 10
25140.90642632847
 20
24071.8108373296
 30
0.0
 11
25155.21076710743
 21
24086.11517810856
 31
0.0
1001
ACAD
1010
345980.0
1020
20880.0
1030
0.0
  0
LINE
  5
11D1
330
23
100
AcDbEntity
  8
KC-2B Wall Name
  6
Continuous
100
AcDbLine
 10
25108.76311361021
 20
24038.60686443956
 30
0.0
 11
25141.38372340496
 21
24071.2274742343
 31
0.0
1001
ACAD
1010
345980.0
1020
20880.0
1030
0.0
  0
LINE
  5
11D2
330
23
100
AcDbEntity
  8
KC-2B Wall Name
  6
Continuous
100
AcDbLine
 10
25141.43675641436
 20
24071.2805072437
 30
0.0
 11
25155.36326913536
 21
24085.2070199647
 31
0.0
1001
ACAD
1010
345980.0
1020
20880.0
1030
0.0
  0
LINE
  5
11D3
330
23
100
AcDbEntity
  8
KC-2B Wall Name
  6
Continuous
100
AcDbLine
 10
25109.823773782
 20
24038.60686443956
 30
0.0
 11
25141.91405349085
 21
24070.69714414841
 31
0.0
1001
ACAD
1010
345980.0
1020
20880.0
1030
0.0
  0
LINE
  5
11D4
330
23
100
AcDbEntity
  8
KC-2B Wall Name
  6
Continuous
100
AcDbLine
 10
25141.96708650026
 20
24070.75017715781
 30
0.0
 11
25155.51577116339
 21
24084.29886182095
 31
0.0
1001
ACAD
1010
345980.0
1020
20880.0
1030
0.0
  0
LINE
  5
11D5
330
23
100
AcDbEntity
  8
KC-2B Wall Name
  6
Continuous
100
AcDbLine
 10
25110.88443395379
 20
24038.60686443956
 30
0.0
 11
25142.44438357675
 21
24070.16681406251
 31
0.0
1001
ACAD
1010
345980.0
1020
20880.0
1030
0.0
  0
LINE
  5
11D6
330
23
100
AcDbEntity
  8
KC-2B Wall Name
  6
Continuous
100
AcDbLine
 10
25142.49741658615
 20
24070.21984707192
 30
0.0
 11
25155.66827319132
 21
24083.39070367708
 31
0.0
1001
ACAD
1010
345980.0
1020
20880.0
1030
0.0
  0
LINE
  5
11D7
330
23
100
AcDbEntity
  8
KC-2B Wall Name
  6
Continuous
100
AcDbLine
 10
25111.94509412558
 20
24038.60686443956
 30
0.0
 11
25142.97471366252
 21
24069.6364839765
 31
0.0
1001
ACAD
1010
345980.0
1020
20880.0
1030
0.0
  0
LINE
  5
11D8
330
23
100
AcDbEntity
  8
KC-2B Wall Name
  6
Continuous
100
AcDbLine
 10
25143.02774667193
 20
24069.68951698591
 30
0.0
 11
25155.82077521912
 21
24082.4825455331
 31
0.0
1001
ACAD
1010
345980.0
1020
20880.0
1030
0.0
  0
LINE
  5
11D9
330
23
100
AcDbEntity
  8
KC-2B Wall Name
  6
Continuous
100
AcDbLine
 10
25113.00575429737
 20
24038.60686443956
 30
0.0
 11
25143.50504374842
 21
24069.10615389061
 31
0.0
1001
ACAD
1010
345980.0
1020
20880.0
1030
0.0
  0
LINE
  5
11DA
330
23
100
AcDbEntity
  8
KC-2B Wall Name
  6
Continuous
100
AcDbLine
 10
25143.55807675782
 20
24069.15918690001
 30
0.0
 11
25155.97327724705
 21
24081.57438738924
 31
0.0
1001
ACAD
1010
345980.0
1020
20880.0
1030
0.0
  0
LINE
  5
11DB
330
23
100
AcDbEntity
  8
KC-2B Wall Name
  6
Continuous
100
AcDbLine
 10
25114.06641446904
 20
24038.60686443956
 30
0.0
 11
25144.03537383431
 21
24068.57582380483
 31
0.0
1001
ACAD
1010
345980.0
1020
20880.0
1030
0.0
  0
LINE
  5
11DC
330
23
100
AcDbEntity
  8
KC-2B Wall Name
  6
Continuous
100
AcDbLine
 10
25144.08840684372
 20
24068.62885681423
 30
0.0
 11
25156.12577927497
 21
24080.66622924549
 31
0.0
1001
ACAD
1010
345980.0
1020
20880.0
1030
0.0
  0
LINE
  5
11DD
330
23
100
AcDbEntity
  8
KC-2B Wall Name
  6
Continuous
100
AcDbLine
 10
25115.12707464083
 20
24038.60686443956
 30
0.0
 11
25144.56570392021
 21
24068.04549371894
 31
0.0
1001
ACAD
1010
345980.0
1020
20880.0
1030
0.0
  0
LINE
  5
11DE
330
23
100
AcDbEntity
  8
KC-2B Wall Name
  6
Continuous
100
AcDbLine
 10
25144.61873692961
 20
24068.09852672834
 30
0.0
 11
25156.27828130289
 21
24079.75807110162
 31
0.0
1001
ACAD
1010
345980.0
1020
20880.0
1030
0.0
  0
LINE
  5
11DF
330
23
100
AcDbEntity
  8
KC-2B Wall Name
  6
Continuous
100
AcDbLine
 10
25116.18773481261
 20
24038.60686443956
 30
0.0
 11
25145.0960340061
 21
24067.51516363304
 31
0.0
1001
ACAD
1010
345980.0
1020
20880.0
1030
0.0
  0
LINE
  5
11E0
330
23
100
AcDbEntity
  8
KC-2B Wall Name
  6
Continuous
100
AcDbLine
 10
25145.1490670155
 20
24067.56819664245
 30
0.0
 11
25156.43078333081
 21
24078.84991295775
 31
0.0
1001
ACAD
1010
345980.0
1020
20880.0
1030
0.0
  0
LINE
  5
11E1
330
23
100
AcDbEntity
  8
KC-2B Wall Name
  6
Continuous
100
AcDbLine
 10
25117.2483949844
 20
24038.60686443956
 30
0.0
 11
25145.62636409199
 21
24066.98483354715
 31
0.0
1001
ACAD
1010
345980.0
1020
20880.0
1030
0.0
  0
LINE
  5
11E2
330
23
100
AcDbEntity
  8
KC-2B Wall Name
  6
Continuous
100
AcDbLine
 10
25145.6793971014
 20
24067.03786655655
 30
0.0
 11
25156.58328535873
 21
24077.94175481389
 31
0.0
1001
ACAD
1010
345980.0
1020
20880.0
1030
0.0
  0
LINE
  5
11E3
330
23
100
AcDbEntity
  8
KC-2B Wall Name
  6
Continuous
100
AcDbLine
 10
25118.30905515619
 20
24038.60686443956
 30
0.0
 11
25146.15669417789
 21
24066.45450346125
 31
0.0
1001
ACAD
1010
345980.0
1020
20880.0
1030
0.0
  0
LINE
  5
11E4
330
23
100
AcDbEntity
  8
KC-2B Wall Name
  6
Continuous
100
AcDbLine
 10
25146.20972718729
 20
24066.50753647066
 30
0.0
 11
25156.73578738677
 21
24077.03359667014
 31
0.0
1001
ACAD
1010
345980.0
1020
20880.0
1030
0.0
  0
LINE
  5
11E5
330
23
100
AcDbEntity
  8
KC-2B Wall Name
  6
Continuous
100
AcDbLine
 10
25119.36971532798
 20
24038.60686443956
 30
0.0
 11
25146.68702426378
 21
24065.92417337536
 31
0.0
1001
ACAD
1010
345980.0
1020
20880.0
1030
0.0
  0
LINE
  5
11E6
330
23
100
AcDbEntity
  8
KC-2B Wall Name
  6
Continuous
100
AcDbLine
 10
25146.74005727319
 20
24065.97720638476
 30
0.0
 11
25156.8882894147
 21
24076.12543852627
 31
0.0
1001
ACAD
1010
345980.0
1020
20880.0
1030
0.0
  0
LINE
  5
11E7
330
23
100
AcDbEntity
  8
KC-2B Wall Name
  6
Continuous
100
AcDbLine
 10
25120.43037549977
 20
24038.60686443956
 30
0.0
 11
25147.21735434968
 21
24065.39384328946
 31
0.0
1001
ACAD
1010
345980.0
1020
20880.0
1030
0.0
  0
LINE
  5
11E8
330
23
100
AcDbEntity
  8
KC-2B Wall Name
  6
Continuous
100
AcDbLine
 10
25147.27038735908
 20
24065.44687629887
 30
0.0
 11
25157.04079144262
 21
24075.21728038241
 31
0.0
1001
ACAD
1010
345980.0
1020
20880.0
1030
0.0
  0
LINE
  5
11E9
330
23
100
AcDbEntity
  8
KC-2B Wall Name
  6
Continuous
100
AcDbLine
 10
25121.49103567156
 20
24038.60686443956
 30
0.0
 11
25147.74768443557
 21
24064.86351320357
 31
0.0
1001
ACAD
1010
345980.0
1020
20880.0
1030
0.0
  0
LINE
  5
11EA
330
23
100
AcDbEntity
  8
KC-2B Wall Name
  6
Continuous
100
AcDbLine
 10
25147.80071744497
 20
24064.91654621297
 30
0.0
 11
25157.19329347042
 21
24074.30912223842
 31
0.0
1001
ACAD
1010
345980.0
1020
20880.0
1030
0.0
  0
LINE
  5
11EB
330
23
100
AcDbEntity
  8
KC-2B Wall Name
  6
Continuous
100
AcDbLine
 10
25122.55169584334
 20
24038.60686443956
 30
0.0
 11
25148.27801452146
 21
24064.33318311768
 31
0.0
1001
ACAD
1010
345980.0
1020
20880.0
1030
0.0
  0
LINE
  5
11EC
330
23
100
AcDbEntity
  8
KC-2B Wall Name
  6
Continuous
100
AcDbLine
 10
25148.33104753087
 20
24064.38621612708
 30
0.0
 11
25157.34579549835
 21
24073.40096409456
 31
0.0
1001
ACAD
1010
345980.0
1020
20880.0
1030
0.0
  0
LINE
  5
11ED
330
23
100
AcDbEntity
  8
KC-2B Wall Name
  6
Continuous
100
AcDbLine
 10
25123.61235601513
 20
24038.60686443956
 30
0.0
 11
25148.80834460736
 21
24063.80285303178
 31
0.0
1001
ACAD
1010
345980.0
1020
20880.0
1030
0.0
  0
LINE
  5
11EE
330
23
100
AcDbEntity
  8
KC-2B Wall Name
  6
Continuous
100
AcDbLine
 10
25148.86137761676
 20
24063.85588604119
 30
0.0
 11
25157.49829752627
 21
24072.49280595069
 31
0.0
1001
ACAD
1010
345980.0
1020
20880.0
1030
0.0
  0
LINE
  5
11EF
330
23
100
AcDbEntity
  8
KC-2B Wall Name
  6
Continuous
100
AcDbLine
 10
25124.67301618692
 20
24038.60686443956
 30
0.0
 11
25149.33867469325
 21
24063.27252294589
 31
0.0
1001
ACAD
1010
345980.0
1020
20880.0
1030
0.0
  0
LINE
  5
11F0
330
23
100
AcDbEntity
  8
KC-2B Wall Name
  6
Continuous
100
AcDbLine
 10
25149.39170770266
 20
24063.32555595529
 30
0.0
 11
25157.65079955419
 21
24071.58464780683
 31
0.0
1001
ACAD
1010
345980.0
1020
20880.0
1030
0.0
  0
LINE
  5
11F1
330
23
100
AcDbEntity
  8
KC-2B Wall Name
  6
Continuous
100
AcDbLine
 10
25125.73367635871
 20
24038.60686443956
 30
0.0
 11
25149.86900477915
 21
24062.74219285999
 31
0.0
1001
ACAD
1010
345980.0
1020
20880.0
1030
0.0
  0
LINE
  5
11F2
330
23
100
AcDbEntity
  8
KC-2B Wall Name
  6
Continuous
100
AcDbLine
 10
25149.92203778855
 20
24062.7952258694
 30
0.0
 11
25157.80330158223
 21
24070.67648966308
 31
0.0
1001
ACAD
1010
345980.0
1020
20880.0
1030
0.0
  0
LINE
  5
11F3
330
23
100
AcDbEntity
  8
KC-2B Wall Name
  6
Continuous
100
AcDbLine
 10
25126.7943365305
 20
24038.60686443956
 30
0.0
 11
25150.39933486492
 21
24062.21186277398
 31
0.0
1001
ACAD
1010
345980.0
1020
20880.0
1030
0.0
  0
LINE
  5
11F4
330
23
100
AcDbEntity
  8
KC-2B Wall Name
  6
Continuous
100
AcDbLine
 10
25150.45236787433
 20
24062.26489578339
 30
0.0
 11
25157.95580361004
 21
24069.7683315191
 31
0.0
1001
ACAD
1010
345980.0
1020
20880.0
1030
0.0
  0
LINE
  5
11F5
330
23
100
AcDbEntity
  8
KC-2B Wall Name
  6
Continuous
100
AcDbLine
 10
25127.85499670228
 20
24038.60686443944
 30
0.0
 11
25150.92966495093
 21
24061.68153268809
 31
0.0
1001
ACAD
1010
345980.0
1020
20880.0
1030
0.0
  0
LINE
  5
11F6
330
23
100
AcDbEntity
  8
KC-2B Wall Name
  6
Continuous
100
AcDbLine
 10
25150.98269796034
 20
24061.73456569749
 30
0.0
 11
25158.10830563807
 21
24068.86017337523
 31
0.0
1001
ACAD
1010
345980.0
1020
20880.0
1030
0.0
  0
LINE
  5
11F7
330
23
100
AcDbEntity
  8
KC-2B Wall Name
  6
Continuous
100
AcDbLine
 10
25128.91565687396
 20
24038.60686443944
 30
0.0
 11
25151.45999503671
 21
24061.1512026022
 31
0.0
1001
ACAD
1010
345980.0
1020
20880.0
1030
0.0
  0
LINE
  5
11F8
330
23
100
AcDbEntity
  8
KC-2B Wall Name
  6
Continuous
100
AcDbLine
 10
25151.51302804612
 20
24061.2042356116
 30
0.0
 11
25158.26080766588
 21
24067.95201523136
 31
0.0
1001
ACAD
1010
345980.0
1020
20880.0
1030
0.0
  0
LINE
  5
11F9
330
23
100
AcDbEntity
  8
KC-2B Wall Name
  6
Continuous
100
AcDbLine
 10
25129.97631704574
 20
24038.60686443944
 30
0.0
 11
25151.99032512261
 21
24060.6208725163
 31
0.0
1001
ACAD
1010
345980.0
1020
20880.0
1030
0.0
  0
LINE
  5
11FA
330
23
100
AcDbEntity
  8
KC-2B Wall Name
  6
Continuous
100
AcDbLine
 10
25152.04335813201
 20
24060.67390552571
 30
0.0
 11
25158.4133096938
 21
24067.0438570875
 31
0.0
1001
ACAD
1010
345980.0
1020
20880.0
1030
0.0
  0
LINE
  5
11FB
330
23
100
AcDbEntity
  8
KC-2B Wall Name
  6
Continuous
100
AcDbLine
 10
25131.03697721753
 20
24038.60686443944
 30
0.0
 11
25152.5206552085
 21
24060.09054243041
 31
0.0
1001
ACAD
1010
345980.0
1020
20880.0
1030
0.0
  0
LINE
  5
11FC
330
23
100
AcDbEntity
  8
KC-2B Wall Name
  6
Continuous
100
AcDbLine
 10
25152.5736882179
 20
24060.14357543981
 30
0.0
 11
25158.56581172184
 21
24066.13569894375
 31
0.0
1001
ACAD
1010
345980.0
1020
20880.0
1030
0.0
  0
LINE
  5
11FD
330
23
100
AcDbEntity
  8
KC-2B Wall Name
  6
Continuous
100
AcDbLine
 10
25132.09763738932
 20
24038.60686443944
 30
0.0
 11
25153.05098529439
 21
24059.56021234451
 31
0.0
1001
ACAD
1010
345980.0
1020
20880.0
1030
0.0
  0
LINE
  5
11FE
330
23
100
AcDbEntity
  8
KC-2B Wall Name
  6
Continuous
100
AcDbLine
 10
25153.1040183038
 20
24059.61324535392
 30
0.0
 11
25158.71831374976
 21
24065.22754079988
 31
0.0
1001
ACAD
1010
345980.0
1020
20880.0
1030
0.0
  0
LINE
  5
11FF
330
23
100
AcDbEntity
  8
KC-2B Wall Name
  6
Continuous
100
AcDbLine
 10
25133.15829756111
 20
24038.60686443944
 30
0.0
 11
25153.58131538029
 21
24059.02988225862
 31
0.0
1001
ACAD
1010
345980.0
1020
20880.0
1030
0.0
  0
LINE
  5
1200
330
23
100
AcDbEntity
  8
KC-2B Wall Name
  6
Continuous
100
AcDbLine
 10
25153.63434838969
 20
24059.08291526802
 30
0.0
 11
25158.87081577769
 21
24064.31938265602
 31
0.0
1001
ACAD
1010
345980.0
1020
20880.0
1030
0.0
  0
LINE
  5
1201
330
23
100
AcDbEntity
  8
KC-2B Wall Name
  6
Continuous
100
AcDbLine
 10
25134.2189577329
 20
24038.60686443944
 30
0.0
 11
25154.11164546618
 21
24058.49955217273
 31
0.0
1001
ACAD
1010
345980.0
1020
20880.0
1030
0.0
  0
LINE
  5
1202
330
23
100
AcDbEntity
  8
KC-2B Wall Name
  6
Continuous
100
AcDbLine
 10
25154.16467847559
 20
24058.55258518213
 30
0.0
 11
25159.02331780561
 21
24063.41122451215
 31
0.0
1001
ACAD
1010
345980.0
1020
20880.0
1030
0.0
  0
LINE
  5
1203
330
23
100
AcDbEntity
  8
KC-2B Wall Name
  6
Continuous
100
AcDbLine
 10
25135.27961790469
 20
24038.60686443944
 30
0.0
 11
25154.64197555208
 21
24057.96922208683
 31
0.0
1001
ACAD
1010
345980.0
1020
20880.0
1030
0.0
  0
LINE
  5
1204
330
23
100
AcDbEntity
  8
KC-2B Wall Name
  6
Continuous
100
AcDbLine
 10
25154.69500856148
 20
24058.02225509624
 30
0.0
 11
25159.17581983353
 21
24062.50306636828
 31
0.0
1001
ACAD
1010
345980.0
1020
20880.0
1030
0.0
  0
LINE
  5
1205
330
23
100
AcDbEntity
  8
KC-2B Wall Name
  6
Continuous
100
AcDbLine
 10
25136.34027807647
 20
24038.60686443956
 30
0.0
 11
25155.17230563797
 21
24057.43889200105
 31
0.0
1001
ACAD
1010
345980.0
1020
20880.0
1030
0.0
  0
LINE
  5
1206
330
23
100
AcDbEntity
  8
KC-2B Wall Name
  6
Continuous
100
AcDbLine
 10
25155.22533864737
 20
24057.49192501046
 30
0.0
 11
25159.32832186145
 21
24061.59490822454
 31
0.0
1001
ACAD
1010
345980.0
1020
20880.0
1030
0.0
  0
LINE
  5
1207
330
23
100
AcDbEntity
  8
KC-2B Wall Name
  6
Continuous
100
AcDbLine
 10
25137.40093824826
 20
24038.60686443956
 30
0.0
 11
25155.70263572398
 21
24056.90856191528
 31
0.0
1001
ACAD
1010
345980.0
1020
20880.0
1030
0.0
  0
LINE
  5
1208
330
23
100
AcDbEntity
  8
KC-2B Wall Name
  6
Continuous
100
AcDbLine
 10
25155.75566873339
 20
24056.96159492468
 30
0.0
 11
25159.48082388949
 21
24060.68675008079
 31
0.0
1001
ACAD
1010
345980.0
1020
20880.0
1030
0.0
  0
LINE
  5
1209
330
23
100
AcDbEntity
  8
KC-2B Wall Name
  6
Continuous
100
AcDbLine
 10
25138.46159842005
 20
24038.60686443956
 30
0.0
 11
25156.23296580988
 21
24056.37823182938
 31
0.0
1001
ACAD
1010
345980.0
1020
20880.0
1030
0.0
  0
LINE
  5
120A
330
23
100
AcDbEntity
  8
KC-2B Wall Name
  6
Continuous
100
AcDbLine
 10
25156.28599881928
 20
24056.43126483879
 30
0.0
 11
25159.63332591741
 21
24059.77859193692
 31
0.0
1001
ACAD
1010
345980.0
1020
20880.0
1030
0.0
  0
LINE
  5
120B
330
23
100
AcDbEntity
  8
KC-2B Wall Name
  6
Continuous
100
AcDbLine
 10
25139.52225859184
 20
24038.60686443956
 30
0.0
 11
25156.76329589577
 21
24055.84790174349
 31
0.0
1001
ACAD
1010
345980.0
1020
20880.0
1030
0.0
  0
LINE
  5
120C
330
23
100
AcDbEntity
  8
KC-2B Wall Name
  6
Continuous
100
AcDbLine
 10
25156.81632890517
 20
24055.90093475289
 30
0.0
 11
25159.78582794534
 21
24058.87043379305
 31
0.0
1001
ACAD
1010
345980.0
1020
20880.0
1030
0.0
  0
LINE
  5
120D
330
23
100
AcDbEntity
  8
KC-2B Wall Name
  6
Continuous
100
AcDbLine
 10
25140.58291876363
 20
24038.60686443956
 30
0.0
 11
25157.29362598166
 21
24055.31757165759
 31
0.0
1001
ACAD
1010
345980.0
1020
20880.0
1030
0.0
  0
LINE
  5
120E
330
23
100
AcDbEntity
  8
KC-2B Wall Name
  6
Continuous
100
AcDbLine
 10
25157.34665899107
 20
24055.370604667
 30
0.0
 11
25159.93832997337
 21
24057.9622756493
 31
0.0
1001
ACAD
1010
345980.0
1020
20880.0
1030
0.0
  0
LINE
  5
120F
330
23
100
AcDbEntity
  8
KC-2B Wall Name
  6
Continuous
100
AcDbLine
 10
25141.64357893541
 20
24038.60686443956
 30
0.0
 11
25157.82395606744
 21
24054.78724157158
 31
0.0
1001
ACAD
1010
345980.0
1020
20880.0
1030
0.0
  0
LINE
  5
1210
330
23
100
AcDbEntity
  8
KC-2B Wall Name
  6
Continuous
100
AcDbLine
 10
25157.87698907685
 20
24054.84027458099
 30
0.0
 11
25160.09083200118
 21
24057.05411750532
 31
0.0
1001
ACAD
1010
345980.0
1020
20880.0
1030
0.0
  0
LINE
  5
1211
330
23
100
AcDbEntity
  8
KC-2B Wall Name
  6
Continuous
100
AcDbLine
 10
25142.7042391072
 20
24038.60686443956
 30
0.0
 11
25158.35428615334
 21
24054.25691148569
 31
0.0
1001
ACAD
1010
345980.0
1020
20880.0
1030
0.0
  0
LINE
  5
1212
330
23
100
AcDbEntity
  8
KC-2B Wall Name
  6
Continuous
100
AcDbLine
 10
25158.40731916274
 20
24054.30994449509
 30
0.0
 11
25160.2433340291
 21
24056.14595936146
 31
0.0
1001
ACAD
1010
345980.0
1020
20880.0
1030
0.0
  0
LINE
  5
1213
330
23
100
AcDbEntity
  8
KC-2B Wall Name
  6
Continuous
100
AcDbLine
 10
25143.76489927887
 20
24038.60686443956
 30
0.0
 11
25158.88461623923
 21
24053.72658139991
 31
0.0
1001
ACAD
1010
345980.0
1020
20880.0
1030
0.0
  0
LINE
  5
1214
330
23
100
AcDbEntity
  8
KC-2B Wall Name
  6
Continuous
100
AcDbLine
 10
25158.93764924863
 20
24053.77961440932
 30
0.0
 11
25160.39583605703
 21
24055.23780121771
 31
0.0
1001
ACAD
1010
345980.0
1020
20880.0
1030
0.0
  0
LINE
  5
1215
330
23
100
AcDbEntity
  8
KC-2B Wall Name
  6
Continuous
100
AcDbLine
 10
25144.82555945066
 20
24038.60686443956
 30
0.0
 11
25159.41494632512
 21
24053.19625131402
 31
0.0
1001
ACAD
1010
345980.0
1020
20880.0
1030
0.0
  0
LINE
  5
1216
330
23
100
AcDbEntity
  8
KC-2B Wall Name
  6
Continuous
100
AcDbLine
 10
25159.46797933453
 20
24053.24928432342
 30
0.0
 11
25160.54833808483
 21
24054.32964307372
 31
0.0
1001
ACAD
1010
345980.0
1020
20880.0
1030
0.0
  0
LINE
  5
1217
330
23
100
AcDbEntity
  8
KC-2B Wall Name
  6
Continuous
100
AcDbLine
 10
25145.88621962245
 20
24038.60686443956
 30
0.0
 11
25159.94527641102
 21
24052.66592122812
 31
0.0
1001
ACAD
1010
345980.0
1020
20880.0
1030
0.0
  0
LINE
  5
1218
330
23
100
AcDbEntity
  8
KC-2B Wall Name
  6
Continuous
100
AcDbLine
 10
25159.99830942042
 20
24052.71895423753
 30
0.0
 11
25160.70084011275
 21
24053.42148492986
 31
0.0
1001
ACAD
1010
345980.0
1020
20880.0
1030
0.0
  0
LINE
  5
1219
330
23
100
AcDbEntity
  8
KC-2B Wall Name
  6
Continuous
100
AcDbLine
 10
25146.94687979424
 20
24038.60686443956
 30
0.0
 11
25160.47560649691
 21
24052.13559114223
 31
0.0
1001
ACAD
1010
345980.0
1020
20880.0
1030
0.0
  0
LINE
  5
121A
330
23
100
AcDbEntity
  8
KC-2B Wall Name
  6
Continuous
100
AcDbLine
 10
25160.52863950632
 20
24052.18862415163
 30
0.0
 11
25160.85334214079
 21
24052.51332678611
 31
0.0
1001
ACAD
1010
345980.0
1020
20880.0
1030
0.0
  0
LINE
  5
121B
330
23
100
AcDbEntity
  8
KC-2B Wall Name
  6
Continuous
100
AcDbLine
 10
25148.00753996603
 20
24038.60686443956
 30
0.0
 11
25161.00584416871
 21
24051.60516864224
 31
0.0
1001
ACAD
1010
345980.0
1020
20880.0
1030
0.0
  0
LINE
  5
121C
330
23
100
AcDbEntity
  8
KC-2B Wall Name
  6
Continuous
100
AcDbLine
 10
25149.06820013782
 20
24038.60686443956
 30
0.0
 11
25161.15834619664
 21
24050.69701049838
 31
0.0
1001
ACAD
1010
345980.0
1020
20880.0
1030
0.0
  0
LINE
  5
121D
330
23
100
AcDbEntity
  8
KC-2B Wall Name
  6
Continuous
100
AcDbLine
 10
25150.1288603096
 20
24038.60686443956
 30
0.0
 11
25161.31084822456
 21
24049.78885235451
 31
0.0
1001
ACAD
1010
345980.0
1020
20880.0
1030
0.0
  0
LINE
  5
121E
330
23
100
AcDbEntity
  8
KC-2B Wall Name
  6
Continuous
100
AcDbLine
 10
25151.18952048139
 20
24038.60686443956
 30
0.0
 11
25161.46335025248
 21
24048.88069421065
 31
0.0
1001
ACAD
1010
345980.0
1020
20880.0
1030
0.0
  0
LINE
  5
121F
330
23
100
AcDbEntity
  8
KC-2B Wall Name
  6
Continuous
100
AcDbLine
 10
25152.25018065318
 20
24038.60686443956
 30
0.0
 11
25161.6158522804
 21
24047.97253606678
 31
0.0
1001
ACAD
1010
345980.0
1020
20880.0
1030
0.0
  0
LINE
  5
1220
330
23
100
AcDbEntity
  8
KC-2B Wall Name
  6
Continuous
100
AcDbLine
 10
25153.31084082497
 20
24038.60686443956
 30
0.0
 11
25161.76835430833
 21
24047.06437792291
 31
0.0
1001
ACAD
1010
345980.0
1020
20880.0
1030
0.0
  0
LINE
  5
1221
330
23
100
AcDbEntity
  8
KC-2B Wall Name
  6
Continuous
100
AcDbLine
 10
25154.37150099676
 20
24038.60686443956
 30
0.0
 11
25161.92085633636
 21
24046.15621977916
 31
0.0
1001
ACAD
1010
345980.0
1020
20880.0
1030
0.0
  0
LINE
  5
1222
330
23
100
AcDbEntity
  8
KC-2B Wall Name
  6
Continuous
100
AcDbLine
 10
25155.43216116854
 20
24038.60686443956
 30
0.0
 11
25162.07335836429
 21
24045.2480616353
 31
0.0
1001
ACAD
1010
345980.0
1020
20880.0
1030
0.0
  0
LINE
  5
1223
330
23
100
AcDbEntity
  8
KC-2B Wall Name
  6
Continuous
100
AcDbLine
 10
25156.49282134033
 20
24038.60686443956
 30
0.0
 11
25162.22586039209
 21
24044.33990349132
 31
0.0
1001
ACAD
1010
345980.0
1020
20880.0
1030
0.0
  0
LINE
  5
1224
330
23
100
AcDbEntity
  8
KC-2B Wall Name
  6
Continuous
100
AcDbLine
 10
25157.55348151212
 20
24038.60686443944
 30
0.0
 11
25162.37836242013
 21
24043.43174534745
 31
0.0
1001
ACAD
1010
345980.0
1020
20880.0
1030
0.0
  0
LINE
  5
1225
330
23
100
AcDbEntity
  8
KC-2B Wall Name
  6
Continuous
100
AcDbLine
 10
25158.61414168379
 20
24038.60686443944
 30
0.0
 11
25162.53086444794
 21
24042.52358720358
 31
0.0
1001
ACAD
1010
345980.0
1020
20880.0
1030
0.0
  0
LINE
  5
1226
330
23
100
AcDbEntity
  8
KC-2B Wall Name
  6
Continuous
100
AcDbLine
 10
25159.67480185558
 20
24038.60686443944
 30
0.0
 11
25162.68336647586
 21
24041.61542905972
 31
0.0
1001
ACAD
1010
345980.0
1020
20880.0
1030
0.0
  0
LINE
  5
1227
330
23
100
AcDbEntity
  8
KC-2B Wall Name
  6
Continuous
100
AcDbLine
 10
25160.73546202737
 20
24038.60686443944
 30
0.0
 11
25162.83586850378
 21
24040.70727091585
 31
0.0
1001
ACAD
1010
345980.0
1020
20880.0
1030
0.0
  0
LINE
  5
1228
330
23
100
AcDbEntity
  8
KC-2B Wall Name
  6
Continuous
100
AcDbLine
 10
25161.79612219916
 20
24038.60686443944
 30
0.0
 11
25162.9883705317
 21
24039.79911277199
 31
0.0
1001
ACAD
1010
345980.0
1020
20880.0
1030
0.0
  0
LINE
  5
1229
330
23
100
AcDbEntity
  8
KC-2B Wall Name
  6
Continuous
100
AcDbLine
 10
25162.85678237095
 20
24038.60686443944
 30
0.0
 11
25163.14087255963
 21
24038.89095462812
 31
0.0
1001
ACAD
1010
345980.0
1020
20880.0
1030
0.0
  0
LINE
  5
122A
330
23
100
AcDbEntity
  8
KC-2B Wall Name
100
AcDbLine
 10
42368.64596590097
 20
17070.09999999986
 30
0.0
 11
44158.14596590097
 21
17070.09999999986
 31
0.0
  0
LWPOLYLINE
  5
122B
330
23
100
AcDbEntity
  8
KC-2B Wall Name
100
AcDbPolyline
 90
        3
 70
     1
 43
0.0
 10
-44158.14596590097
 20
17003.34999999986
 10
-44158.14596590097
 20
17136.84999999986
 10
-44555.64596590097
 20
17070.09999999986
210
0.0
220
0.0
230
-1.0
  0
HATCH
  5
122C
330
23
100
AcDbEntity
  8
KC-2B Wall Name
100
AcDbHatch
 10
0.0
 20
0.0
 30
0.0
210
0.0
220
0.0
230
-1.0
  2
SLOPELINE
 70
     0
 71
     0
 91
        1
 92
        3
 72
     0
 73
     1
 93
        3
 10
-44158.14596590097
 20
17003.34999999986
 10
-44158.14596590097
 20
17136.84999999986
 10
-44555.64596590097
 20
17070.09999999986
 97
        0
 75
     0
 76
     2
 52
90.0
 41
0.75
 77
     0
 78
     1
 53
135.0
 43
500916.3540340991
 44
14910.09999999986
 45
-0.5303300858899107
 46
-0.5303300858899106
 79
     2
 49
75.0
 49
-0.0750000011175871
 98
        0
1001
ACAD
1010
345980.0
1020
20880.0
1030
0.0
  0
LINE
  5
122D
330
23
100
AcDbEntity
  8
KC-2B Wall Name
100
AcDbLine
 10
25096.43857827061
 20
12207.29726424441
 30
0.0
 11
25096.43857827061
 21
10417.79726424441
 31
0.0
  0
LWPOLYLINE
  5
122E
330
23
100
AcDbEntity
  8
KC-2B Wall Name
100
AcDbPolyline
 90
        3
 70
     1
 43
0.0
 10
25163.18857827061
 20
10417.79726424441
 10
25029.68857827061
 20
10417.79726424441
 10
25096.43857827061
 20
10020.29726424441
  0
HATCH
  5
122F
330
23
100
AcDbEntity
  8
KC-2B Wall Name
100
AcDbHatch
 10
0.0
 20
0.0
 30
0.0
210
0.0
220
0.0
230
1.0
  2
SLOPELINE
 70
     0
 71
     0
 91
        1
 92
        3
 72
     0
 73
     1
 93
        3
 10
25163.18857827061
 20
10417.79726424441
 10
25029.68857827061
 20
10417.79726424441
 10
25096.43857827061
 20
10020.29726424441
 97
        0
 75
     0
 76
     2
 52
0.0
 41
0.75
 77
     0
 78
     1
 53
45.0
 43
13891.43857827055
 44
14138.44458510354
 45
-0.5303300858899107
 46
0.5303300858899107
 79
     2
 49
75.00000000000001
 49
-0.0750000011175871
 98
        0
1001
ACAD
1010
345980.0
1020
20880.0
1030
0.0
  0
TEXT
  5
1230
330
23
100
AcDbEntity
  8
KC-2B Wall Name
100
AcDbText
 10
5622.292035376129
 20
17155.32498321007
 30
0.0
 40
300.0
  1
WALL A
  7
Default
 11
5622.292035376129
 21
17070.09999999986
 31
0.0
100
AcDbText
 73
     1
  0
TEXT
  5
1231
330
23
100
AcDbEntity
  8
KC-2B Wall Name
100
AcDbText
 10
42443.64596590097
 20
17155.32498321007
 30
0.0
 40
300.0
  1
WALL F
  7
Default
 11
42443.64596590097
 21
17070.09999999986
 31
0.0
100
AcDbText
 73
     1
  0
TEXT
  5
1232
330
23
100
AcDbEntity
  8
KC-2B Wall Name
100
AcDbText
 10
25011.2135950604
 20
22476.09112934163
 30
0.0
 40
300.0
  1
WALL PU
 50
90.0
  7
Default
 11
25096.43857827061
 21
22476.09112934163
 31
0.0
100
AcDbText
 73
     1
  0
TEXT
  5
1233
330
23
100
AcDbEntity
  8
KC-2B Wall Name
100
AcDbText
 10
25011.2135950604
 20
10492.79726424441
 30
0.0
 40
300.0
  1
WALL PL
 50
90.0
  7
Default
 11
25096.43857827061
 21
10492.79726424441
 31
0.0
100
AcDbText
 73
     1
  0
LINE
  5
1236
330
23
100
AcDbEntity
  8
0
100
AcDbLine
 10
29204.94169036683
 20
21223.1861380632
 30
0.0
 11
26716.43857827061
 21
20259.09999999986
 31
0.0
  0
TEXT
  5
1237
330
23
100
AcDbEntity
  8
1
100
AcDbText
 10
28314.5122569255
 20
21516.9785363198
 30
0.0
 40
180.0
  1
SIDE OPENING
  7
arial
 72
     4
 11
29222.73872350121
 21
21606.91714477818
 31
0.0
100
AcDbText
  0
LINE
  5
1239
330
23
100
AcDbEntity
  8
0
100
AcDbLine
 10
28083.42849063652
 20
22036.86588370637
 30
0.0
 11
30326.45489009714
 21
22036.86588370637
 31
0.0
  0
LINE
  5
123A
330
23
100
AcDbEntity
  8
0
100
AcDbLine
 10
30326.45489009714
 20
22036.86588370637
 30
0.0
 11
30326.45489009714
 21
21223.1861380632
 31
0.0
  0
LINE
  5
123B
330
23
100
AcDbEntity
  8
0
100
AcDbLine
 10
30326.45489009714
 20
21223.1861380632
 30
0.0
 11
28083.42849063652
 21
21223.1861380632
 31
0.0
  0
LINE
  5
123C
330
23
100
AcDbEntity
  8
0
100
AcDbLine
 10
28083.42849063652
 20
21223.1861380632
 30
0.0
 11
28083.42849063652
 21
22036.86588370637
 31
0.0
  0
MTEXT
  5
1243
330
23
100
AcDbEntity
  8
0
100
AcDbMText
 10
1664.909592520795
 20
2849.847753604176
 30
0.0
 40
200.0
 41
552900.8872599497
 46
0.0
 71
     1
 72
     5
  3
CAUTION:\PTHIS DRAWING CONSTITUTES A TRADE SECRET OF HD HYUNDAI HEAVY INDUSTRIES AND CONTAINS NATIONAL CORE TECHNOLOGY DATA PROTECTED UNDER THE LAWS OF THE REPUBLIC OF KOREA.^JANY MODIFICATION, DISTRIBUTION, OR DISCLOSURE OF THIS DRAWING, IN WHOLE OF 
  3
IN PART, WITHOUT THE PRIOR WRITTEN CONSENT OF HD HYUNDAI HEAVY INDUSTIRES IS STRICTLY^JPROHIBITED AND MAY RESULT IN PENALTIES, FINES, AND IMPRISONMENT, INDER THE LAWS OF THE REPUBLIC OF KOREA AND THE LAWS IN ANY APPLICABLE JURISDICTIONS. ALL RIGHTS RE
  1
SERVED
 73
     1
 44
1.0
101
Embedded Object
 70
     1
 10
1.0
 20
0.0
 30
0.0
 11
1664.909592520795
 21
2849.847753604176
 31
0.0
 40
552900.8872599497
 41
0.0
 42
32700.0
 43
1233.333333333333
 71
     2
 72
     1
 44
552900.8872599497
 45
16935.76098083579
 73
     0
 74
     0
 46
-1233.333333333334
  0
LINE
  5
13DE
330
23
100
AcDbEntity
  8
KC-2B Steel Wall
  6
CENTER2
 48
10.0
100
AcDbLine
 10
9976.438578270609
 20
21024.96309447882
 30
0.0
 11
9976.438578270609
 21
13115.23690552113
 31
0.0
  0
LINE
  5
13DF
330
23
100
AcDbEntity
  8
KC-2B Steel Wall
  6
CENTER2
 48
10.0
100
AcDbLine
 10
10336.43857827061
 20
21024.96309447882
 30
0.0
 11
10336.43857827061
 21
13115.23690552113
 31
0.0
  0
LINE
  5
13E0
330
23
100
AcDbEntity
  8
KC-2B Steel Wall
  6
CENTER2
 48
10.0
100
AcDbLine
 10
10696.43857827061
 20
21024.96309447882
 30
0.0
 11
10696.43857827061
 21
13115.23690552113
 31
0.0
  0
LINE
  5
13E1
330
23
100
AcDbEntity
  8
KC-2B Steel Wall
  6
CENTER2
 48
10.0
100
AcDbLine
 10
11056.43857827061
 20
21024.96309447882
 30
0.0
 11
11056.43857827061
 21
13115.23690552113
 31
0.0
  0
LINE
  5
13E2
330
23
100
AcDbEntity
  8
KC-2B Steel Wall
  6
CENTER2
 48
10.0
100
AcDbLine
 10
11416.43857827061
 20
21024.96309447882
 30
0.0
 11
11416.43857827061
 21
13115.23690552113
 31
0.0
  0
LINE
  5
13E3
330
23
100
AcDbEntity
  8
KC-2B Steel Wall
  6
CENTER2
 48
10.0
100
AcDbLine
 10
11776.43857827061
 20
21024.96309447882
 30
0.0
 11
11776.43857827061
 21
13115.23690552113
 31
0.0
  0
LINE
  5
13E4
330
23
100
AcDbEntity
  8
KC-2B Steel Wall
  6
CENTER2
 48
10.0
100
AcDbLine
 10
12136.43857827061
 20
21024.96309447882
 30
0.0
 11
12136.43857827061
 21
13115.23690552113
 31
0.0
  0
LINE
  5
13E5
330
23
100
AcDbEntity
  8
KC-2B Steel Wall
  6
CENTER2
 48
10.0
100
AcDbLine
 10
12496.43857827061
 20
21024.96309447882
 30
0.0
 11
12496.43857827061
 21
13115.23690552113
 31
0.0
  0
LINE
  5
13E6
330
23
100
AcDbEntity
  8
KC-2B Steel Wall
  6
CENTER2
 48
10.0
100
AcDbLine
 10
12856.43857827061
 20
21024.96309447882
 30
0.0
 11
12856.43857827061
 21
13115.23690552113
 31
0.0
  0
LINE
  5
13E7
330
23
100
AcDbEntity
  8
KC-2B Steel Wall
  6
CENTER2
 48
10.0
100
AcDbLine
 10
13216.43857827061
 20
21024.96309447882
 30
0.0
 11
13216.43857827061
 21
13115.23690552113
 31
0.0
  0
LINE
  5
13E8
330
23
100
AcDbEntity
  8
KC-2B Steel Wall
  6
CENTER2
 48
10.0
100
AcDbLine
 10
13576.43857827061
 20
21024.96309447882
 30
0.0
 11
13576.43857827061
 21
13115.23690552113
 31
0.0
  0
LINE
  5
13E9
330
23
100
AcDbEntity
  8
KC-2B Steel Wall
  6
CENTER2
 48
10.0
100
AcDbLine
 10
13936.43857827061
 20
21024.96309447882
 30
0.0
 11
13936.43857827061
 21
13115.23690552113
 31
0.0
  0
LINE
  5
13EA
330
23
100
AcDbEntity
  8
KC-2B Steel Wall
  6
CENTER2
 48
10.0
100
AcDbLine
 10
14296.43857827061
 20
21024.96309447882
 30
0.0
 11
14296.43857827061
 21
13115.23690552113
 31
0.0
  0
LINE
  5
13EB
330
23
100
AcDbEntity
  8
KC-2B Steel Wall
  6
CENTER2
 48
10.0
100
AcDbLine
 10
14656.43857827061
 20
21024.96309447882
 30
0.0
 11
14656.43857827061
 21
13115.23690552113
 31
0.0
  0
LINE
  5
13EC
330
23
100
AcDbEntity
  8
KC-2B Steel Wall
  6
CENTER2
 48
10.0
100
AcDbLine
 10
15016.43857827061
 20
21024.96309447882
 30
0.0
 11
15016.43857827061
 21
13115.23690552113
 31
0.0
  0
LINE
  5
13ED
330
23
100
AcDbEntity
  8
KC-2B Steel Wall
  6
CENTER2
 48
10.0
100
AcDbLine
 10
15376.43857827061
 20
21024.96309447882
 30
0.0
 11
15376.43857827061
 21
13115.23690552113
 31
0.0
  0
LINE
  5
13EE
330
23
100
AcDbEntity
  8
KC-2B Steel Wall
  6
CENTER2
 48
10.0
100
AcDbLine
 10
15736.43857827061
 20
21024.96309447882
 30
0.0
 11
15736.43857827061
 21
13115.23690552113
 31
0.0
  0
LINE
  5
13EF
330
23
100
AcDbEntity
  8
KC-2B Steel Wall
  6
CENTER2
 48
10.0
100
AcDbLine
 10
16096.43857827061
 20
21024.96309447882
 30
0.0
 11
16096.43857827061
 21
13115.23690552113
 31
0.0
  0
LINE
  5
13F0
330
23
100
AcDbEntity
  8
KC-2B Steel Wall
  6
CENTER2
 48
10.0
100
AcDbLine
 10
16456.43857827061
 20
21024.96309447882
 30
0.0
 11
16456.43857827061
 21
13115.23690552113
 31
0.0
  0
LINE
  5
13F1
330
23
100
AcDbEntity
  8
KC-2B Steel Wall
  6
CENTER2
 48
10.0
100
AcDbLine
 10
16816.43857827061
 20
21024.96309447882
 30
0.0
 11
16816.43857827061
 21
13115.23690552113
 31
0.0
  0
LINE
  5
13F2
330
23
100
AcDbEntity
  8
KC-2B Steel Wall
  6
CENTER2
 48
10.0
100
AcDbLine
 10
17176.43857827061
 20
21024.96309447882
 30
0.0
 11
17176.43857827061
 21
13115.23690552113
 31
0.0
  0
LINE
  5
13F3
330
23
100
AcDbEntity
  8
KC-2B Steel Wall
  6
CENTER2
 48
10.0
100
AcDbLine
 10
17536.43857827061
 20
21024.96309447882
 30
0.0
 11
17536.43857827061
 21
13115.23690552113
 31
0.0
  0
LINE
  5
13F4
330
23
100
AcDbEntity
  8
KC-2B Steel Wall
  6
CENTER2
 48
10.0
100
AcDbLine
 10
17896.43857827061
 20
21024.96309447882
 30
0.0
 11
17896.43857827061
 21
13115.23690552113
 31
0.0
  0
LINE
  5
13F5
330
23
100
AcDbEntity
  8
KC-2B Steel Wall
  6
CENTER2
 48
10.0
100
AcDbLine
 10
18256.43857827061
 20
21024.96309447882
 30
0.0
 11
18256.43857827061
 21
13115.23690552113
 31
0.0
  0
LINE
  5
13F6
330
23
100
AcDbEntity
  8
KC-2B Steel Wall
  6
CENTER2
 48
10.0
100
AcDbLine
 10
18616.43857827061
 20
21024.96309447882
 30
0.0
 11
18616.43857827061
 21
13115.23690552113
 31
0.0
  0
LINE
  5
13F7
330
23
100
AcDbEntity
  8
KC-2B Steel Wall
  6
CENTER2
 48
10.0
100
AcDbLine
 10
18976.43857827061
 20
21024.96309447882
 30
0.0
 11
18976.43857827061
 21
13115.23690552113
 31
0.0
  0
LINE
  5
13F8
330
23
100
AcDbEntity
  8
KC-2B Steel Wall
  6
CENTER2
 48
10.0
100
AcDbLine
 10
19336.43857827061
 20
21024.96309447882
 30
0.0
 11
19336.43857827061
 21
13115.23690552113
 31
0.0
  0
LINE
  5
13F9
330
23
100
AcDbEntity
  8
KC-2B Steel Wall
  6
CENTER2
 48
10.0
100
AcDbLine
 10
19696.43857827061
 20
21024.96309447882
 30
0.0
 11
19696.43857827061
 21
13115.23690552113
 31
0.0
  0
LINE
  5
13FA
330
23
100
AcDbEntity
  8
KC-2B Steel Wall
  6
CENTER2
 48
10.0
100
AcDbLine
 10
20056.43857827061
 20
21024.96309447882
 30
0.0
 11
20056.43857827061
 21
13115.23690552113
 31
0.0
  0
LINE
  5
13FB
330
23
100
AcDbEntity
  8
KC-2B Steel Wall
  6
CENTER2
 48
10.0
100
AcDbLine
 10
20416.43857827061
 20
21024.96309447882
 30
0.0
 11
20416.43857827061
 21
13115.23690552113
 31
0.0
  0
LINE
  5
13FC
330
23
100
AcDbEntity
  8
KC-2B Steel Wall
  6
CENTER2
 48
10.0
100
AcDbLine
 10
20776.43857827061
 20
21024.96309447882
 30
0.0
 11
20776.43857827061
 21
13115.23690552113
 31
0.0
  0
LINE
  5
13FD
330
23
100
AcDbEntity
  8
KC-2B Steel Wall
  6
CENTER2
 48
10.0
100
AcDbLine
 10
21136.43857827061
 20
21024.96309447882
 30
0.0
 11
21136.43857827061
 21
13115.23690552113
 31
0.0
  0
LINE
  5
13FE
330
23
100
AcDbEntity
  8
KC-2B Steel Wall
  6
CENTER2
 48
10.0
100
AcDbLine
 10
21496.43857827061
 20
21024.96309447882
 30
0.0
 11
21496.43857827061
 21
13115.23690552113
 31
0.0
  0
LINE
  5
13FF
330
23
100
AcDbEntity
  8
KC-2B Steel Wall
  6
CENTER2
 48
10.0
100
AcDbLine
 10
21856.43857827061
 20
21024.96309447882
 30
0.0
 11
21856.43857827061
 21
13115.23690552113
 31
0.0
  0
LINE
  5
1400
330
23
100
AcDbEntity
  8
KC-2B Steel Wall
  6
CENTER2
 48
10.0
100
AcDbLine
 10
22216.43857827061
 20
21024.96309447882
 30
0.0
 11
22216.43857827061
 21
13115.23690552113
 31
0.0
  0
LINE
  5
1401
330
23
100
AcDbEntity
  8
KC-2B Steel Wall
  6
CENTER2
 48
10.0
100
AcDbLine
 10
22576.43857827061
 20
21024.96309447882
 30
0.0
 11
22576.43857827061
 21
13115.23690552113
 31
0.0
  0
LINE
  5
1402
330
23
100
AcDbEntity
  8
KC-2B Steel Wall
  6
CENTER2
 48
10.0
100
AcDbLine
 10
22936.43857827061
 20
21024.96309447882
 30
0.0
 11
22936.43857827061
 21
13115.23690552113
 31
0.0
  0
LINE
  5
1403
330
23
100
AcDbEntity
  8
KC-2B Steel Wall
  6
CENTER2
 48
10.0
100
AcDbLine
 10
23296.43857827061
 20
21024.96309447882
 30
0.0
 11
23296.43857827061
 21
13115.23690552113
 31
0.0
  0
LINE
  5
1404
330
23
100
AcDbEntity
  8
KC-2B Steel Wall
  6
CENTER2
 48
10.0
100
AcDbLine
 10
23656.43857827061
 20
21024.96309447882
 30
0.0
 11
23656.43857827061
 21
13115.23690552113
 31
0.0
  0
LINE
  5
1405
330
23
100
AcDbEntity
  8
KC-2B Steel Wall
  6
CENTER2
 48
10.0
100
AcDbLine
 10
24016.43857827061
 20
21024.96309447882
 30
0.0
 11
24016.43857827061
 21
13115.23690552113
 31
0.0
  0
LINE
  5
1406
330
23
100
AcDbEntity
  8
KC-2B Steel Wall
  6
CENTER2
 48
10.0
100
AcDbLine
 10
24376.43857827061
 20
21024.96309447882
 30
0.0
 11
24376.43857827061
 21
13115.23690552113
 31
0.0
  0
LINE
  5
1407
330
23
100
AcDbEntity
  8
KC-2B Steel Wall
  6
CENTER2
 48
10.0
100
AcDbLine
 10
24736.43857827061
 20
21024.96309447882
 30
0.0
 11
24736.43857827061
 21
13115.23690552113
 31
0.0
  0
LINE
  5
1408
330
23
100
AcDbEntity
  8
KC-2B Steel Wall
  6
CENTER2
 48
10.0
100
AcDbLine
 10
25096.43857827061
 20
21024.96309447882
 30
0.0
 11
25096.43857827061
 21
20259.09999999998
 31
0.0
  0
LINE
  5
1409
330
23
100
AcDbEntity
  8
KC-2B Steel Wall
  6
CENTER2
 48
10.0
100
AcDbLine
 10
25096.43857827061
 20
15630.09999999986
 30
0.0
 11
25096.43857827061
 21
13115.23690552113
 31
0.0
  0
LINE
  5
140A
330
23
100
AcDbEntity
  8
KC-2B Steel Wall
  6
CENTER2
 48
10.0
100
AcDbLine
 10
25456.43857827061
 20
21024.96309447882
 30
0.0
 11
25456.43857827061
 21
20259.09999999998
 31
0.0
  0
LINE
  5
140B
330
23
100
AcDbEntity
  8
KC-2B Steel Wall
  6
CENTER2
 48
10.0
100
AcDbLine
 10
25456.43857827061
 20
15630.09999999986
 30
0.0
 11
25456.43857827061
 21
13115.23690552113
 31
0.0
  0
LINE
  5
140C
330
23
100
AcDbEntity
  8
KC-2B Steel Wall
  6
CENTER2
 48
10.0
100
AcDbLine
 10
25816.43857827061
 20
21024.96309447882
 30
0.0
 11
25816.43857827061
 21
20259.09999999998
 31
0.0
  0
LINE
  5
140D
330
23
100
AcDbEntity
  8
KC-2B Steel Wall
  6
CENTER2
 48
10.0
100
AcDbLine
 10
25816.43857827061
 20
15630.09999999986
 30
0.0
 11
25816.43857827061
 21
13115.23690552113
 31
0.0
  0
LINE
  5
140E
330
23
100
AcDbEntity
  8
KC-2B Steel Wall
  6
CENTER2
 48
10.0
100
AcDbLine
 10
26176.43857827061
 20
21024.96309447882
 30
0.0
 11
26176.43857827061
 21
20259.09999999998
 31
0.0
  0
LINE
  5
140F
330
23
100
AcDbEntity
  8
KC-2B Steel Wall
  6
CENTER2
 48
10.0
100
AcDbLine
 10
26176.43857827061
 20
15630.09999999986
 30
0.0
 11
26176.43857827061
 21
13115.23690552113
 31
0.0
  0
LINE
  5
1410
330
23
100
AcDbEntity
  8
KC-2B Steel Wall
  6
CENTER2
 48
10.0
100
AcDbLine
 10
26536.43857827061
 20
21024.96309447882
 30
0.0
 11
26536.43857827061
 21
20259.09999999998
 31
0.0
  0
LINE
  5
1411
330
23
100
AcDbEntity
  8
KC-2B Steel Wall
  6
CENTER2
 48
10.0
100
AcDbLine
 10
26536.43857827061
 20
15630.09999999986
 30
0.0
 11
26536.43857827061
 21
13115.23690552113
 31
0.0
  0
LINE
  5
1412
330
23
100
AcDbEntity
  8
KC-2B Steel Wall
  6
CENTER2
 48
10.0
100
AcDbLine
 10
26896.43857827061
 20
21024.96309447882
 30
0.0
 11
26896.43857827061
 21
20259.09999999998
 31
0.0
  0
LINE
  5
1413
330
23
100
AcDbEntity
  8
KC-2B Steel Wall
  6
CENTER2
 48
10.0
100
AcDbLine
 10
26896.43857827061
 20
15630.09999999986
 30
0.0
 11
26896.43857827061
 21
13115.23690552113
 31
0.0
  0
LINE
  5
1414
330
23
100
AcDbEntity
  8
KC-2B Steel Wall
  6
CENTER2
 48
10.0
100
AcDbLine
 10
27256.43857827061
 20
21024.96309447882
 30
0.0
 11
27256.43857827061
 21
20259.09999999998
 31
0.0
  0
LINE
  5
1415
330
23
100
AcDbEntity
  8
KC-2B Steel Wall
  6
CENTER2
 48
10.0
100
AcDbLine
 10
27256.43857827061
 20
15630.09999999986
 30
0.0
 11
27256.43857827061
 21
13115.23690552113
 31
0.0
  0
LINE
  5
1416
330
23
100
AcDbEntity
  8
KC-2B Steel Wall
  6
CENTER2
 48
10.0
100
AcDbLine
 10
27616.43857827061
 20
21024.96309447882
 30
0.0
 11
27616.43857827061
 21
20259.09999999998
 31
0.0
  0
LINE
  5
1417
330
23
100
AcDbEntity
  8
KC-2B Steel Wall
  6
CENTER2
 48
10.0
100
AcDbLine
 10
27616.43857827061
 20
15630.09999999986
 30
0.0
 11
27616.43857827061
 21
13115.23690552113
 31
0.0
  0
LINE
  5
1418
330
23
100
AcDbEntity
  8
KC-2B Steel Wall
  6
CENTER2
 48
10.0
100
AcDbLine
 10
27976.43857827061
 20
21024.96309447882
 30
0.0
 11
27976.43857827061
 21
20259.09999999998
 31
0.0
  0
LINE
  5
1419
330
23
100
AcDbEntity
  8
KC-2B Steel Wall
  6
CENTER2
 48
10.0
100
AcDbLine
 10
27976.43857827061
 20
15630.09999999986
 30
0.0
 11
27976.43857827061
 21
13115.23690552113
 31
0.0
  0
LINE
  5
141A
330
23
100
AcDbEntity
  8
KC-2B Steel Wall
  6
CENTER2
 48
10.0
100
AcDbLine
 10
28336.43857827061
 20
21024.96309447882
 30
0.0
 11
28336.43857827061
 21
20259.09999999998
 31
0.0
  0
LINE
  5
141B
330
23
100
AcDbEntity
  8
KC-2B Steel Wall
  6
CENTER2
 48
10.0
100
AcDbLine
 10
28336.43857827061
 20
15630.09999999986
 30
0.0
 11
28336.43857827061
 21
13115.23690552113
 31
0.0
  0
LINE
  5
141C
330
23
100
AcDbEntity
  8
KC-2B Steel Wall
  6
CENTER2
 48
10.0
100
AcDbLine
 10
28696.43857827061
 20
21024.96309447882
 30
0.0
 11
28696.43857827061
 21
20259.09999999998
 31
0.0
  0
LINE
  5
141D
330
23
100
AcDbEntity
  8
KC-2B Steel Wall
  6
CENTER2
 48
10.0
100
AcDbLine
 10
28696.43857827061
 20
15630.09999999986
 30
0.0
 11
28696.43857827061
 21
13115.23690552113
 31
0.0
  0
LINE
  5
141E
330
23
100
AcDbEntity
  8
KC-2B Steel Wall
  6
CENTER2
 48
10.0
100
AcDbLine
 10
29056.43857827061
 20
21024.96309447882
 30
0.0
 11
29056.43857827061
 21
13115.23690552113
 31
0.0
  0
LINE
  5
141F
330
23
100
AcDbEntity
  8
KC-2B Steel Wall
  6
CENTER2
 48
10.0
100
AcDbLine
 10
29416.43857827061
 20
21024.96309447882
 30
0.0
 11
29416.43857827061
 21
13115.23690552113
 31
0.0
  0
LINE
  5
1420
330
23
100
AcDbEntity
  8
KC-2B Steel Wall
  6
CENTER2
 48
10.0
100
AcDbLine
 10
29776.43857827061
 20
21024.96309447882
 30
0.0
 11
29776.43857827061
 21
13115.23690552113
 31
0.0
  0
LINE
  5
1421
330
23
100
AcDbEntity
  8
KC-2B Steel Wall
  6
CENTER2
 48
10.0
100
AcDbLine
 10
30136.43857827061
 20
21024.96309447882
 30
0.0
 11
30136.43857827061
 21
13115.23690552113
 31
0.0
  0
LINE
  5
1422
330
23
100
AcDbEntity
  8
KC-2B Steel Wall
  6
CENTER2
 48
10.0
100
AcDbLine
 10
30496.43857827061
 20
21024.96309447882
 30
0.0
 11
30496.43857827061
 21
13115.23690552113
 31
0.0
  0
LINE
  5
1423
330
23
100
AcDbEntity
  8
KC-2B Steel Wall
  6
CENTER2
 48
10.0
100
AcDbLine
 10
30856.43857827061
 20
21024.96309447882
 30
0.0
 11
30856.43857827061
 21
13115.23690552113
 31
0.0
  0
LINE
  5
1424
330
23
100
AcDbEntity
  8
KC-2B Steel Wall
  6
CENTER2
 48
10.0
100
AcDbLine
 10
31216.43857827061
 20
21024.96309447882
 30
0.0
 11
31216.43857827061
 21
13115.23690552113
 31
0.0
  0
LINE
  5
1425
330
23
100
AcDbEntity
  8
KC-2B Steel Wall
  6
CENTER2
 48
10.0
100
AcDbLine
 10
31576.43857827061
 20
21024.96309447882
 30
0.0
 11
31576.43857827061
 21
13115.23690552113
 31
0.0
  0
LINE
  5
1426
330
23
100
AcDbEntity
  8
KC-2B Steel Wall
  6
CENTER2
 48
10.0
100
AcDbLine
 10
31936.43857827061
 20
21024.96309447882
 30
0.0
 11
31936.43857827061
 21
13115.23690552113
 31
0.0
  0
LINE
  5
1427
330
23
100
AcDbEntity
  8
KC-2B Steel Wall
  6
CENTER2
 48
10.0
100
AcDbLine
 10
32296.43857827061
 20
21024.96309447882
 30
0.0
 11
32296.43857827061
 21
13115.23690552113
 31
0.0
  0
LINE
  5
1428
330
23
100
AcDbEntity
  8
KC-2B Steel Wall
  6
CENTER2
 48
10.0
100
AcDbLine
 10
32656.43857827061
 20
21024.96309447882
 30
0.0
 11
32656.43857827061
 21
13115.23690552113
 31
0.0
  0
LINE
  5
1429
330
23
100
AcDbEntity
  8
KC-2B Steel Wall
  6
CENTER2
 48
10.0
100
AcDbLine
 10
33016.43857827061
 20
21024.96309447882
 30
0.0
 11
33016.43857827061
 21
13115.23690552113
 31
0.0
  0
LINE
  5
142A
330
23
100
AcDbEntity
  8
KC-2B Steel Wall
  6
CENTER2
 48
10.0
100
AcDbLine
 10
33376.43857827061
 20
21024.96309447882
 30
0.0
 11
33376.43857827061
 21
13115.23690552113
 31
0.0
  0
LINE
  5
142B
330
23
100
AcDbEntity
  8
KC-2B Steel Wall
  6
CENTER2
 48
10.0
100
AcDbLine
 10
33736.43857827061
 20
21024.96309447882
 30
0.0
 11
33736.43857827061
 21
13115.23690552113
 31
0.0
  0
LINE
  5
142C
330
23
100
AcDbEntity
  8
KC-2B Steel Wall
  6
CENTER2
 48
10.0
100
AcDbLine
 10
34096.43857827061
 20
21024.96309447882
 30
0.0
 11
34096.43857827061
 21
13115.23690552113
 31
0.0
  0
LINE
  5
142D
330
23
100
AcDbEntity
  8
KC-2B Steel Wall
  6
CENTER2
 48
10.0
100
AcDbLine
 10
34456.43857827061
 20
21024.96309447882
 30
0.0
 11
34456.43857827061
 21
13115.23690552113
 31
0.0
  0
LINE
  5
142E
330
23
100
AcDbEntity
  8
KC-2B Steel Wall
  6
CENTER2
 48
10.0
100
AcDbLine
 10
34816.43857827061
 20
21024.96309447882
 30
0.0
 11
34816.43857827061
 21
13115.23690552113
 31
0.0
  0
LINE
  5
142F
330
23
100
AcDbEntity
  8
KC-2B Steel Wall
  6
CENTER2
 48
10.0
100
AcDbLine
 10
35176.43857827061
 20
21024.96309447882
 30
0.0
 11
35176.43857827061
 21
13115.23690552113
 31
0.0
  0
LINE
  5
1430
330
23
100
AcDbEntity
  8
KC-2B Steel Wall
  6
CENTER2
 48
10.0
100
AcDbLine
 10
35536.43857827061
 20
21024.96309447882
 30
0.0
 11
35536.43857827061
 21
13115.23690552113
 31
0.0
  0
LINE
  5
1431
330
23
100
AcDbEntity
  8
KC-2B Steel Wall
  6
CENTER2
 48
10.0
100
AcDbLine
 10
35896.43857827061
 20
21024.96309447882
 30
0.0
 11
35896.43857827061
 21
13115.23690552113
 31
0.0
  0
LINE
  5
1432
330
23
100
AcDbEntity
  8
KC-2B Steel Wall
  6
CENTER2
 48
10.0
100
AcDbLine
 10
36256.43857827061
 20
21024.96309447882
 30
0.0
 11
36256.43857827061
 21
13115.23690552113
 31
0.0
  0
LINE
  5
1433
330
23
100
AcDbEntity
  8
KC-2B Steel Wall
  6
CENTER2
 48
10.0
100
AcDbLine
 10
36616.43857827061
 20
21024.96309447882
 30
0.0
 11
36616.43857827061
 21
13115.23690552113
 31
0.0
  0
LINE
  5
1434
330
23
100
AcDbEntity
  8
KC-2B Steel Wall
  6
CENTER2
 48
10.0
100
AcDbLine
 10
36976.43857827061
 20
21024.96309447882
 30
0.0
 11
36976.43857827061
 21
13115.23690552113
 31
0.0
  0
LINE
  5
1435
330
23
100
AcDbEntity
  8
KC-2B Steel Wall
  6
CENTER2
 48
10.0
100
AcDbLine
 10
37336.43857827061
 20
21024.96309447882
 30
0.0
 11
37336.43857827061
 21
13115.23690552113
 31
0.0
  0
LINE
  5
1436
330
23
100
AcDbEntity
  8
KC-2B Steel Wall
  6
CENTER2
 48
10.0
100
AcDbLine
 10
37696.43857827061
 20
21024.96309447882
 30
0.0
 11
37696.43857827061
 21
13115.23690552113
 31
0.0
  0
LINE
  5
1437
330
23
100
AcDbEntity
  8
KC-2B Steel Wall
  6
CENTER2
 48
10.0
100
AcDbLine
 10
38056.43857827061
 20
21024.96309447882
 30
0.0
 11
38056.43857827061
 21
13115.23690552113
 31
0.0
  0
LINE
  5
1438
330
23
100
AcDbEntity
  8
KC-2B Steel Wall
  6
CENTER2
 48
10.0
100
AcDbLine
 10
38416.43857827061
 20
21024.96309447882
 30
0.0
 11
38416.43857827061
 21
13115.23690552113
 31
0.0
  0
LINE
  5
1439
330
23
100
AcDbEntity
  8
KC-2B Steel Wall
  6
CENTER2
 48
10.0
100
AcDbLine
 10
38776.43857827061
 20
21024.96309447882
 30
0.0
 11
38776.43857827061
 21
13115.23690552113
 31
0.0
  0
LINE
  5
143A
330
23
100
AcDbEntity
  8
KC-2B Steel Wall
  6
CENTER2
 48
10.0
100
AcDbLine
 10
39136.43857827061
 20
21024.96309447882
 30
0.0
 11
39136.43857827061
 21
13115.23690552113
 31
0.0
  0
LINE
  5
143B
330
23
100
AcDbEntity
  8
KC-2B Steel Wall
  6
CENTER2
 48
10.0
100
AcDbLine
 10
39496.43857827061
 20
21024.96309447882
 30
0.0
 11
39496.43857827061
 21
13115.23690552113
 31
0.0
  0
LINE
  5
143C
330
23
100
AcDbEntity
  8
KC-2B Steel Wall
  6
CENTER2
 48
10.0
100
AcDbLine
 10
39856.43857827061
 20
21024.96309447882
 30
0.0
 11
39856.43857827061
 21
13115.23690552113
 31
0.0
  0
LINE
  5
143D
330
23
100
AcDbEntity
  8
KC-2B Steel Wall
  6
CENTER2
 48
10.0
100
AcDbLine
 10
40216.43857827061
 20
21024.96309447882
 30
0.0
 11
40216.43857827061
 21
13115.23690552113
 31
0.0
  0
LINE
  5
143E
330
23
100
AcDbEntity
  8
KC-2B Steel Wall
  6
CENTER2
 48
5.0
100
AcDbLine
 10
8703.938578270609
 20
20130.12235165795
 30
0.0
 11
24916.43857827061
 21
20130.12235165795
 31
0.0
  0
LINE
  5
143F
330
23
100
AcDbEntity
  8
KC-2B Steel Wall
  6
CENTER2
 48
5.0
100
AcDbLine
 10
28876.43857827061
 20
20130.12235165795
 30
0.0
 11
41488.93857827061
 21
20130.12235165795
 31
0.0
  0
LINE
  5
1440
330
23
100
AcDbEntity
  8
KC-2B Steel Wall
  6
CENTER2
 48
5.0
100
AcDbLine
 10
8703.938578270609
 20
19770.12235165795
 30
0.0
 11
24916.43857827061
 21
19770.12235165795
 31
0.0
  0
LINE
  5
1441
330
23
100
AcDbEntity
  8
KC-2B Steel Wall
  6
CENTER2
 48
5.0
100
AcDbLine
 10
28876.43857827061
 20
19770.12235165795
 30
0.0
 11
41488.93857827061
 21
19770.12235165795
 31
0.0
  0
LINE
  5
1442
330
23
100
AcDbEntity
  8
KC-2B Steel Wall
  6
CENTER2
 48
5.0
100
AcDbLine
 10
8703.938578270609
 20
19410.12235165795
 30
0.0
 11
24916.43857827061
 21
19410.12235165795
 31
0.0
  0
LINE
  5
1443
330
23
100
AcDbEntity
  8
KC-2B Steel Wall
  6
CENTER2
 48
5.0
100
AcDbLine
 10
28876.43857827061
 20
19410.12235165795
 30
0.0
 11
41488.93857827061
 21
19410.12235165795
 31
0.0
  0
LINE
  5
1444
330
23
100
AcDbEntity
  8
KC-2B Steel Wall
  6
CENTER2
 48
5.0
100
AcDbLine
 10
8703.938578270609
 20
19050.12235165795
 30
0.0
 11
24916.43857827061
 21
19050.12235165795
 31
0.0
  0
LINE
  5
1445
330
23
100
AcDbEntity
  8
KC-2B Steel Wall
  6
CENTER2
 48
5.0
100
AcDbLine
 10
28876.43857827061
 20
19050.12235165795
 30
0.0
 11
41488.93857827061
 21
19050.12235165795
 31
0.0
  0
LINE
  5
1446
330
23
100
AcDbEntity
  8
KC-2B Steel Wall
  6
CENTER2
 48
5.0
100
AcDbLine
 10
8703.938578270609
 20
18690.12235165795
 30
0.0
 11
24916.43857827061
 21
18690.12235165795
 31
0.0
  0
LINE
  5
1447
330
23
100
AcDbEntity
  8
KC-2B Steel Wall
  6
CENTER2
 48
5.0
100
AcDbLine
 10
28876.43857827061
 20
18690.12235165795
 30
0.0
 11
41488.93857827061
 21
18690.12235165795
 31
0.0
  0
LINE
  5
1448
330
23
100
AcDbEntity
  8
KC-2B Steel Wall
  6
CENTER2
 48
5.0
100
AcDbLine
 10
8703.938578270609
 20
18330.12235165795
 30
0.0
 11
24916.43857827061
 21
18330.12235165795
 31
0.0
  0
LINE
  5
1449
330
23
100
AcDbEntity
  8
KC-2B Steel Wall
  6
CENTER2
 48
5.0
100
AcDbLine
 10
28876.43857827061
 20
18330.12235165795
 30
0.0
 11
41488.93857827061
 21
18330.12235165795
 31
0.0
  0
LINE
  5
144A
330
23
100
AcDbEntity
  8
KC-2B Steel Wall
  6
CENTER2
 48
5.0
100
AcDbLine
 10
8703.938578270609
 20
17970.12235165795
 30
0.0
 11
24916.43857827061
 21
17970.12235165795
 31
0.0
  0
LINE
  5
144B
330
23
100
AcDbEntity
  8
KC-2B Steel Wall
  6
CENTER2
 48
5.0
100
AcDbLine
 10
28876.43857827061
 20
17970.12235165795
 30
0.0
 11
41488.93857827061
 21
17970.12235165795
 31
0.0
  0
LINE
  5
144C
330
23
100
AcDbEntity
  8
KC-2B Steel Wall
  6
CENTER2
 48
5.0
100
AcDbLine
 10
8703.938578270609
 20
17610.12235165795
 30
0.0
 11
24916.43857827061
 21
17610.12235165795
 31
0.0
  0
LINE
  5
144D
330
23
100
AcDbEntity
  8
KC-2B Steel Wall
  6
CENTER2
 48
5.0
100
AcDbLine
 10
28876.43857827061
 20
17610.12235165795
 30
0.0
 11
41488.93857827061
 21
17610.12235165795
 31
0.0
  0
LINE
  5
144E
330
23
100
AcDbEntity
  8
KC-2B Steel Wall
  6
CENTER2
 48
5.0
100
AcDbLine
 10
8703.938578270609
 20
17250.12235165795
 30
0.0
 11
24916.43857827061
 21
17250.12235165795
 31
0.0
  0
LINE
  5
144F
330
23
100
AcDbEntity
  8
KC-2B Steel Wall
  6
CENTER2
 48
5.0
100
AcDbLine
 10
28876.43857827061
 20
17250.12235165795
 30
0.0
 11
41488.93857827061
 21
17250.12235165795
 31
0.0
  0
LINE
  5
1450
330
23
100
AcDbEntity
  8
KC-2B Steel Wall
  6
CENTER2
 48
5.0
100
AcDbLine
 10
8703.938578270609
 20
16890.12235165795
 30
0.0
 11
24916.43857827061
 21
16890.12235165795
 31
0.0
  0
LINE
  5
1451
330
23
100
AcDbEntity
  8
KC-2B Steel Wall
  6
CENTER2
 48
5.0
100
AcDbLine
 10
28876.43857827061
 20
16890.12235165795
 30
0.0
 11
41488.93857827061
 21
16890.12235165795
 31
0.0
  0
LINE
  5
1452
330
23
100
AcDbEntity
  8
KC-2B Steel Wall
  6
CENTER2
 48
5.0
100
AcDbLine
 10
8703.938578270609
 20
16530.12235165795
 30
0.0
 11
24916.43857827061
 21
16530.12235165795
 31
0.0
  0
LINE
  5
1453
330
23
100
AcDbEntity
  8
KC-2B Steel Wall
  6
CENTER2
 48
5.0
100
AcDbLine
 10
28876.43857827061
 20
16530.12235165795
 30
0.0
 11
41488.93857827061
 21
16530.12235165795
 31
0.0
  0
LINE
  5
1454
330
23
100
AcDbEntity
  8
KC-2B Steel Wall
  6
CENTER2
 48
5.0
100
AcDbLine
 10
8703.938578270609
 20
16170.12235165795
 30
0.0
 11
24916.43857827061
 21
16170.12235165795
 31
0.0
  0
LINE
  5
1455
330
23
100
AcDbEntity
  8
KC-2B Steel Wall
  6
CENTER2
 48
5.0
100
AcDbLine
 10
28876.43857827061
 20
16170.12235165795
 30
0.0
 11
41488.93857827061
 21
16170.12235165795
 31
0.0
  0
LINE
  5
1456
330
23
100
AcDbEntity
  8
KC-2B Steel Wall
  6
CENTER2
 48
5.0
100
AcDbLine
 10
8703.938578270609
 20
15810.12235165795
 30
0.0
 11
24916.43857827061
 21
15810.12235165795
 31
0.0
  0
LINE
  5
1457
330
23
100
AcDbEntity
  8
KC-2B Steel Wall
  6
CENTER2
 48
5.0
100
AcDbLine
 10
28876.43857827061
 20
15810.12235165795
 30
0.0
 11
41488.93857827061
 21
15810.12235165795
 31
0.0
  0
LINE
  5
1458
330
23
100
AcDbEntity
  8
KC-2B Steel Wall
  6
CENTER2
 48
5.0
100
AcDbLine
 10
8703.938578270609
 20
15450.12235165795
 30
0.0
 11
41488.93857827061
 21
15450.12235165795
 31
0.0
  0
LINE
  5
1459
330
23
100
AcDbEntity
  8
KC-2B Steel Wall
  6
CENTER2
 48
5.0
100
AcDbLine
 10
8703.938578270609
 20
15090.12235165795
 30
0.0
 11
41488.93857827061
 21
15090.12235165795
 31
0.0
  0
LINE
  5
145A
330
23
100
AcDbEntity
  8
KC-2B Steel Wall
  6
CENTER2
 48
5.0
100
AcDbLine
 10
8703.938578270609
 20
14730.12235165795
 30
0.0
 11
41488.93857827061
 21
14730.12235165795
 31
0.0
  0
LINE
  5
145B
330
23
100
AcDbEntity
  8
KC-2B Steel Wall
  6
CENTER2
 48
5.0
100
AcDbLine
 10
8703.938578270609
 20
14370.12235165795
 30
0.0
 11
41488.93857827061
 21
14370.12235165795
 31
0.0
  0
LINE
  5
145C
330
23
100
AcDbEntity
  8
KC-2B Steel Wall
  6
CENTER2
 48
5.0
100
AcDbLine
 10
8703.938578270609
 20
14010.12235165795
 30
0.0
 11
41488.93857827061
 21
14010.12235165795
 31
0.0
  0
ENDSEC
  0
SECTION
  2
OBJECTS
  0
DICTIONARY
  5
8
330
0
100
AcDbDictionary
281
     1
  3
ACAD_COLOR
350
37
  3
ACAD_DETAILVIEWSTYLE
350
1633
  3
ACAD_GROUP
350
35
  3
ACAD_LAYOUT
350
2C
  3
ACAD_MATERIAL
350
B
  3
ACAD_MLEADERSTYLE
350
1632
  3
ACAD_MLINESTYLE
350
20
  3
ACAD_PLOTSETTINGS
350
36
  3
ACAD_PLOTSTYLENAME
350
9
  3
ACAD_SCALELIST
350
42
  3
ACAD_SECTIONVIEWSTYLE
350
1634
  3
ACAD_TABLESTYLE
350
1631
  3
ACAD_VISUALSTYLE
350
38
  3
ACDB_RECOMPOSE_DATA
350
1651
  3
AcDbVariableDictionary
350
162F
  0
SUN
  5
3F
330
3D
100
AcDbSun
 90
        1
290
     1
 63
     7
421
 16777215
 40
1.0
291
     1
 91
  2455826
 92
 54000000
292
     0
 70
     0
 71
   256
280
     1
  0
DICTIONARY
  5
2
330
1
100
AcDbDictionary
280
     1
281
     1
  3
ACAD_LAYERSTATES
360
3
  3
AMLAYER_GROUPCOLORS
360
4
  3
AMLAYER_GROUPLINETYPES
360
5
  3
AMLAYER_GROUPLINEWEIGHTS
360
6
  0
DICTIONARY
  5
29
330
28
100
AcDbDictionary
280
     1
281
     1
  3
ADSK_XREC_LAYER_RECONCILED
360
2A
  0
DICTIONARY
  5
154
330
153
100
AcDbDictionary
280
     1
281
     1
  3
ADSK_XREC_LAYER_RECONCILED
360
155
  0
DICTIONARY
  5
458
330
457
100
AcDbDictionary
280
     1
281
     1
  3
ADSK_XREC_LAYER_RECONCILED
360
459
  0
DICTIONARY
  5
14D
330
14C
100
AcDbDictionary
280
     1
281
     1
  3
ADSK_XREC_LAYER_RECONCILED
360
14E
  0
DICTIONARY
  5
E0E
330
E0D
100
AcDbDictionary
280
     1
281
     1
  3
ADSK_XREC_LAYER_RECONCILED
360
E0F
  0
DICTIONARY
  5
27A
330
279
100
AcDbDictionary
280
     1
281
     1
  3
ADSK_XREC_LAYER_RECONCILED
360
27B
  0
DICTIONARY
  5
D65
330
D64
100
AcDbDictionary
280
     1
281
     1
  3
ADSK_XREC_LAYER_RECONCILED
360
D66
  0
DICTIONARY
  5
69
330
68
100
AcDbDictionary
280
     1
281
     1
  3
ADSK_XREC_LAYER_RECONCILED
360
6A
  0
DICTIONARY
  5
15C
330
15B
100
AcDbDictionary
280
     1
281
     1
  3
ADSK_XREC_LAYER_RECONCILED
360
15D
  0
DICTIONARY
  5
24
330
23
100
AcDbDictionary
280
     1
281
     1
  3
ACAD_ASSOCNETWORK
360
26
  3
ACAD_SORTENTS
360
25
  0
DICTIONARY
  5
37
102
{ACAD_REACTORS
330
8
102
}
330
8
100
AcDbDictionary
281
     1
  0
DICTIONARY
  5
1633
102
{ACAD_REACTORS
330
8
102
}
330
8
100
AcDbDictionary
281
     1
  0
DICTIONARY
  5
35
102
{ACAD_REACTORS
330
8
102
}
330
8
100
AcDbDictionary
281
     1
  0
DICTIONARY
  5
2C
102
{ACAD_REACTORS
330
8
102
}
330
8
100
AcDbDictionary
281
     1
  3
Layout1
350
31
  3
Model
350
2D
  0
DICTIONARY
  5
B
102
{ACAD_REACTORS
330
8
102
}
330
8
100
AcDbDictionary
281
     1
  3
ByBlock
350
66
  3
ByLayer
350
1A
  3
Global
350
C
  0
DICTIONARY
  5
1632
102
{ACAD_REACTORS
330
8
102
}
330
8
100
AcDbDictionary
281
     1
  3
Standard
350
164B
  0
DICTIONARY
  5
20
102
{ACAD_REACTORS
330
8
102
}
330
8
100
AcDbDictionary
281
     1
  3
Standard
350
21
  0
DICTIONARY
  5
36
102
{ACAD_REACTORS
330
8
102
}
330
8
100
AcDbDictionary
281
     1
  0
ACDBDICTIONARYWDFLT
  5
9
102
{ACAD_REACTORS
330
8
102
}
330
8
100
AcDbDictionary
281
     1
  3
Normal
350
A
100
AcDbDictionaryWithDefault
340
A
  0
DICTIONARY
  5
42
102
{ACAD_REACTORS
330
8
102
}
330
8
100
AcDbDictionary
281
     1
  3
*A1
350
54
  3
*A10
350
5D
  3
*A11
350
5E
  3
*A12
350
5F
  3
*A13
350
60
  3
*A14
350
61
  3
*A15
350
62
  3
*A16
350
63
  3
*A17
350
64
  3
*A18
350
65
  3
*A2
350
55
  3
*A3
350
56
  3
*A4
350
57
  3
*A5
350
58
  3
*A6
350
59
  3
*A7
350
5A
  3
*A8
350
5B
  3
*A9
350
5C
  0
DICTIONARY
  5
1634
102
{ACAD_REACTORS
330
8
102
}
330
8
100
AcDbDictionary
281
     1
  0
DICTIONARY
  5
1631
102
{ACAD_REACTORS
330
8
102
}
330
8
100
AcDbDictionary
281
     1
  3
Standard
350
164A
  0
DICTIONARY
  5
38
102
{ACAD_REACTORS
330
8
102
}
330
8
100
AcDbDictionary
281
     1
  3
2dWireframe
350
3E
  3
Basic
350
163A
  3
Brighten
350
163D
  3
ColorChange
350
1641
  3
Conceptual
350
163B
  3
Dim
350
163C
  3
EdgeColorOff
350
1644
  3
Facepattern
350
1640
  3
Flat
350
1635
  3
FlatWithEdges
350
1636
  3
Gouraud
350
1637
  3
GouraudWithEdges
350
1638
  3
Hidden
350
1639
  3
JitterOff
350
1642
  3
Linepattern
350
163F
  3
OverhangOff
350
1643
  3
Realistic
350
39
  3
Shaded
350
1649
  3
Shaded with edges
350
1648
  3
Shades of Gray
350
1645
  3
Sketchy
350
1646
  3
Thicken
350
163E
  3
Wireframe
350
3A
  3
X-Ray
350
1647
  0
XRECORD
  5
1651
102
{ACAD_REACTORS
330
8
102
}
330
8
100
AcDbXrecord
280
     1
 90
        1
330
164A
  0
DICTIONARY
  5
162F
102
{ACAD_REACTORS
330
8
102
}
330
8
100
AcDbDictionary
281
     1
  3
CANNOSCALE
350
1630
  3
CMLEADERSTYLE
350
164D
  3
CTABLESTYLE
350
164C
  0
DICTIONARY
  5
3
102
{ACAD_REACTORS
330
2
102
}
330
2
100
AcDbDictionary
281
     1
  0
DICTIONARY
  5
4
102
{ACAD_REACTORS
330
2
102
}
330
2
100
AcDbDictionary
280
     1
281
     1
  0
DICTIONARY
  5
5
102
{ACAD_REACTORS
330
2
102
}
330
2
100
AcDbDictionary
280
     1
281
     1
  0
DICTIONARY
  5
6
102
{ACAD_REACTORS
330
2
102
}
330
2
100
AcDbDictionary
280
     1
281
     1
  0
XRECORD
  5
2A
102
{ACAD_REACTORS
330
29
102
}
330
29
100
AcDbXrecord
280
     1
290
     1
  0
XRECORD
  5
155
102
{ACAD_REACTORS
330
154
102
}
330
154
100
AcDbXrecord
280
     1
290
     1
  0
XRECORD
  5
459
102
{ACAD_REACTORS
330
458
102
}
330
458
100
AcDbXrecord
280
     1
290
     1
  0
XRECORD
  5
14E
102
{ACAD_REACTORS
330
14D
102
}
330
14D
100
AcDbXrecord
280
     1
290
     1
  0
XRECORD
  5
E0F
102
{ACAD_REACTORS
330
E0E
102
}
330
E0E
100
AcDbXrecord
280
     1
290
     1
  0
XRECORD
  5
27B
102
{ACAD_REACTORS
330
27A
102
}
330
27A
100
AcDbXrecord
280
     1
290
     1
  0
XRECORD
  5
D66
102
{ACAD_REACTORS
330
D65
102
}
330
D65
100
AcDbXrecord
280
     1
290
     1
  0
XRECORD
  5
6A
102
{ACAD_REACTORS
330
69
102
}
330
69
100
AcDbXrecord
280
     1
290
     1
  0
XRECORD
  5
15D
102
{ACAD_REACTORS
330
15C
102
}
330
15C
100
AcDbXrecord
280
     1
290
     1
  0
DICTIONARY
  5
26
102
{ACAD_REACTORS
330
24
102
}
330
24
100
AcDbDictionary
281
     1
  0
SORTENTSTABLE
  5
25
102
{ACAD_REACTORS
330
24
102
}
330
24
100
AcDbSortentsTable
330
23
  0
LAYOUT
  5
31
102
{ACAD_REACTORS
330
2C
102
}
330
2C
100
AcDbPlotSettings
  1

  2
none_device
  4

  6

 40
0.0
 41
0.0
 42
0.0
 43
0.0
 44
0.0
 45
0.0
 46
0.0
 47
0.0
 48
0.0
 49
0.0
140
0.0
141
0.0
142
1.0
143
1.0
 70
   688
 72
     0
 73
     0
 74
     5
  7

 75
    16
 76
     0
 77
     2
 78
   300
147
1.0
148
0.0
149
0.0
100
AcDbLayout
  1
Layout1
 70
     1
 71
     1
 10
0.0
 20
0.0
 11
12.0
 21
9.0
 12
0.0
 22
0.0
 32
0.0
 14
0.0
 24
0.0
 34
-0.0000000000340386
 15
50400.0
 25
35639.99999999999
 35
0.0
146
0.0
 13
0.0
 23
0.0
 33
0.0
 16
1.0
 26
0.0
 36
0.0
 17
0.0
 27
1.0
 37
0.0
 76
     0
330
2E
  0
LAYOUT
  5
2D
102
{ACAD_REACTORS
330
2C
102
}
330
2C
100
AcDbPlotSettings
  1

  2
none_device
  4
Letter_(8.50_x_11.00_Inches)
  6

 40
6.349999904632568
 41
6.349999904632568
 42
6.350006103515625
 43
6.350006103515625
 44
215.8999938964844
 45
279.3999938964844
 46
0.0
 47
0.0
 48
0.0
 49
0.0
140
0.0
141
0.0
142
1.0
143
1269.822939330443
 70
  1712
 72
     1
 73
     0
 74
     0
  7

 75
     0
 76
     0
 77
     2
 78
   300
147
0.000787511367945
148
285238.8887450378
149
238529.3515259842
100
AcDbLayout
  1
Model
 70
     1
 71
     0
 10
0.0
 20
0.0
 11
12.0
 21
9.0
 12
0.0
 22
0.0
 32
0.0
 14
1.000000000000000E+20
 24
1.000000000000000E+20
 34
1.000000000000000E+20
 15
-1.000000000000000E+20
 25
-1.000000000000000E+20
 35
-1.000000000000000E+20
146
0.0
 13
0.0
 23
0.0
 33
0.0
 16
1.0
 26
0.0
 36
0.0
 17
0.0
 27
1.0
 37
0.0
 76
     0
330
23
331
3D
  0
MATERIAL
  5
66
102
{ACAD_REACTORS
330
B
102
}
330
B
100
AcDbMaterial
  1
ByBlock
 72
     1
 73
     2
 78
     2
172
     2
176
     2
270
     2
274
     2
 94
      127
  0
MATERIAL
  5
1A
102
{ACAD_REACTORS
330
B
102
}
330
B
100
AcDbMaterial
  1
ByLayer
 72
     1
 73
     2
 78
     2
172
     2
176
     2
270
     2
274
     2
 94
      127
  0
MATERIAL
  5
C
102
{ACAD_REACTORS
330
B
102
}
102
{ACAD_XDICTIONARY
360
D
102
}
330
B
100
AcDbMaterial
  1
Global
 72
     1
 73
     2
 78
     2
172
     2
176
     2
270
     2
274
     2
 94
      127
1001
ACAD
1070
    -1
1070
     3
1070
     0
1000

1071
        0
  0
MLEADERSTYLE
  5
164B
102
{ACAD_REACTORS
330
1632
102
}
330
1632
100
AcDbMLeaderStyle
179
     2
170
     2
171
     1
172
     0
 90
        2
 40
0.0
 41
0.0
173
     1
 91
-1056964608
340
12
 92
       -2
290
     1
 42
2.0
291
     1
 43
8.0
  3
Standard
341
0
 44
4.0
300

342
3B
174
     1
178
     6
175
     1
176
     0
 93
-1056964608
 45
4.0
292
     0
297
     0
 46
4.0
343
0
 94
-1056964608
 47
1.0
 49
1.0
140
1.0
293
     1
141
0.0
294
     1
177
     0
142
1.0
295
     0
296
     0
143
3.75
271
     0
272
     9
273
     9
298
     0
  0
MLINESTYLE
  5
21
102
{ACAD_REACTORS
330
20
102
}
330
20
100
AcDbMlineStyle
  2
STANDARD
 70
     0
  3

 62
   256
 51
90.0
 52
90.0
 71
     2
 49
0.5
 62
   256
  6
BYLAYER
 49
-0.5
 62
   256
  6
BYLAYER
  0
ACDBPLACEHOLDER
  5
A
102
{ACAD_REACTORS
330
9
102
}
330
9
  0
SCALE
  5
54
102
{ACAD_REACTORS
330
42
102
}
330
42
100
AcDbScale
 70
     0
300
1:2
140
1.0
141
2.0
290
     0
  0
SCALE
  5
5D
102
{ACAD_REACTORS
330
42
102
}
330
42
100
AcDbScale
 70
     0
300
1/4" = 1'-0"
140
0.25
141
12.0
290
     0
  0
SCALE
  5
5E
102
{ACAD_REACTORS
330
42
102
}
330
42
100
AcDbScale
 70
     0
300
3/8" = 1'-0"
140
0.375
141
12.0
290
     0
  0
SCALE
  5
5F
102
{ACAD_REACTORS
330
42
102
}
330
42
100
AcDbScale
 70
     0
300
1/2" = 1'-0"
140
0.5
141
12.0
290
     0
  0
SCALE
  5
60
102
{ACAD_REACTORS
330
42
102
}
330
42
100
AcDbScale
 70
     0
300
3/4" = 1'-0"
140
0.75
141
12.0
290
     0
  0
SCALE
  5
61
102
{ACAD_REACTORS
330
42
102
}
330
42
100
AcDbScale
 70
     0
300
1" = 1'-0"
140
1.0
141
12.0
290
     0
  0
SCALE
  5
62
102
{ACAD_REACTORS
330
42
102
}
330
42
100
AcDbScale
 70
     0
300
1-1/2" = 1'-0"
140
1.5
141
12.0
290
     0
  0
SCALE
  5
63
102
{ACAD_REACTORS
330
42
102
}
330
42
100
AcDbScale
 70
     0
300
3" = 1'-0"
140
3.0
141
12.0
290
     0
  0
SCALE
  5
64
102
{ACAD_REACTORS
330
42
102
}
330
42
100
AcDbScale
 70
     0
300
6" = 1'-0"
140
6.0
141
12.0
290
     0
  0
SCALE
  5
65
102
{ACAD_REACTORS
330
42
102
}
330
42
100
AcDbScale
 70
     0
300
1'-0" = 1'-0"
140
12.0
141
12.0
290
     0
  0
SCALE
  5
55
102
{ACAD_REACTORS
330
42
102
}
330
42
100
AcDbScale
 70
     0
300
1:1
140
1.0
141
1.0
290
     1
  0
SCALE
  5
56
102
{ACAD_REACTORS
330
42
102
}
330
42
100
AcDbScale
 70
     0
300
1/128" = 1'-0"
140
0.0078125
141
12.0
290
     0
  0
SCALE
  5
57
102
{ACAD_REACTORS
330
42
102
}
330
42
100
AcDbScale
 70
     0
300
1/64" = 1'-0"
140
0.015625
141
12.0
290
     0
  0
SCALE
  5
58
102
{ACAD_REACTORS
330
42
102
}
330
42
100
AcDbScale
 70
     0
300
1/32" = 1'-0"
140
0.03125
141
12.0
290
     0
  0
SCALE
  5
59
102
{ACAD_REACTORS
330
42
102
}
330
42
100
AcDbScale
 70
     0
300
1/16" = 1'-0"
140
0.0625
141
12.0
290
     0
  0
SCALE
  5
5A
102
{ACAD_REACTORS
330
42
102
}
330
42
100
AcDbScale
 70
     0
300
3/32" = 1'-0"
140
0.09375
141
12.0
290
     0
  0
SCALE
  5
5B
102
{ACAD_REACTORS
330
42
102
}
330
42
100
AcDbScale
 70
     0
300
1/8" = 1'-0"
140
0.125
141
12.0
290
     0
  0
SCALE
  5
5C
102
{ACAD_REACTORS
330
42
102
}
330
42
100
AcDbScale
 70
     0
300
3/16" = 1'-0"
140
0.1875
141
12.0
290
     0
  0
TABLESTYLE
  5
164A
102
{ACAD_REACTORS
330
1631
102
}
102
{ACAD_XDICTIONARY
360
164F
102
}
330
1631
100
AcDbTableStyle
  3
Standard
 70
     0
 71
     0
 40
1.5
 41
1.5
280
     0
281
     0
  7
Standard
140
4.5
170
     2
 62
     0
 63
   257
283
     0
 90
      512
 91
        0
  1

274
    -2
284
     1
 64
     0
275
    -2
285
     1
 65
     0
276
    -2
286
     1
 66
     0
277
    -2
287
     1
 67
     0
278
    -2
288
     1
 68
     0
279
    -2
289
     1
 69
     0
  7
Standard
140
6.0
170
     5
 62
     0
 63
   257
283
     0
 90
      512
 91
        0
  1

274
    -2
284
     1
 64
     0
275
    -2
285
     1
 65
     0
276
    -2
286
     1
 66
     0
277
    -2
287
     1
 67
     0
278
    -2
288
     1
 68
     0
279
    -2
289
     1
 69
     0
  7
Standard
140
4.5
170
     5
 62
     0
 63
   257
283
     0
 90
      512
 91
        0
  1

274
    -2
284
     1
 64
     0
275
    -2
285
     1
 65
     0
276
    -2
286
     1
 66
     0
277
    -2
287
     1
 67
     0
278
    -2
288
     1
 68
     0
279
    -2
289
     1
 69
     0
  0
VISUALSTYLE
  5
3E
102
{ACAD_REACTORS
330
38
102
}
330
38
100
AcDbVisualStyle
  2

 70
     4
177
     3
291
     0
 70
    58
 90
        0
176
     1
 90
        2
176
     1
 90
        0
176
     1
 90
        0
176
     1
 40
0.6
176
     1
 40
30.0
176
     1
 62
     7
420
 16777215
176
     1
 90
        1
176
     1
 90
        4
176
     1
 62
     7
176
     1
 62
   257
176
     1
 90
        1
176
     1
 90
        1
176
     1
 40
1.0
176
     1
 90
        0
176
     1
 62
   257
176
     1
 40
1.0
176
     1
 90
        1
176
     1
 90
        6
176
     1
 90
        2
176
     1
 62
     7
176
     1
 90
        5
176
     1
 90
        0
176
     1
 90
        0
176
     1
290
     0
176
     1
 90
        1
176
     1
 40
0.0
176
     1
 90
        0
176
     1
290
     1
176
     1
290
     1
176
     1
290
     0
176
     1
290
     0
176
     1
290
     0
176
     1
290
     0
176
     1
290
     0
176
     1
290
     0
176
     1
290
     0
176
     1
 90
       50
176
     1
 40
0.0
176
     1
 40
1.0
176
     1
 90
        0
176
     1
 62
    18
420
        0
176
     1
 90
       50
176
     1
 90
        3
176
     1
 62
     5
420
      255
176
     1
290
     0
176
     1
 90
       50
176
     1
 90
       50
176
     1
 90
       50
176
     1
290
     0
176
     1
 90
       50
176
     1
 62
   256
176
     0
 40
1.0
176
     0
 90
        2
176
     1
  1
strokes_ogs.tif
176
     1
290
     0
176
     1
 40
1.0
176
     1
 40
1.0
176
     1
  0
VISUALSTYLE
  5
163A
102
{ACAD_REACTORS
330
38
102
}
330
38
100
AcDbVisualStyle
  2
Basic
 70
     7
177
     3
291
     1
 70
    58
 90
        1
176
     1
 90
        0
176
     1
 90
        1
176
     1
 90
        0
176
     1
 40
0.6
176
     1
 40
30.0
176
     1
 62
     7
420
 16777215
176
     1
 90
        0
176
     1
 90
        4
176
     1
 62
     7
176
     1
 62
   257
176
     1
 90
        1
176
     1
 90
        1
176
     1
 40
1.0
176
     1
 90
        8
176
     1
 62
     7
176
     1
 40
1.0
176
     1
 90
        1
176
     1
 90
        6
176
     1
 90
        2
176
     1
 62
     7
176
     1
 90
        5
176
     1
 90
        0
176
     1
 90
        0
176
     1
290
     0
176
     1
 90
        1
176
     1
 40
0.0
176
     1
 90
        0
176
     1
290
     0
176
     1
290
     1
176
     1
290
     1
176
     1
290
     0
176
     1
290
     0
176
     1
290
     0
176
     1
290
     0
176
     1
290
     0
176
     1
290
     0
176
     1
 90
       50
176
     1
 40
0.0
176
     1
 40
1.0
176
     1
 90
        0
176
     1
 62
    18
420
        0
176
     1
 90
       50
176
     1
 90
        3
176
     1
 62
     5
420
      255
176
     1
290
     0
176
     1
 90
       50
176
     1
 90
       50
176
     1
 90
       50
176
     1
290
     0
176
     1
 90
       50
176
     1
 62
   256
176
     0
 40
1.0
176
     0
 90
        2
176
     1
  1
strokes_ogs.tif
176
     1
290
     0
176
     1
 40
1.0
176
     1
 40
1.0
176
     1
  0
VISUALSTYLE
  5
163D
102
{ACAD_REACTORS
330
38
102
}
330
38
100
AcDbVisualStyle
  2
Brighten
 70
    12
177
     3
291
     1
 70
    58
 90
        2
176
     1
 90
        2
176
     1
 90
        0
176
     1
 90
        0
176
     1
 40
0.6
176
     1
 40
30.0
176
     1
 62
     7
420
 16777215
176
     1
 90
        1
176
     1
 90
        4
176
     1
 62
     7
176
     1
 62
   257
176
     1
 90
        1
176
     1
 90
        1
176
     1
 40
1.0
176
     1
 90
        8
176
     1
 62
     7
176
     1
 40
1.0
176
     1
 90
        1
176
     1
 90
        6
176
     1
 90
        2
176
     1
 62
     7
176
     1
 90
        5
176
     1
 90
        0
176
     1
 90
        0
176
     1
290
     0
176
     1
 90
        1
176
     1
 40
50.0
176
     1
 90
        0
176
     1
290
     0
176
     1
290
     1
176
     1
290
     1
176
     1
290
     0
176
     1
290
     0
176
     1
290
     0
176
     1
290
     0
176
     1
290
     0
176
     1
290
     0
176
     1
 90
       50
176
     1
 40
0.0
176
     1
 40
1.0
176
     1
 90
        0
176
     1
 62
    18
420
        0
176
     1
 90
       50
176
     1
 90
        3
176
     1
 62
     5
420
      255
176
     1
290
     0
176
     1
 90
       50
176
     1
 90
       50
176
     1
 90
       50
176
     1
290
     0
176
     1
 90
       50
176
     1
 62
   256
176
     0
 40
1.0
176
     0
 90
        2
176
     1
  1
strokes_ogs.tif
176
     1
290
     0
176
     1
 40
1.0
176
     1
 40
1.0
176
     1
  0
VISUALSTYLE
  5
1641
102
{ACAD_REACTORS
330
38
102
}
330
38
100
AcDbVisualStyle
  2
ColorChange
 70
    16
177
     3
291
     1
 70
    58
 90
        2
176
     1
 90
        2
176
     1
 90
        3
176
     1
 90
        0
176
     1
 40
0.6
176
     1
 40
30.0
176
     1
 62
     8
420
  8421504
176
     1
 90
        1
176
     1
 90
        4
176
     1
 62
     7
176
     1
 62
   257
176
     1
 90
        1
176
     1
 90
        1
176
     1
 40
1.0
176
     1
 90
        8
176
     1
 62
     8
420
  8421504
176
     1
 40
1.0
176
     1
 90
        1
176
     1
 90
        6
176
     1
 90
        2
176
     1
 62
     7
176
     1
 90
        5
176
     1
 90
        0
176
     1
 90
        0
176
     1
290
     0
176
     1
 90
        1
176
     1
 40
0.0
176
     1
 90
        0
176
     1
290
     0
176
     1
290
     1
176
     1
290
     1
176
     1
290
     0
176
     1
290
     0
176
     1
290
     0
176
     1
290
     0
176
     1
290
     0
176
     1
290
     0
176
     1
 90
       50
176
     1
 40
0.0
176
     1
 40
1.0
176
     1
 90
        0
176
     1
 62
    18
420
        0
176
     1
 90
       50
176
     1
 90
        3
176
     1
 62
     5
420
      255
176
     1
290
     0
176
     1
 90
       50
176
     1
 90
       50
176
     1
 90
       50
176
     1
290
     0
176
     1
 90
       50
176
     1
 62
   256
176
     0
 40
1.0
176
     0
 90
        2
176
     1
  1
strokes_ogs.tif
176
     1
290
     0
176
     1
 40
1.0
176
     1
 40
1.0
176
     1
  0
VISUALSTYLE
  5
163B
102
{ACAD_REACTORS
330
38
102
}
330
38
100
AcDbVisualStyle
  2
Conceptual
 70
     9
177
     3
291
     0
 70
    58
 90
        3
176
     1
 90
        2
176
     1
 90
        0
176
     1
 90
        0
176
     1
 40
0.6
176
     1
 40
30.0
176
     1
 62
     7
420
 16777215
176
     1
 90
        2
176
     1
 90
        2
176
     1
 62
     7
176
     1
 62
   257
176
     1
 90
        1
176
     1
 90
        1
176
     1
 40
179.0
176
     1
 90
        8
176
     1
 62
     7
176
     1
 40
1.0
176
     1
 90
        1
176
     1
 90
        6
176
     1
 90
        2
176
     1
 62
     7
176
     1
 90
        3
176
     1
 90
        0
176
     1
 90
        0
176
     1
290
     0
176
     1
 90
        1
176
     1
 40
0.0
176
     1
 90
        0
176
     1
290
     0
176
     1
290
     1
176
     1
290
     1
176
     1
290
     0
176
     1
290
     0
176
     1
290
     0
176
     1
290
     0
176
     1
290
     0
176
     1
290
     0
176
     1
 90
       50
176
     1
 40
0.0
176
     1
 40
1.0
176
     1
 90
        0
176
     1
 62
    18
420
        0
176
     1
 90
       50
176
     1
 90
        3
176
     1
 62
     5
420
      255
176
     1
290
     0
176
     1
 90
       50
176
     1
 90
       50
176
     1
 90
       50
176
     1
290
     0
176
     1
 90
       50
176
     1
 62
   256
176
     0
 40
1.0
176
     0
 90
        2
176
     1
  1
strokes_ogs.tif
176
     1
290
     0
176
     1
 40
1.0
176
     1
 40
1.0
176
     1
  0
VISUALSTYLE
  5
163C
102
{ACAD_REACTORS
330
38
102
}
330
38
100
AcDbVisualStyle
  2
Dim
 70
    11
177
     3
291
     1
 70
    58
 90
        2
176
     1
 90
        2
176
     1
 90
        0
176
     1
 90
        0
176
     1
 40
0.6
176
     1
 40
30.0
176
     1
 62
     7
420
 16777215
176
     1
 90
        1
176
     1
 90
        4
176
     1
 62
     7
176
     1
 62
   257
176
     1
 90
        1
176
     1
 90
        1
176
     1
 40
1.0
176
     1
 90
        8
176
     1
 62
     7
176
     1
 40
1.0
176
     1
 90
        1
176
     1
 90
        6
176
     1
 90
        2
176
     1
 62
     7
176
     1
 90
        5
176
     1
 90
        0
176
     1
 90
        0
176
     1
290
     0
176
     1
 90
        1
176
     1
 40
-50.0
176
     1
 90
        0
176
     1
290
     0
176
     1
290
     1
176
     1
290
     1
176
     1
290
     0
176
     1
290
     0
176
     1
290
     0
176
     1
290
     0
176
     1
290
     0
176
     1
290
     0
176
     1
 90
       50
176
     1
 40
0.0
176
     1
 40
1.0
176
     1
 90
        0
176
     1
 62
    18
420
        0
176
     1
 90
       50
176
     1
 90
        3
176
     1
 62
     5
420
      255
176
     1
290
     0
176
     1
 90
       50
176
     1
 90
       50
176
     1
 90
       50
176
     1
290
     0
176
     1
 90
       50
176
     1
 62
   256
176
     0
 40
1.0
176
     0
 90
        2
176
     1
  1
strokes_ogs.tif
176
     1
290
     0
176
     1
 40
1.0
176
     1
 40
1.0
176
     1
  0
VISUALSTYLE
  5
1644
102
{ACAD_REACTORS
330
38
102
}
330
38
100
AcDbVisualStyle
  2
EdgeColorOff
 70
    22
177
     3
291
     1
 70
    58
 90
        2
176
     0
 90
        2
176
     0
 90
        0
176
     0
 90
        0
176
     0
 40
0.6
176
     0
 40
30.0
176
     0
 62
     7
420
 16777215
176
     0
 90
        1
176
     0
 90
        4
176
     0
 62
     7
176
     0
 62
   257
176
     0
 90
        1
176
     0
 90
        1
176
     0
 40
1.0
176
     0
 90
        8
176
     2
 62
     7
176
     0
 40
1.0
176
     0
 90
        1
176
     0
 90
        6
176
     0
 90
        2
176
     0
 62
     7
176
     0
 90
        5
176
     0
 90
        0
176
     0
 90
        0
176
     0
290
     0
176
     0
 90
        1
176
     0
 40
0.0
176
     0
 90
        0
176
     0
290
     0
176
     0
290
     1
176
     0
290
     1
176
     0
290
     0
176
     0
290
     0
176
     0
290
     0
176
     0
290
     0
176
     0
290
     0
176
     0
290
     0
176
     0
 90
       50
176
     0
 40
0.0
176
     0
 40
1.0
176
     0
 90
        0
176
     0
 62
    18
420
        0
176
     0
 90
       50
176
     0
 90
        3
176
     0
 62
     5
420
      255
176
     0
290
     0
176
     0
 90
       50
176
     0
 90
       50
176
     0
 90
       50
176
     0
290
     0
176
     0
 90
       50
176
     0
 62
   256
176
     0
 40
1.0
176
     0
 90
        2
176
     0
  1
strokes_ogs.tif
176
     0
290
     0
176
     0
 40
1.0
176
     0
 40
1.0
176
     0
  0
VISUALSTYLE
  5
1640
102
{ACAD_REACTORS
330
38
102
}
330
38
100
AcDbVisualStyle
  2
Facepattern
 70
    15
177
     3
291
     1
 70
    58
 90
        2
176
     1
 90
        2
176
     1
 90
        0
176
     1
 90
        0
176
     1
 40
0.6
176
     1
 40
30.0
176
     1
 62
     7
420
 16777215
176
     1
 90
        1
176
     1
 90
        4
176
     1
 62
     7
176
     1
 62
   257
176
     1
 90
        1
176
     1
 90
        1
176
     1
 40
1.0
176
     1
 90
        8
176
     1
 62
     7
176
     1
 40
1.0
176
     1
 90
        1
176
     1
 90
        6
176
     1
 90
        2
176
     1
 62
     7
176
     1
 90
        5
176
     1
 90
        0
176
     1
 90
        0
176
     1
290
     0
176
     1
 90
        1
176
     1
 40
0.0
176
     1
 90
        0
176
     1
290
     0
176
     1
290
     1
176
     1
290
     1
176
     1
290
     0
176
     1
290
     0
176
     1
290
     0
176
     1
290
     0
176
     1
290
     0
176
     1
290
     0
176
     1
 90
       50
176
     1
 40
0.0
176
     1
 40
1.0
176
     1
 90
        0
176
     1
 62
    18
420
        0
176
     1
 90
       50
176
     1
 90
        3
176
     1
 62
     5
420
      255
176
     1
290
     0
176
     1
 90
       50
176
     1
 90
       50
176
     1
 90
       50
176
     1
290
     0
176
     1
 90
       50
176
     1
 62
   256
176
     0
 40
1.0
176
     0
 90
        2
176
     1
  1
strokes_ogs.tif
176
     1
290
     0
176
     1
 40
1.0
176
     1
 40
1.0
176
     1
  0
VISUALSTYLE
  5
1635
102
{ACAD_REACTORS
330
38
102
}
330
38
100
AcDbVisualStyle
  2
Flat
 70
     0
177
     3
291
     1
 70
    58
 90
        2
176
     1
 90
        1
176
     1
 90
        1
176
     1
 90
        2
176
     1
 40
0.6
176
     1
 40
30.0
176
     1
 62
     7
420
 16777215
176
     1
 90
        0
176
     1
 90
        0
176
     1
 62
     7
176
     1
 62
   257
176
     1
 90
        1
176
     1
 90
        1
176
     1
 40
1.0
176
     1
 90
        8
176
     1
 62
     7
176
     1
 40
1.0
176
     1
 90
        1
176
     1
 90
        6
176
     1
 90
        2
176
     1
 62
     7
176
     1
 90
        5
176
     1
 90
        0
176
     1
 90
        0
176
     1
290
     0
176
     1
 90
       13
176
     1
 40
0.0
176
     1
 90
        0
176
     1
290
     0
176
     1
290
     1
176
     1
290
     1
176
     1
290
     0
176
     1
290
     0
176
     1
290
     0
176
     1
290
     0
176
     1
290
     0
176
     1
290
     0
176
     1
 90
       50
176
     1
 40
0.0
176
     1
 40
1.0
176
     1
 90
        0
176
     1
 62
    18
420
        0
176
     1
 90
       50
176
     1
 90
        3
176
     1
 62
     5
420
      255
176
     1
290
     0
176
     1
 90
       50
176
     1
 90
       50
176
     1
 90
       50
176
     1
290
     0
176
     1
 90
       50
176
     1
 62
   256
176
     0
 40
1.0
176
     0
 90
        2
176
     1
  1
strokes_ogs.tif
176
     1
290
     0
176
     1
 40
1.0
176
     1
 40
1.0
176
     1
  0
VISUALSTYLE
  5
1636
102
{ACAD_REACTORS
330
38
102
}
330
38
100
AcDbVisualStyle
  2
FlatWithEdges
 70
     1
177
     3
291
     1
 70
    58
 90
        2
176
     1
 90
        1
176
     1
 90
        1
176
     1
 90
        2
176
     1
 40
0.6
176
     1
 40
30.0
176
     1
 62
     7
420
 16777215
176
     1
 90
        1
176
     1
 90
        0
176
     1
 62
     7
176
     1
 62
   257
176
     1
 90
        1
176
     1
 90
        1
176
     1
 40
1.0
176
     1
 90
        0
176
     1
 62
   257
176
     1
 40
1.0
176
     1
 90
        1
176
     1
 90
        6
176
     1
 90
        2
176
     1
 62
     7
176
     1
 90
        5
176
     1
 90
        0
176
     1
 90
        0
176
     1
290
     0
176
     1
 90
       13
176
     1
 40
0.0
176
     1
 90
        0
176
     1
290
     0
176
     1
290
     1
176
     1
290
     1
176
     1
290
     0
176
     1
290
     0
176
     1
290
     0
176
     1
290
     0
176
     1
290
     0
176
     1
290
     0
176
     1
 90
       50
176
     1
 40
0.0
176
     1
 40
1.0
176
     1
 90
        0
176
     1
 62
    18
420
        0
176
     1
 90
       50
176
     1
 90
        3
176
     1
 62
     5
420
      255
176
     1
290
     0
176
     1
 90
       50
176
     1
 90
       50
176
     1
 90
       50
176
     1
290
     0
176
     1
 90
       50
176
     1
 62
   256
176
     0
 40
1.0
176
     0
 90
        2
176
     1
  1
strokes_ogs.tif
176
     1
290
     0
176
     1
 40
1.0
176
     1
 40
1.0
176
     1
  0
VISUALSTYLE
  5
1637
102
{ACAD_REACTORS
330
38
102
}
330
38
100
AcDbVisualStyle
  2
Gouraud
 70
     2
177
     3
291
     1
 70
    58
 90
        2
176
     1
 90
        2
176
     1
 90
        1
176
     1
 90
        2
176
     1
 40
0.6
176
     1
 40
30.0
176
     1
 62
     7
420
 16777215
176
     1
 90
        0
176
     1
 90
        0
176
     1
 62
     7
176
     1
 62
   257
176
     1
 90
        1
176
     1
 90
        1
176
     1
 40
1.0
176
     1
 90
        0
176
     1
 62
     7
176
     1
 40
1.0
176
     1
 90
        1
176
     1
 90
        6
176
     1
 90
        2
176
     1
 62
     7
176
     1
 90
        5
176
     1
 90
        0
176
     1
 90
        0
176
     1
290
     0
176
     1
 90
       13
176
     1
 40
0.0
176
     1
 90
        0
176
     1
290
     0
176
     1
290
     1
176
     1
290
     1
176
     1
290
     0
176
     1
290
     0
176
     1
290
     0
176
     1
290
     0
176
     1
290
     0
176
     1
290
     0
176
     1
 90
       50
176
     1
 40
0.0
176
     1
 40
1.0
176
     1
 90
        0
176
     1
 62
    18
420
        0
176
     1
 90
       50
176
     1
 90
        3
176
     1
 62
     5
420
      255
176
     1
290
     0
176
     1
 90
       50
176
     1
 90
       50
176
     1
 90
       50
176
     1
290
     0
176
     1
 90
       50
176
     1
 62
   256
176
     0
 40
1.0
176
     0
 90
        2
176
     1
  1
strokes_ogs.tif
176
     1
290
     0
176
     1
 40
1.0
176
     1
 40
1.0
176
     1
  0
VISUALSTYLE
  5
1638
102
{ACAD_REACTORS
330
38
102
}
330
38
100
AcDbVisualStyle
  2
GouraudWithEdges
 70
     3
177
     3
291
     1
 70
    58
 90
        2
176
     1
 90
        2
176
     1
 90
        1
176
     1
 90
        2
176
     1
 40
0.6
176
     1
 40
30.0
176
     1
 62
     7
420
 16777215
176
     1
 90
        1
176
     1
 90
        0
176
     1
 62
     7
176
     1
 62
   257
176
     1
 90
        1
176
     1
 90
        1
176
     1
 40
1.0
176
     1
 90
        0
176
     1
 62
   257
176
     1
 40
1.0
176
     1
 90
        1
176
     1
 90
        6
176
     1
 90
        2
176
     1
 62
     7
176
     1
 90
        5
176
     1
 90
        0
176
     1
 90
        0
176
     1
290
     0
176
     1
 90
       13
176
     1
 40
0.0
176
     1
 90
        0
176
     1
290
     0
176
     1
290
     1
176
     1
290
     1
176
     1
290
     0
176
     1
290
     0
176
     1
290
     0
176
     1
290
     0
176
     1
290
     0
176
     1
290
     0
176
     1
 90
       50
176
     1
 40
0.0
176
     1
 40
1.0
176
     1
 90
        0
176
     1
 62
    18
420
        0
176
     1
 90
       50
176
     1
 90
        3
176
     1
 62
     5
420
      255
176
     1
290
     0
176
     1
 90
       50
176
     1
 90
       50
176
     1
 90
       50
176
     1
290
     0
176
     1
 90
       50
176
     1
 62
   256
176
     0
 40
1.0
176
     0
 90
        2
176
     1
  1
strokes_ogs.tif
176
     1
290
     0
176
     1
 40
1.0
176
     1
 40
1.0
176
     1
  0
VISUALSTYLE
  5
1639
102
{ACAD_REACTORS
330
38
102
}
330
38
100
AcDbVisualStyle
  2
Hidden
 70
     6
177
     3
291
     0
 70
    58
 90
        1
176
     1
 90
        2
176
     1
 90
        2
176
     1
 90
        0
176
     1
 40
0.6
176
     1
 40
30.0
176
     1
 62
     7
420
 16777215
176
     1
 90
        2
176
     1
 90
        2
176
     1
 62
     7
176
     1
 62
   257
176
     1
 90
        2
176
     1
 90
        1
176
     1
 40
40.0
176
     1
 90
        0
176
     1
 62
   257
176
     1
 40
1.0
176
     1
 90
        1
176
     1
 90
        6
176
     1
 90
        2
176
     1
 62
     7
176
     1
 90
        3
176
     1
 90
        0
176
     1
 90
        0
176
     1
290
     0
176
     1
 90
        1
176
     1
 40
0.0
176
     1
 90
        0
176
     1
290
     0
176
     1
290
     1
176
     1
290
     1
176
     1
290
     0
176
     1
290
     0
176
     1
290
     0
176
     1
290
     0
176
     1
290
     0
176
     1
290
     0
176
     1
 90
       50
176
     1
 40
0.0
176
     1
 40
1.0
176
     1
 90
        0
176
     1
 62
    18
420
        0
176
     1
 90
       50
176
     1
 90
        3
176
     1
 62
     5
420
      255
176
     1
290
     0
176
     1
 90
       50
176
     1
 90
       50
176
     1
 90
       50
176
     1
290
     0
176
     1
 90
       50
176
     1
 62
   256
176
     0
 40
1.0
176
     0
 90
        2
176
     1
  1
strokes_ogs.tif
176
     1
290
     0
176
     1
 40
1.0
176
     1
 40
1.0
176
     1
  0
VISUALSTYLE
  5
1642
102
{ACAD_REACTORS
330
38
102
}
330
38
100
AcDbVisualStyle
  2
JitterOff
 70
    20
177
     3
291
     1
 70
    58
 90
        2
176
     0
 90
        2
176
     0
 90
        0
176
     0
 90
        0
176
     0
 40
0.6
176
     0
 40
30.0
176
     0
 62
     7
420
 16777215
176
     0
 90
        1
176
     0
 90
        4
176
     0
 62
     7
176
     0
 62
   257
176
     0
 90
        1
176
     0
 90
        1
176
     0
 40
1.0
176
     0
 90
       10
176
     2
 62
     7
176
     0
 40
1.0
176
     0
 90
        1
176
     0
 90
        6
176
     0
 90
        2
176
     0
 62
     7
176
     0
 90
        5
176
     0
 90
        0
176
     0
 90
        0
176
     0
290
     0
176
     0
 90
        1
176
     0
 40
0.0
176
     0
 90
        0
176
     0
290
     0
176
     0
290
     1
176
     0
290
     1
176
     0
290
     0
176
     0
290
     0
176
     0
290
     0
176
     0
290
     0
176
     0
290
     0
176
     0
290
     0
176
     0
 90
       50
176
     0
 40
0.0
176
     0
 40
1.0
176
     0
 90
        0
176
     0
 62
    18
420
        0
176
     0
 90
       50
176
     0
 90
        3
176
     0
 62
     5
420
      255
176
     0
290
     0
176
     0
 90
       50
176
     0
 90
       50
176
     0
 90
       50
176
     0
290
     0
176
     0
 90
       50
176
     0
 62
   256
176
     0
 40
1.0
176
     0
 90
        2
176
     0
  1
strokes_ogs.tif
176
     0
290
     0
176
     0
 40
1.0
176
     0
 40
1.0
176
     0
  0
VISUALSTYLE
  5
163F
102
{ACAD_REACTORS
330
38
102
}
330
38
100
AcDbVisualStyle
  2
Linepattern
 70
    14
177
     3
291
     1
 70
    58
 90
        2
176
     1
 90
        2
176
     1
 90
        0
176
     1
 90
        0
176
     1
 40
0.6
176
     1
 40
30.0
176
     1
 62
     7
420
 16777215
176
     1
 90
        1
176
     1
 90
        4
176
     1
 62
     7
176
     1
 62
   257
176
     1
 90
        7
176
     1
 90
        7
176
     1
 40
1.0
176
     1
 90
        8
176
     1
 62
     7
176
     1
 40
1.0
176
     1
 90
        1
176
     1
 90
        6
176
     1
 90
        2
176
     1
 62
     7
176
     1
 90
        5
176
     1
 90
        0
176
     1
 90
        0
176
     1
290
     0
176
     1
 90
        1
176
     1
 40
0.0
176
     1
 90
        0
176
     1
290
     0
176
     1
290
     1
176
     1
290
     1
176
     1
290
     0
176
     1
290
     0
176
     1
290
     0
176
     1
290
     0
176
     1
290
     0
176
     1
290
     0
176
     1
 90
       50
176
     1
 40
0.0
176
     1
 40
1.0
176
     1
 90
        0
176
     1
 62
    18
420
        0
176
     1
 90
       50
176
     1
 90
        3
176
     1
 62
     5
420
      255
176
     1
290
     0
176
     1
 90
       50
176
     1
 90
       50
176
     1
 90
       50
176
     1
290
     0
176
     1
 90
       50
176
     1
 62
   256
176
     0
 40
1.0
176
     0
 90
        2
176
     1
  1
strokes_ogs.tif
176
     1
290
     0
176
     1
 40
1.0
176
     1
 40
1.0
176
     1
  0
VISUALSTYLE
  5
1643
102
{ACAD_REACTORS
330
38
102
}
330
38
100
AcDbVisualStyle
  2
OverhangOff
 70
    21
177
     3
291
     1
 70
    58
 90
        2
176
     0
 90
        2
176
     0
 90
        0
176
     0
 90
        0
176
     0
 40
0.6
176
     0
 40
30.0
176
     0
 62
     7
420
 16777215
176
     0
 90
        1
176
     0
 90
        4
176
     0
 62
     7
176
     0
 62
   257
176
     0
 90
        1
176
     0
 90
        1
176
     0
 40
1.0
176
     0
 90
        9
176
     2
 62
     7
176
     0
 40
1.0
176
     0
 90
        1
176
     0
 90
        6
176
     0
 90
        2
176
     0
 62
     7
176
     0
 90
        5
176
     0
 90
        0
176
     0
 90
        0
176
     0
290
     0
176
     0
 90
        1
176
     0
 40
0.0
176
     0
 90
        0
176
     0
290
     0
176
     0
290
     1
176
     0
290
     1
176
     0
290
     0
176
     0
290
     0
176
     0
290
     0
176
     0
290
     0
176
     0
290
     0
176
     0
290
     0
176
     0
 90
       50
176
     0
 40
0.0
176
     0
 40
1.0
176
     0
 90
        0
176
     0
 62
    18
420
        0
176
     0
 90
       50
176
     0
 90
        3
176
     0
 62
     5
420
      255
176
     0
290
     0
176
     0
 90
       50
176
     0
 90
       50
176
     0
 90
       50
176
     0
290
     0
176
     0
 90
       50
176
     0
 62
   256
176
     0
 40
1.0
176
     0
 90
        2
176
     0
  1
strokes_ogs.tif
176
     0
290
     0
176
     0
 40
1.0
176
     0
 40
1.0
176
     0
  0
VISUALSTYLE
  5
39
102
{ACAD_REACTORS
330
38
102
}
330
38
100
AcDbVisualStyle
  2

 70
     8
177
     3
291
     0
 70
    58
 90
        2
176
     1
 90
        3
176
     1
 90
        0
176
     1
 90
        2
176
     1
 40
0.6
176
     1
 40
30.0
176
     1
 62
     7
420
 16777215
176
     1
 90
        0
176
     1
 90
        0
176
     1
 62
     7
176
     1
 62
   257
176
     1
 90
        1
176
     1
 90
        1
176
     1
 40
1.0
176
     1
 90
        8
176
     1
 62
   257
176
     1
 40
1.0
176
     1
 90
        1
176
     1
 90
        6
176
     1
 90
        2
176
     1
 62
     7
176
     1
 90
        3
176
     1
 90
        0
176
     1
 90
        0
176
     1
290
     0
176
     1
 90
       13
176
     1
 40
0.0
176
     1
 90
        0
176
     1
290
     0
176
     1
290
     1
176
     1
290
     1
176
     1
290
     0
176
     1
290
     0
176
     1
290
     0
176
     1
290
     0
176
     1
290
     0
176
     1
290
     0
176
     1
 90
       50
176
     1
 40
0.0
176
     1
 40
1.0
176
     1
 90
        0
176
     1
 62
    18
420
        0
176
     1
 90
       50
176
     1
 90
        3
176
     1
 62
     5
420
      255
176
     1
290
     0
176
     1
 90
       50
176
     1
 90
       50
176
     1
 90
       50
176
     1
290
     0
176
     1
 90
       50
176
     1
 62
   256
176
     0
 40
1.0
176
     0
 90
        2
176
     1
  1
strokes_ogs.tif
176
     1
290
     0
176
     1
 40
1.0
176
     1
 40
1.0
176
     1
  0
VISUALSTYLE
  5
1649
102
{ACAD_REACTORS
330
38
102
}
330
38
100
AcDbVisualStyle
  2
Shaded
 70
    27
177
     3
291
     0
 70
    58
 90
        2
176
     1
 90
        2
176
     1
 90
        1
176
     1
 90
        2
176
     1
 40
0.6
176
     1
 40
30.0
176
     1
 62
     7
420
 16777215
176
     1
 90
        0
176
     1
 90
        4
176
     1
 62
     7
176
     1
 62
   257
176
     1
 90
        1
176
     1
 90
        1
176
     1
 40
1.0
176
     1
 90
        8
176
     1
 62
   257
176
     1
 40
1.0
176
     1
 90
        1
176
     1
 90
        6
176
     1
 90
        2
176
     1
 62
     8
420
  7895160
176
     1
 90
        3
176
     1
 90
        0
176
     1
 90
        0
176
     1
290
     0
176
     1
 90
        5
176
     1
 40
0.0
176
     1
 90
        0
176
     1
290
     0
176
     1
290
     1
176
     1
290
     1
176
     1
290
     0
176
     1
290
     0
176
     1
290
     0
176
     1
290
     0
176
     1
290
     0
176
     1
290
     0
176
     1
 90
       50
176
     1
 40
0.0
176
     1
 40
1.0
176
     1
 90
        0
176
     1
 62
    18
420
        0
176
     1
 90
       50
176
     1
 90
        3
176
     1
 62
     5
420
      255
176
     1
290
     0
176
     1
 90
       50
176
     1
 90
       50
176
     1
 90
       50
176
     1
290
     0
176
     1
 90
       50
176
     1
 62
   256
176
     0
 40
1.0
176
     0
 90
        2
176
     1
  1
strokes_ogs.tif
176
     1
290
     0
176
     1
 40
1.0
176
     1
 40
1.0
176
     1
  0
VISUALSTYLE
  5
1648
102
{ACAD_REACTORS
330
38
102
}
330
38
100
AcDbVisualStyle
  2
Shaded with edges
 70
    26
177
     3
291
     0
 70
    58
 90
        2
176
     1
 90
        2
176
     1
 90
        1
176
     1
 90
        2
176
     1
 40
0.6
176
     1
 40
30.0
176
     1
 62
     7
420
 16777215
176
     1
 90
        1
176
     1
 90
       10
176
     1
 62
     7
176
     1
 62
   257
176
     1
 90
        2
176
     1
 90
        1
176
     1
 40
1.0
176
     1
 90
        8
176
     1
 62
   257
176
     1
 40
1.0
176
     1
 90
        1
176
     1
 90
        6
176
     1
 90
        2
176
     1
 62
     7
176
     1
 90
        3
176
     1
 90
        0
176
     1
 90
        0
176
     1
290
     0
176
     1
 90
        5
176
     1
 40
0.0
176
     1
 90
        0
176
     1
290
     0
176
     1
290
     1
176
     1
290
     1
176
     1
290
     0
176
     1
290
     0
176
     1
290
     0
176
     1
290
     0
176
     1
290
     0
176
     1
290
     0
176
     1
 90
       50
176
     1
 40
0.0
176
     1
 40
1.0
176
     1
 90
        0
176
     1
 62
    18
420
        0
176
     1
 90
       50
176
     1
 90
        3
176
     1
 62
     5
420
      255
176
     1
290
     0
176
     1
 90
       50
176
     1
 90
       50
176
     1
 90
       50
176
     1
290
     0
176
     1
 90
       50
176
     1
 62
   256
176
     0
 40
1.0
176
     0
 90
        2
176
     1
  1
strokes_ogs.tif
176
     1
290
     0
176
     1
 40
1.0
176
     1
 40
1.0
176
     1
  0
VISUALSTYLE
  5
1645
102
{ACAD_REACTORS
330
38
102
}
330
38
100
AcDbVisualStyle
  2
Shades of Gray
 70
    23
177
     3
291
     0
 70
    58
 90
        2
176
     1
 90
        2
176
     1
 90
        3
176
     1
 90
        0
176
     1
 40
0.6
176
     1
 40
30.0
176
     1
 62
     7
420
 16777215
176
     1
 90
        2
176
     1
 90
        2
176
     1
 62
     7
176
     1
 62
     7
176
     1
 90
        1
176
     1
 90
        1
176
     1
 40
40.0
176
     1
 90
        8
176
     1
 62
     7
176
     1
 40
1.0
176
     1
 90
        1
176
     1
 90
        6
176
     1
 90
        2
176
     1
 62
     7
176
     1
 90
        3
176
     1
 90
        0
176
     1
 90
        0
176
     1
290
     0
176
     1
 90
        1
176
     1
 40
0.0
176
     1
 90
        0
176
     1
290
     0
176
     1
290
     1
176
     1
290
     1
176
     1
290
     0
176
     1
290
     0
176
     1
290
     0
176
     1
290
     0
176
     1
290
     0
176
     1
290
     0
176
     1
 90
       50
176
     1
 40
0.0
176
     1
 40
1.0
176
     1
 90
        0
176
     1
 62
    18
420
        0
176
     1
 90
       50
176
     1
 90
        3
176
     1
 62
     5
420
      255
176
     1
290
     0
176
     1
 90
       50
176
     1
 90
       50
176
     1
 90
       50
176
     1
290
     0
176
     1
 90
       50
176
     1
 62
   256
176
     0
 40
1.0
176
     0
 90
        2
176
     1
  1
strokes_ogs.tif
176
     1
290
     0
176
     1
 40
1.0
176
     1
 40
1.0
176
     1
  0
VISUALSTYLE
  5
1646
102
{ACAD_REACTORS
330
38
102
}
330
38
100
AcDbVisualStyle
  2
Sketchy
 70
    24
177
     3
291
     0
 70
    58
 90
        1
176
     1
 90
        2
176
     1
 90
        2
176
     1
 90
        0
176
     1
 40
0.6
176
     1
 40
30.0
176
     1
 62
     7
420
 16777215
176
     1
 90
        2
176
     1
 90
        2
176
     1
 62
     7
176
     1
 62
     7
176
     1
 90
        1
176
     1
 90
        1
176
     1
 40
40.0
176
     1
 90
       11
176
     1
 62
     7
176
     1
 40
1.0
176
     1
 90
        1
176
     1
 90
        6
176
     1
 90
        2
176
     1
 62
     7
176
     1
 90
        6
176
     1
 90
        0
176
     1
 90
        0
176
     1
290
     0
176
     1
 90
        1
176
     1
 40
0.0
176
     1
 90
        0
176
     1
290
     0
176
     1
290
     1
176
     1
290
     1
176
     1
290
     0
176
     1
290
     0
176
     1
290
     0
176
     1
290
     0
176
     1
290
     0
176
     1
290
     0
176
     1
 90
       50
176
     1
 40
0.0
176
     1
 40
1.0
176
     1
 90
        0
176
     1
 62
    18
420
        0
176
     1
 90
       50
176
     1
 90
        3
176
     1
 62
     5
420
      255
176
     1
290
     0
176
     1
 90
       50
176
     1
 90
       50
176
     1
 90
       50
176
     1
290
     0
176
     1
 90
       50
176
     1
 62
   256
176
     0
 40
1.0
176
     0
 90
        2
176
     1
  1
strokes_ogs.tif
176
     1
290
     0
176
     1
 40
1.0
176
     1
 40
1.0
176
     1
  0
VISUALSTYLE
  5
163E
102
{ACAD_REACTORS
330
38
102
}
330
38
100
AcDbVisualStyle
  2
Thicken
 70
    13
177
     3
291
     1
 70
    58
 90
        2
176
     1
 90
        2
176
     1
 90
        0
176
     1
 90
        0
176
     1
 40
0.6
176
     1
 40
30.0
176
     1
 62
     7
420
 16777215
176
     1
 90
        1
176
     1
 90
        4
176
     1
 62
     7
176
     1
 62
   257
176
     1
 90
        1
176
     1
 90
        1
176
     1
 40
1.0
176
     1
 90
       12
176
     1
 62
     7
176
     1
 40
1.0
176
     1
 90
        1
176
     1
 90
        6
176
     1
 90
        2
176
     1
 62
     7
176
     1
 90
        5
176
     1
 90
        0
176
     1
 90
        0
176
     1
290
     0
176
     1
 90
        1
176
     1
 40
0.0
176
     1
 90
        0
176
     1
290
     0
176
     1
290
     1
176
     1
290
     1
176
     1
290
     0
176
     1
290
     0
176
     1
290
     0
176
     1
290
     0
176
     1
290
     0
176
     1
290
     0
176
     1
 90
       50
176
     1
 40
0.0
176
     1
 40
1.0
176
     1
 90
        0
176
     1
 62
    18
420
        0
176
     1
 90
       50
176
     1
 90
        3
176
     1
 62
     5
420
      255
176
     1
290
     0
176
     1
 90
       50
176
     1
 90
       50
176
     1
 90
       50
176
     1
290
     0
176
     1
 90
       50
176
     1
 62
   256
176
     0
 40
1.0
176
     0
 90
        2
176
     1
  1
strokes_ogs.tif
176
     1
290
     0
176
     1
 40
1.0
176
     1
 40
1.0
176
     1
  0
VISUALSTYLE
  5
3A
102
{ACAD_REACTORS
330
38
102
}
330
38
100
AcDbVisualStyle
  2

 70
     5
177
     3
291
     0
 70
    58
 90
        0
176
     1
 90
        2
176
     1
 90
        0
176
     1
 90
        0
176
     1
 40
0.6
176
     1
 40
30.0
176
     1
 62
     7
420
 16777215
176
     1
 90
        1
176
     1
 90
        4
176
     1
 62
     7
176
     1
 62
   257
176
     1
 90
        1
176
     1
 90
        1
176
     1
 40
1.0
176
     1
 90
        0
176
     1
 62
   257
176
     1
 40
1.0
176
     1
 90
        1
176
     1
 90
        6
176
     1
 90
        2
176
     1
 62
     7
176
     1
 90
        3
176
     1
 90
        0
176
     1
 90
        0
176
     1
290
     0
176
     1
 90
        1
176
     1
 40
0.0
176
     1
 90
        0
176
     1
290
     0
176
     1
290
     1
176
     1
290
     1
176
     1
290
     0
176
     1
290
     0
176
     1
290
     0
176
     1
290
     0
176
     1
290
     0
176
     1
290
     0
176
     1
 90
       50
176
     1
 40
0.0
176
     1
 40
1.0
176
     1
 90
        0
176
     1
 62
    18
420
        0
176
     1
 90
       50
176
     1
 90
        3
176
     1
 62
     5
420
      255
176
     1
290
     0
176
     1
 90
       50
176
     1
 90
       50
176
     1
 90
       50
176
     1
290
     0
176
     1
 90
       50
176
     1
 62
   256
176
     0
 40
1.0
176
     0
 90
        2
176
     1
  1
strokes_ogs.tif
176
     1
290
     0
176
     1
 40
1.0
176
     1
 40
1.0
176
     1
  0
VISUALSTYLE
  5
1647
102
{ACAD_REACTORS
330
38
102
}
330
38
100
AcDbVisualStyle
  2
X-Ray
 70
    25
177
     3
291
     0
 70
    58
 90
        2
176
     1
 90
        2
176
     1
 90
        1
176
     1
 90
        1
176
     1
 40
0.5
176
     1
 40
30.0
176
     1
 62
     7
420
 16777215
176
     1
 90
        1
176
     1
 90
        0
176
     1
 62
     7
176
     1
 62
   257
176
     1
 90
        1
176
     1
 90
        1
176
     1
 40
1.0
176
     1
 90
        8
176
     1
 62
     7
176
     1
 40
1.0
176
     1
 90
        1
176
     1
 90
        6
176
     1
 90
        2
176
     1
 62
     7
176
     1
 90
        3
176
     1
 90
        0
176
     1
 90
        0
176
     1
290
     0
176
     1
 90
       13
176
     1
 40
0.0
176
     1
 90
        0
176
     1
290
     0
176
     1
290
     1
176
     1
290
     1
176
     1
290
     0
176
     1
290
     0
176
     1
290
     0
176
     1
290
     0
176
     1
290
     0
176
     1
290
     0
176
     1
 90
       50
176
     1
 40
0.0
176
     1
 40
1.0
176
     1
 90
        0
176
     1
 62
    18
420
        0
176
     1
 90
       50
176
     1
 90
        3
176
     1
 62
     5
420
      255
176
     1
290
     0
176
     1
 90
       50
176
     1
 90
       50
176
     1
 90
       50
176
     1
290
     0
176
     1
 90
       50
176
     1
 62
   256
176
     0
 40
1.0
176
     0
 90
        2
176
     1
  1
strokes_ogs.tif
176
     1
290
     0
176
     1
 40
1.0
176
     1
 40
1.0
176
     1
  0
DICTIONARYVAR
  5
1630
102
{ACAD_REACTORS
330
162F
102
}
330
162F
100
DictionaryVariables
280
     0
  1
1:1
  0
DICTIONARYVAR
  5
164D
102
{ACAD_REACTORS
330
162F
102
}
330
162F
100
DictionaryVariables
280
     0
  1
Standard
  0
DICTIONARYVAR
  5
164C
102
{ACAD_REACTORS
330
162F
102
}
330
162F
100
DictionaryVariables
280
     0
  1
Standard
  0
DICTIONARY
  5
D
330
C
100
AcDbDictionary
280
     1
281
     1
  3
FBXASSET
360
E
  0
DICTIONARY
  5
164F
330
164A
100
AcDbDictionary
280
     1
281
     1
  3
ACAD_ROUNDTRIP_2008_TABLESTYLE_CELLSTYLEMAP
360
1650
  0
XRECORD
  5
E
102
{ACAD_REACTORS
330
D
102
}
330
D
100
AcDbXrecord
280
     1
 70
     1
 90
1029527441
 71
     1
  1
4634FF8B-3254-4633-9A9F-4FB65D0AEE55
311
504B0304140006080800AB5C295A8BF8664913010000A80100004F00000037454438314233432D383345412D343031352D413641382D3444363736424436334446452F4173736574446174612F446566696E6974696F6E4974657261746F7250726F706572746965732E62696E75504B4EC33010352C4048B0A8C40158B075
311
9DC49F2448089CDA66C5060E80DC60DA486E52D589D876C9E9380C0700C610A40AC448CF33F3C69E799E1784D0C76810A23DC016CE13F037AE759BA6BEAF976E65D141647C37B7FE1CA24AD0D42446E199543966892871A9328D539D5559468BBCA47C1FEE1D02947BB283EF63CBDB26D4CE7BDBBA6E081320C619672BDBC3
311
2CEBA7F1D11142D16D01E8A71062A7C5B7A228F219601FD717573604D75F925CAB22ADE80C17544B1094722C852C30532217951254194DEE5CE8864DED02618232638A0AD38C330C19C5A52C0D66A6125C25526BCE49BF1CE26A4EA38C796B1B4F12324A7858B70BA0FFD8EE2E778BD79048C0EBF1F48B7E9FBCC55FFC6BBF
311
FB7C02504B0304140006080800AB5C295AA354ADEEEE000000300200004500000037454438314233432D383345412D343031352D413641382D3444363736424436334446452F4173736574446174612F496E7374616E636550726F706572746965732E62696EEB606060F80F0540260323103700495E20ED9E9A975A94991C
311
9C9C919A9BA80214303133367173B370D235363235D105F28C752D1D2DDD744DDC9CCC4C5D0C1C5D5D4D4DD9111A415A8C0D4D5C5C8D4C2D754D4D4C8C815A8C0C759DDC9C5C740DCD8D0D9CCD9C9D2D1D5D2D81CAC0F63268C6F41FFAAA71C51E483301C51A8018C607D3403E107CB087A8666010706010000B8109150704
311
1B2B0BA81102E00CACCA808270051F9881BC0620866A7D00A57980429800148E0819B821180A53763A6088A108606A0519AD81A4E6833D0B90078A2D3E200E2E4F2C49CED0752A4ACC4B494D01C904BB58FFA7050600504B0304140006080800AB5C295AB5A795FFE3790000DE7900006B00000037454438314233432D3833
311
45412D343031352D413641382D3444363736424436334446452F5265736F75726365732F34363334464638422D333235342D343633332D394139462D3446423635443041454535352F7468756D626E61696C2F302F67656E657269635F706E6701DE79218689504E470D0A1A0A0000000D4948445200000100000001000803
311
0000006BAC58540000000467414D410000B18F0BFC6105000000017352474200AECE1CE900000192504C5445818181B3B3B35A5A5A4848486060605C5C5C6464648383835E5E5E6262624E4E4EAFAFAF4A4A4AB5B5B54C4C4CB1B1B1858585B7B7B7585858ADADAD7C7C7C464646787878ABABAB747474A7A7A76868687070
311
70B9B9B96E6E6E6A6A6A8B8B8B666666545454565656A5A5A5505050A1A1A1BBBBBB8F8F8F9F9F9F4242425252527676764040403E3E3E9B9B9B7A7A7A8989897E7E7E9393939797974444448787873C3C3C727272BDBDBD3A3A3A6C6C6CA9A9A9A3A3A32020209D9D9DBFBFBF8D8D8D959595919191262626999999222222
311
2424241E1E1EC1C1C1282828C3C3C32C2C2C2A2A2A2E2E2E303030C5C5C53232321C1C1C363636383838343434C7C7C71A1A1A0E0E0E121212484A484C4E4C1616160A0A0A4A4C4A787A781414147C7E7C9193915E605E464846838583878987B1B3B18587856668665A5C5A626462818381A7A7A5A3A3A1B1B1AFADAFAD70
311
72705C5E5C9D9D9BABADAB7E817EB7B9B7585A58BBBDBB4C4C4A8D8F8D747674B5B5B3B7B7B59FA19F606260ABABA9A5A5A39B9B99A9A9A78F8F8D6C6C6AC7C7C5451AD12700002000494441547801DCBD89771BD7B5A70B8EE04C702641712605CE034890E220088028C93245451215B713AF388E7DFD9EEDB8DDCE6ABFF4
311
B57D97137BE50FEFEFDBA74049B6AEED74869B7E87404D2814EBB7F76F0F67A8835CEEBFA0E42B854AA5B2BB5B6BCC951A8D52A93657A914FE0BEEE39FFE2FF395B9B9C6CAD2D4C4606F4B7FFF8D1B37EEDCB97587F7CD9B4343BD134BABE7DB48E3FFA7A228ECD6F6574E4786C0FC8B5FFCE2CD5FFCE297BF7CF3CD5FFC92
311
B52FFE58BFF9E69B776E0EF5F79E55CBBBF9FC3F5D3DFFB07F5898ABAF7CDA3B74E74EC0CE20230561BF096E97E05712BFFCC59BC80539DCE83DDD6E54FE61B7747DE17FB8980BBBFB2BBD4337DF487881AAE6C5ACC6AF25207877B2B527BFF1CB3B77FA47561ABBD7F7FA7FE146A5B6BD74E3164C7F51449AE95DB412200E
311
C539418717E7F2F11B376FF62E95FEAF1442BED0581DBCA1BD2780D23F506AFA16E1A7AD974EF17876F00DD7BCB187A1A97AE51FCED5BF2BC1F2BBE5B3C19BE27B43CF26DE00933658FE129B109C2FFF922CC22C4260FA01BEFB462A77DEBC35F42F600C3F5B0795D2E9E02DAD5E650B4438A92801B65C35CBAB7B1EE5041C
311
E69D3B6F1822DFB873EBD6AD3B6FBC71EBC6C86AE967DFC2DFA4CEBFF1BF54F6276EBC114E2F43FEC60B01A0D440A868B2920E5C4BC10D60931ADCB871F3268B21D3851B08E1D6AD9BFD4BF57F7577909FAB86F29B982571136AF01DF5FE32AC3BD9406CAAF2440A54CF176EDD01FBADA1FEFEFE21FE4C9858DFF4183458A9
311
FD2B6708A5A5A137E0EE1D11A9EC0C7C58B2C73C0AD6B479BD76B7790CF899E287FA5B06FB7B07C9195B7851FA8794031EF1FC5F9406BBFB23375420286399B631E93B08022A785C4DBF9996EC3551874094D71B6F487E80F6837E50F483BDBDBD83232323AC420A18C68DA196EDDADF68A77F938F78FD972BABBDB7B87FB1
311
64AC6FC2CB760365821ACB74AED44FFAD7E7431ECD7E08AC421F391D199998989A383D9D98E8E56F84A318C58D9BFD2DAB73FF5222C8EFAEF4DE7AF30D756E5108683DA471E70D0502099A7240F19E4089D3FD203E620F1B47BF43501E85031AE44B4B9F2E4D2D9D4D51D8970983FA861B3706FF950CA170DE82F6B312CC4F
311
42C8966295F7D725ED29882415DC055F36DEA1FE96FEC141493F05FAA9A9A5A595B333DED5B3D5A533F62183323032F46EFF13EA0AAFA5FBF7C8976F8C10F7280A014832593B90004D52341980D907EAEB73411EB2F1EBC9F507F92746C40E7AE0AFAE54292BAB2BAB67CAE0746264A277B06508168C94BF772BE9765F7BF0
311
B548FE1E07F3B5A521340A5CB5297C4B12811B89E82191ECF3E41B3259C529F135E23CF4C7F961FB13537F5A02ECCAEA76B5BA5D3D3FDF3F2FEFEFB3AA22053E5008833428DC6C59FA2F770595F311F235D427F379BB8A121BD901B96076A388DC4C3C61C7933CCCD770FF375A6E0CE9F535FE2534BF5ADD3E3FAFD71BF57A
311
A951B6D4CFEBFB8864758A26154430080B06ABFF557610ECC93726224F155D1471041E0D42F82F4891C926C1355B0831649FF365F46FF05300A7A790BD8ADEEB0D4AA9569A9BDBADCCD56AA55AE377F5F3F3EA2A34983A1DE91D810543138D7F28E57FF4E2B5335A3928B76EA1CB9B00BF158C8F63A2E788826896D0B5E7C4
311
61949ECE089144F8EBEFC7FB4D8C9C4E9DAD60F7FBE572B416C2F2423ECF8B86C439E450DA970634ACFDA977629098D0B2FAF313A36B3869E37AF7853378CDA1171FBEBA95DF1E44FD5144A420588641B0055A79ED91CC0DC41E27064512FB33F1F04D09D0D2DF0203A646A6CECE80DF28356A348CED8C4F1EF137B9319E1B
311
CD29867CA556AA97F7B757567006A447FD375A26CAAFDED9CFDCFB2BB0BEEE8AA5911BC2C7F85DF88A3775389990AA72219D582409210F85A4E66F2987D875C30848023088FDF77E87F96FD7CBA5B9DCCEF4F4C9FC7C676777577B7B7B67E7ECCCE4E8DEE85E81A6D55AA3BC7FBEB242589CE8ED4770E785D7DDE23FF2587E
311
BF57F50B9E820527316488E5C32D50F979BCA58207297E2B6D658702FFCD211840FE43FC9F3A5BAD9E97E6F21B9FCF16BBBB3A3A5A175B5B1787875B5B3B86DFEFFC687A72674F19D46A8DFDF3EACA59E405375ACE76FFA922C817CE86A89BDD92F400F2C55B7462F610459837D3A61ACF50C7471C8F2F2A9D38C3DA2F0680
311
07F80EFCDBFBE5DCC674B1D83EBCBEB8BCBCBC3ED0D3D333D0B3DE33BCBEB0D8DA35FBF9F8CECE68AE020BCE61C112A4C1138CD47F9AD13F7DC6AB9CF9CFCFAF9D0E01FFE6CD503F5B91C5218E2899CA15098714848B04FCE5654884ABF0E554F11F6C21D73D5D5AADD64B7B9327DDAD8B0B7D7D6D6D07070763BC0F3E38E8
311
EB4310EBEB8BC3DDB347E3E37B5842B97C4E44A0C630427E5CFDFB71E03F471E12CA9FF70E055AE141042DD81234B879EB4606361D9328149037D7D76A571A7E974FA20AD0323832713AB5BA7ABE3B3E3D3FBC30307070B0B9B645D93C3CDC3CDCA41CFC6AAC2D64D0D579B4B1B397A7C1BDBEBD7D36657A3CD4B2F44F4909
311
F2B9CA597F4245C59DEC354316F0587020D0C661742BC02869435FD12CF195C422DB3C5A3E2305C000CE6B7B27ED8B7D63079B5B5B878787C787C7C7C757C76C51B60ED60EDAFA06D67B965B3B672677080BB5329E60E9B477847AE2E9EB53E35779FD37EFCD2D0DDD68AA355B6B0D81860502B8B68C801F5C697E9AD62F4B
311
406244CB975560BAC756AAA577675B07C6D03778C17E7C95CAF1B3ABABE3E3ADADE3CDB1B1B6B681014470343EBA979F8B90383545727C63E43549D14FD0F927E5F1FDEFD7263058FE02EBCD1BDCBCA053496BD58E69BC44F9F854D4D979AE9ADB908824382AC1D4014E9756EAF9CE85B6B54DB01F02F8EA5908E0D9D5F1B3
311
E72188C3C3AB67879B07C8A0A767B8B831FE5E7EB754DEAE5261460243FFF07858D8EF0D658BDC563A2C5EF5833C13C90B69248C4DD97842B61DFA7F210A2F6108A0F96B62E2D3B3F3DD939EA47E30ABF5AB2B903F4BE5F9B36757CF65021E616DAC6F60A1FB647274B4B05B2E5341B082D43278F67D8DFDA48AFF9A13F22B
311
34C7586C9992BA6E66CABC190E313E7C811AA57304B421A75B289B9D174CC868C24548823E230B9A5A2DCD2CAFE1F98E61C015CA7E96B083FC59F3ED06EE60F360B3AD6F79787ED278D0A86FAFE00BA9220EAEFE1D5DE1F7855939C3FCC1332426B377F692406E022C010DB437EF009803F0DCFD3B7C94440571D8F2C328F1
311
15F47FD324802070BAB43FBA80EFDB92FCA1F7E7CF9FA875CBB327CF9EB08C4DE4815BC4210E2CB7CF1CEDECEDCED5B757490968286899FAF95583BF46F9393CEE6A86D6F618CAAD9BFF0BE22B042412C5CFB50556815CC5BBE33E9F61ECEC26A9BCB8145FD10590078F9C9E953B513FAE1FE387FAC246E14F9E3CE7F5F819
311
4BD6594140876B6B84C5D6799C61A16434201E5237582AFD75C07EEED9863F463284E2E13425A036BD41061259289B6BDC1ED656FC8B8592C9D00701E27CEA749F0D8EF44EAD8C1F80FFF8F8F9D513191F6803384C800097F24069C407CFAE88136B7DCB3D5D4A60B711F19070D83235F77331FD35E715966889038E2E0B34
311
6EAB7936C4162043E1A1F144093695443A570144898BC4079CEF1912809A3035A1D3F361235F90FFF1E3E0FB93C7E2750719F88E7D8E68123883ADB5B18185AE99F1D11C1238A792DC4BEDE8EC6FF503DF377E0445F68FAF4E08D43082D02170F30131A154206CC559A8D9CFDD762B31273E4947A581E0D9BB71E33FFA07CD
311
02CE2A6BE1EC80167497F2A81CFA3F7EFE58D0CF5D5D170DE4F89070B0BC4040CC17BEAC6B0586C3D3FF0309BC06F44B04A1E13729929B4DF73C44070692C810B08AC3012E8EE9EAE22067796288C193B2139B970B86F47FAD0F98382B1E035D9C32FD318A4FAFCB274F2E1FA772F94411B0CD42493C23393A685B5FEF3E1A
311
CF554AF5F3552A478383374E6B2FDDFC4F6DFE38F4F4ED7A7FE838F488EA852482F412D3CB07E293D02C9F074F12E84C5AAC423271450572A385449844706475FD38DC3C22486A0639E5F1E38B0CFE93CB4B25910EF309A2224BD8DAD40C682C28341AD69047E8539A6AFC14EC573F7FAD10AE0FE6EB13E87B28E093B513B5
311
803514DE408809BC12A14876DE0A25F643009E9176D9F0C330164285A7444DC8CAF0E9FE41429EE0A2F6A6DE91C0856C501272404A8468822E24C807030B1D33D40D4AFBDBABB411D093D88C86D7205E05FC57EDD1F805FA4CED5920F0CED39157E007CE21757C5DE440ECBCB46CD283E378029B43FB077B4F47E60E9F61E8
311
D01BE017D7E843EB49F50A2028F1E442FCC90C9EE308E4C0C2C94EAE30B75FAD3A0EAFA57FE9EF960F14BE15638840EAF3BA490BB6850EDB38EECAFD21A0C746D0C4234DBD035EFC7EDD121FA585FAB73DB89FE6A03CF833AB0730E5E2F1A36CE3F202A128934B44E396961121E1F2C9F32BFCC0C140CFE22C1CA8E109B182
311
919696BFB98120234F61B59F7BF46EC30CF067B21A33B0FB3E402448EE266CCD93135A8E823DB31F85E677434E608F53F8100BC0098EA2FD6BC01770E0F2F2D1E5452A711C4BB8486248FAD756D852026B6DC90A2AA5C6B69E9068B8F27AFABFFEE8AB36F1D23985D5960014FD711940800B560250D2272CC54FF1D3A660B2
311
75AC3881E349689C1616E1E9044129D032313509DE4700BC867C71F128C400159407C761022BA8A040F40A244788808C60B3AD67A17576279F6F946923191921B0545FC2F12AC0EFEFBD7262B6935679FC7F80629160ABFAEC88E8430E76D82A8DE62ACE50BD4A42FBF03B387B37FD321B37E31C3F063D99703F5160E6C9E5
311
A300CF32A91E0A085A29C0FC507F6C21012303C6104B82C1F1E156DB3229D1A855A32A8352C9077AF733A0AFE0FB3EF81FDF2F0F82C21B0EB06998866878B103305E31EC17F4FD43831E570A2118D1667632D4FFFFB125782F96168A833DBE78C3F11F8383A79D49F58F1E3DBC780417AE6581381E8610604888E2913E1249
311
2881274822C221AD04CB0B1D273B8542837460898C686864FF6F801E8269F40AD0481DFAF5E6E9C1F3BE391C325004DF0746A4E4448F7B52C0D5EAD39EC46896B888C4210D68E99DFA2820DF7FF850EC407EB55C3EBC5028611409BFCB8889C90F1C52355AEF98B18100094C9D0EF6F64FD47E5CBF3FF5293DDFB4B50DDD54
311
F351446FA1F14580DC3902C085F593CB24ACC917B213BBC11B3F0A61042FD8B24F4FB9C4556D0CB9E1A880DE89934CE9607F18F81FDD950DD0E1D143F41D56110E227C250621FF098838042BC85B5B6BCBCBC31DD37B34966E9FFD9936A2FEFEA9EBA4182E5CD3E17AE35501FCE0707E5525A7DBC64DFD077825BE37CE0BBE
311
1BBEC061410C660B6E49912665E2B3749C7C9F93834022F74CDE6CA5EB501D9CBC04B768292C5CCB84478F3CA83074092C6082169015E5800D5839DC6C1B58EFE83ECA513BDE3EFB8EF1242D2D4B3FD55AFE03D42F8492AF8A3F21444FA2FA9ABBF525EAF84C09F0168527B0138A85D1EC0443C467B28BF844EAF76323BE13
311
D7C11F72FED783837B970FEFDE7D7817E077C17EF7E2A1C2C0FE851FE4C008388C15E818958746129E1009D054B67530D6B3D8DA3D59D82D9D57CF70039FF50FFE0DE94089DB269C3655A4F25B38C49D0BD48E59F1526887C18FC5272197F85CA72862A593A4843CD25F920487DDF7AA0441A2C0600D062001F103FCEEA3D8
311
560CEC3EBACB01CAE5A51E420349F602191E5F901893142381351CE17047E764BE50DEAF9E4D8C38B6ECFFACEB141E54A6865A88A60133EE9CBB4C256930B0B168C1C3AB59FE1743FB422C7166082E934AFA5EFA3E4BCE0B69362FA7041818B7FDECE1DDFB4D022007CA23E521F0700AAEB5888BBBF08023E128B404538154
311
2FA256B0D04E28A0C3804E233A1BFB476A2F48FD135BAF9843BEDA3264EB42BA499601F16B566E72C7EA35908ABCB9176BBED43204C696AFD3D7B24B08D3AFA44BE243D88A6D9D0B6562B52F741E1610C0EFBBAF2B0829289A640EC4C8A4FF66A24430786CEBE1E1E61AF9507BFB496EAEB64F8F49B4129EBDEC065EC1F8A3
311
F228A3CD0950883B41BEC6D1944AE06147289600A7726313AC69A3F91197F1438BCB743E76F01F6EF1D1C854071670FFFE43FF1EDED702EE5A14C85D0C42DF90B86068800659AC88981855E3E774A71C0CAC2F76754EE7CC87C808D1E1E0F6CF47FD4224731337BE1E39C5010823EE997B1491BBD99FC8D8EF77482BEB5EB2
311
CF66499A8E0F7511B19B3EFBDACB6507BC78731B1B383D02FFDD7BE8DD9256F7D0BA7B46015941097B80018F700FFA024CC08078F51806100ADBFA163ABA8A3B95B9D2F92AC30BC908ED31FABE0CBEBFFF0279B675868F9AA24E9530B08C174055B7F48E4F58002F3E82F0BDFA003E8B431EB6C4A91E4D9B5FFB791265BA88
311
27BBE5F1BCFA7F789F72F75EC800F8AE43FFAEC42F13009FB905A9A0132015D0068ED7682AC608BA6771038DEDB3B33082891FAB1ABF5614F93238079726B833958796B845B731FCB86316713C1DC581B1E19B424EE32674093F80776F7E27C6FBFAC85C536CD955B96EDA2A3FBF770FF4BE11845470EB3E42D022000E0FE0
311
7D161811020742162444668308801E133A4C163BE68F6826A5523071CA78B2FED51F28F8C70FE4190073A3E5D3259D7A288CD19BDE623F10021BAB0C6E327FD507B2741627727EA00D31856492F9F009D7F152D930704E642795C1C1B336E0DEBB7F0FDCB79318543B25341F36802D64A981A690B94259607DE0B19D466BF8
311
C1C5E1CEF9A3FC5C639FD6117B4BAEAB453F8EFBDA500A67E8BAF76C8A06566E36EE1184E8329419161F83D843D5DE7D8221163E145F56921C3EE383978072129E290A9B7166E63D26BAB1FCDBF710009E4051842390031845F20077CD079407C575F20364C4910ED2A574BC357630B0BCD8DE39335EB175646A698458F6A3
311
46F003A93002E846FFE0C459B8006E506D79BF902908A0AA05CB5E73530E33BA1D3C2EF99C712B7C8B41DF4D2A7830BE8707485FCFAEEB85A09AB6D39BBF7B4F23E00509C20DB04E240822A4B810E04D8D53D10D504C059ED86BB8697F514777717A8F8144D48A4C89077F7EDB00E2D89DC02A7B975640A282C49A4AA84B70
311
B12BFED8EA6584860DFB7EE23FCB00C6BAF7332FF259FA3C9346508813E372F1DDE425065BB61FDF8300F7EEDDBE8D0C6EDF46F7D8823478590AE23759D60DA6B7A9F125EDE8F4A5D2B37470D0B63C30DCDE3D3D59A8D1501EB1B0A5377517BDD6E301F995E3F955F0F58FAC2E81CE172A8344AC03DC6781939D2484B8FFC1
311
5E8F3ACCD3954CE19576B942D0A029188EC7013FE59AE90B71292DE774F1F63D60230180B30A2EDC65291B6211B4081128856001A680015CE000708254891851D4B3BED0FA4D7166B466BFF1D2A924885AD12B387FC0FCE6819AC3AE06A7AA4B715F0927B74D119D4A668FB54B8A8C268D8B038A207D10A7B1E95E42195B69
311
5BE0240F7408B311257C23F581E987C180140C584A02B1670CB817CEC0A080F259F1360E58452013200E3EC107AC1DF4FD7B0F6D23F33347F9527D9F51E6138E31AF35F1BDAAEEEBA3D71BB402E2FB47CECEE96B4DB85536772B07C82A34F3E66D0BCEC207FEB9E70643761276F7B50D5EE963CFF80C7AF4A2130F5BF8C4EB
311
FB5F07B709840480DBD8007FB7EF3F90104908BA457D43AA2A6A02C91422285E5AAC143F3313A0CB74D9D164933B86C25587134E8D342B453FC982860D09FD13ABE72055ED020E85D3E312F74C25CB0293D978A1C4001927C80B86FD06349126EC219F0C735C8053D8F5F310817EA01F1B7851F406144C211C6362C27DD51F
311
1E310C0102280ADB891E9B085CC528A2B1369A46BA195B9A2B351862CE43174BA73FB7CBB430A5798F4C54B7333B96C3224A9863AD02B9FBD8E63092191924E77C199D92887DA594B6DCF0112857162FD0949FE6A441F5E62E42FB2105BC405A2301A3424601DC807912CB2C39C604A27908021CDA30C4C8C2019A883B3A8B
311
D393BB3546136EAF561980FB63E9E035FF73B96D09A905ACB2C11D79571C5159026227DDBDB81396EB03F14100BEB66DE1FA9EF82C3ECCBE318119C4269FD014E66361FC8BB0B4EA9A98EF3D8848A01360430284335004C183CC25BCA82D2302EB03B8419241C64DF4F5ADAF77B533BE786334BFCBB8DA72BDBEFFC36103AF
311
B30608A0B39B58D93F0BF42180841DD26BDC22CF0A770E90240006BAC65197D90920131C7B2EB3CFD3C71C6378A305EE8488FC1FF8D391E2BDDB0F6E3F45E7C8207C419800DB410073A3173942CA8D5242642A74496FF115832A6314D9FA4257577BF7FCF8F8E8CEE8DEDE5EBE76DD3CF892BA7FB8B90F629431B5525E92A1
311
5A3A4A6FEA3FDD73136172060959206591F4C927196CF645AA285CF3014630121754261C0D31E1A7E3DA2DBDB54B04703BDE3A4209F02045C4BB0F529A14BED07098A2A1CD47513DA64B512F409BC01663090796D787173B5AA141B1B39BB470EEBCF1E30F9D263ACC4D05110797CEF7B923B027F089F74D1D06F0A4D8C0CD
311
A6604023FCA45B76C5CDE0BF3845ECBE13E0C0ED73700A8A753C1AC8AEFFF1B407FC8A20F42F0D94019121DE304077A027D4112283BB8FF0072444D68AAD111D6F591BC0061854BBC048EBBE9E81F6A33A95C21BFD13AF3C7E7DCDFFEB0DE8903F77B41DF178E99C289895B0EA8CD640549D68935BA7C5294E0A1D66DA0CC4
311
19BD398E6265789CA1241441AC94532A3C19C95340BEFC68703077EFC1D307B71F3C500859C11494838E902203A2BE90EACC5135B80B078804340C920C2300BCC06F7A1C71B875DC572C9BD1D84BD5FB9363CA6BA7D03E5C40FDFC54FC23C9B4B9DDD028787D89219038523BF64E638BB37CC25335937A00DFD32869C5B390
311
C8C32FF25C8C47A7181B4A599A224A9DADB0E0406FEFF9F183B7448F081E3C55024FB33828784AB61704482CD0160C04174F9E33BA9291D58C2F1F1B1B3B5863B0D9F3E51C35C253D54A23E560E2C0CB3A6F7A81382601C2079CAE96B7B1560D20A341E85A928A4E01083256420576C2ED477E2E565FD9223BCC691CF394D3
311
D8E281501E0EE5C1C8159E92585D255CF30CC854C75318006EA4A01028EC853F9407C6053910BE105348324002260254886C156260F9189EE0F8C9A3CBAE9D5A992184568A69D5183A7DB97DB089FDC57AEE54F858FE54F577DBA85309640290F2D220952620750C5811FB772A7876D1E4040FBFC6474D51246D8B3FB37828
311
3FB514F8AB3C20B8BF7DBE5DE541C9A5D3D38DDB30E00151E02523081BC89C2214103E0BC1B3D0199A08E002681A2613A2616CEDF0F0F9C5DDC75DA395C25C0309C03DEC8091A4AFD3FEB504AAC6633930556DAC86EE3561941E862C4A75DD6B6BB3A0C59BE153DFA73EDFCBC3CE2188D3D378FC976D0EF9A95B7C8532F527
311
CE3CF539581E0FE501291E9139FFB65EFF5DBD8E0C18DE3077170A64E033FD278F18068028802F156C3809FDEB11B1019C208D020C9BA2870457F0F8E1FDC7EDD393E3B9FC9C4308E9315704233F960E554802C14716B0B45DAB5EAB5E25AB7830EBB8D25E6CA94E4AA01794FB1EE164FE9F040FE82C940A4BCEF913075D08
311
7E85A7237D3CF29C47E4E676777779528C4781761F0BFBC1D3A77880E40C9A2E5109180D5255317890394229F0F082010354082D574F1E3FBAB7D6553C2113DACB97BEB5526C7C6F69F9310A94C46CD89FF8F379AD1AA035FD00FF3F320180F01417A6F255A3A8D86319FE0C0B0E06A0DCD33F79841339C01E5BBE1911AFCF
311
F7C1E0A540BFBDBFCF2372352686D863F83F59CB6865F43104007EE06F52406F680341102048A01BB048823082CBCB0B6AC48C313F3E7CFEF8F2D1FDC3D6F6F9F9D9E98D9D7CAE5EADE2A6512FAD7AB526E17F600C85550DDE9ACFE9D97E694513103BC69F8A2813176032C890C1E9C49FC09C61670FF8705B1D7386260E7C
311
8E7122C7F8208A55139E8C8D4763F7EBF5728DF9C34677364E3A3F9AEFDEC9CD95470788834F9FBEC512379890B38C94205B2557987C4186DF5C0837608DF0F9F3CB87B7EF6E920475752A01460E556919B2B64296FB9FB70DD5F47232A0F77465BF140CD001F00ADCA175090E2665A14E6329B62660E02A1CB50C6025E3DA
311
252A670B3F0FFAA5EAD94A509FE7036B159E0D1D9F2E76B7AE1FD5A606198D3A747AF450023CBDFD162278B9446688111009B4029B0F2180AE20A542D40610C073B47FEFE1416B2B12200F3C991C2F54EC2491027A816B0A34A9D05C6F437AC23462385DADD75642EDDA738AF1600DBE07EE8437804D2D011A94DF71C2085E
311
DD40266A407FFA1D1C00B0C03927E60338E3B9D8C47D1F8CAED578E06F7CFAA4BB63B175FA7C301B747CB377F45192003CB8FD34B12009224543D8604494011A80C1903CE0518C986208E1C5FDDB8FDA161686873BBABABAE74FA637BEA894A44078C19696F326E057D7F95D061A6B0394A9D5F2DCAAFE4C2388D8A6E9AB76
311
95CB0BDD0A332430F1A9333DA41D1FFB97FA09AE84E738C75C407C260408F8DBD5EDED7DE1570A7BE333C54F16963B46AB0C2B71208EA3D16EF4EEDCD7005241166C005A73C03164792151205C007288AE337B4D7103741BDE7B7AC913350B348B2D767515674EC6F72A0402BBCB41C81305AFCF05F2758D3ECAC8D26AB976
311
06DB9581A4B7A8FFB068CD5C0604E6849046B70C2B60FF0CDDF93C13822B4E82FA0479A68220E66D9FD775FB3C1A9CDBDB9829B6AF2F77EC9E0678FB20ED8D1B1A1A39D10F9812E20D6281F5673121AACAA9C53424000DAC173F7E18C3052EEE3E78E7F1160F5AAEAFB70E0F7775CFCE4EF384DDEEBEB9C0889D5243BDF557
311
559FEDE5F17AB21E118C4C31A3DF6A96B56AC62180293910ECD6B721047664BCFCC6B2DD3C65CA0F0C823DFEF84083C7ECCDF05898EEF158F4FEF97EB9C123F1B9D1D1A3D9F9AEC5F5CEDA84A3C96C14A55584D62893D6A54D8D2028D05C8B1F124884543F3223B29D208B04910D3FC43F5C52196AEB5B5F5E58E8E82610F0
311
8C21BD443801233C0CE8BD1E40F84A1CA86001990048031ABBAB11EF83F9283EA89F181F2A0D9A9F62D94B7F625FD727E6A93F63F200F614F7CF100D4511C07DB45FC5F0CB4CA359ABE4774631FDAE85E599EA0878A3C33D5AD6430CF4C055EE5FDB80629000D7855DED3F436F3B61B3DC7FFACEFD2B1BC6FB0696312CFA47
311
7CE87A87070C7998E04FBA78AE3F915A065E819FCF35B410321D9ABB308146A11AD5196CDDD7C477A171C8AFC74B45CBC6F641AB53C8D4ADA5870C02379BC0470CF83DB55F073E29CF5CE5F7A3F8FD62EB7AEB1774C2C6780B9523F9287193FD23DDB79FBEA513B45200E2E0C1B51350163AC19043C600F2C1DBF7DEBA7BB9
311
B5457BC0D840CF325EB0BBABBB786D301437000020004944415472B491ABCCEDAFC0591201CAC8EBFACBF367FE7B6E40E69F551BBBE7123E3C00AC560CE20C62436E8C3C54CC225EE08C0D74CE26148877689EDD004FB2BFBFFFBB984035373A7954EC5EE8591FE531348654514DB1D1C56411DFA2A7C212BE5ED91278F285
311
1A432244C6822C29C85A8B320ADCBDFDD63BF71FD32648E7D098CD018BC35D7FE89E250EF2AC75F96C15271602687965C844B8807C6E7729D93F22E81D39ABD62A0820C1FE9F11CFA7208125D33E96FD69E83AF6052DD32D49FF0802CD9F9DFD39260389A950887A647CCC99BAB17132DFB5DED35138FB3A060F6295AA5E19
311
5BF0BB56495A5A4A8FA440026E46A047D40ED2520A441C302D240F201FB8F7E0EDDB0E12A04D8816215A0579E8FE1B1281E9F19C9900DE79842E2A7CCD48E9876EB01C75DBA0E0C8D44AB5512947A00BE7CF5DE9E1A6A6BE43CF1A78783DFD5A404E4477336C1ED8B18908B2A847B2AFE9839E891137A6673BBB96FBBA2A4B
311
8E9373B001F08369BA11BE8ABC4302FD2345FD6014A127068427D007BE28B41D9B0D40FFB7EE531FA673C8870A69135B1CEEE8D009C08042A5B4EDA314920B635BF941E7487E45256439DFE9D276295F87E698389CD49FB394FE19720412DEDDC40E9CE9C6DD605E0B719FADC416CB15AB3A61F9B5B9B9426E54F81D8B03DD
311
950946D432B40CEDAB7BB5AF11213CBA73C9BCCCDAFBCF06127C7980FE6D1DC9B4DF14832D6568FEAEEBA76FBF438300B541064ED33F3AC0B0D10505306FD370AED02859234402F6C3FED006766DDED2034D90D119057225EEE3DAF787EBF30EC51ACB4F551678BD6728E1944730C095F13E4D81A4DFFBF67C5BEE37E62A85
311
FCCEC6CC6C7BC77A5B477E22223ECA4FCC0F87E2A5E3EB782BDB25B8CFC6736A044DE5A7CDA604526361D650484FE283B77EFBD65D52C1C73C4F48E7D0D81ACF572F2E2280F98FB230508FA906B42DE240ED651B301CEC83DE1790C9FD96B6CBF986BECF3BD332C18EF627A0B6EECD5B152E02088D03D828AFFAD26B05BF67
311
1B4F9A09A8CE0CD2707F67F2A4B3BB75B9ADA331C1305BBAC182FB4A79820B7EEAF73199B8404C0B81231CDCBB871B80FC41FF5860E8E108222A1A076C29E6E03B6F3FBD4F1F295DC457573C7ADED636D6B7B8C88413DDF3B327E1046AA51040B40CB50C7E3F1D2E44DAD34CFA604029BFFBE714DF0C069908027EB275F1F3
311
66C132E1A7450B04011CF82B2B647CE754F650FF6E25BF37AAF65B7BDA16CAA791F1D09F6CAB989EC5AB7809BE145FA459E8D3E4B0FB47DAEF093B946FED585B80FE1A0305FD5330FEDB4FDF79FBF6BDE81D8300CF6815E5F9896552412A03F31FCDCC7CB5E32365550CD9365FDCCEC8752E943161D78047336F8AF6539840
311
A1F2E764FDA2970999F205CD2BD1F5CF496571F76EAEFA0E1CF8FD2A55FD06391F9EEF8B9DC9994E72BEBEE1FC928E2F223EBA0FBFBFB4F2DF137BC894B8087643D64ADE6EDED67F7680FAC9060239E845FC94AE93D880F994FBF71FBCF5F66F9F32C292EA900F9C1E6F1105E81C5B5F58A067A448143842008D7275EA3BBA
311
3D2516FDF02FF79260020D6B3C714711F3CFB61BFF56A826E627E82256F7400FB387FEF23C1C1E77FD6A21EBB1B2B35F2F95E7760BE1FA3ABB3A981423477517EEE36FF96F122B942F6FB64D9502BD1B9089162532A2FEFED255028FE653C9F46FA321E0B588B7DE79FBED07C44106CC85133CA65190543004D01D02D8181D
311
DDA5A9C91A7110805B7875B689FC3902200FB192E7DFD936B37B57D9C338BD49E99E181F4E5FCAB2ABC1CA7AAB382CBC7D515457CFABE6FBC63D525E5CDF74B16378B9AD6774A58531912D232DF01BAA913DFB7D3AAFF912984302B84D0500077800D26C60A4742101DE420C610C2E92FA93056022EFBCFD5BB6B38651470C
311
D33BD87630C05831BA864C85997B8754B05167F0706499DC442FCD22592AEC2ABF3FF13F950039BF159FA9B36ABDB2778EFF83F70972B83BFD3F4899E64DD8346AA495CB155A7499F2CE39B0AAE755125EB84FD8CF8D8E4F4E9FB4B72E8F1DBCCB98B31BC4607C2CFF21C8145FB48EA0F2159F86A3098415609554DEFA7B27
311
EF1301033DD06D274BAF6821D220DEF96FA4CBB60B3CA241C021D38E1AA76B4406B4767576166766A6C7F77273F5F395291BBA19F64F2E3095C14F3E60371827741CB27E89543857D6D96BF9A47C6A9A26057840332EB843717AAD171880217B71FCCC0355AED3D4819911F79D0EA8AD6DA31A83E36C5DC2D470295C011302
311
387069158F6C9966022367ECF1D00BA9BB95C389AE7B6105A1FB640689033A7FCCFFEDB762189103A61C3A4FEFE0D6A6B5A19EC5755A443AE78BC5E9235B047890A65919A0D2F96AA3C01CEE913BB3ED239C3E0CD8DDAB99E4348BF3F8B977B6C43DEBEFBD7721A839A63B94C06A10DB87FCBFA3C2932F8C26F88B6D6BB30C
311
3C4E09AFE40FAB52EFAA1EC0316920E031A46D65A0FFE45A673432E907FBCF86717AC04F2CD0EF512D665FF53F05BFCDC43489F150890C60A8E0314E70A06F619D30D841189CA15D3417F3CD50191AE4396543F0C42BCFD696C58DF163F5B46D708BD5FDDA5E5E5FDF9401BC4F7E00E8A17520833D1CBFF495B5D1CE037C66
311
4123EEE74737268B5D1D3DBFDA6AAD8C08DF2C0BC7A737E10AAB2A7B958990CEBF556CDBEE823CB09FB344143463C630CFFF585D330CF0320E921744A7918280FEEF981161008E9FBC78C830217A07B7D6985E83F9A79884ABB5AB383B4D7D788F9FB3D867A2112A43F19042B33A108690CF6F472F8661CFAC971478757F6E
311
6F2F7AEB82FEA85E5715941778B278281F28C268AB24BDB470EF3303E09C359E9DF1CF990D8A096106E6A66C8620DDE7D281DF0B2831F20439A30D68386CE13E002F7EDA8D7806162B205D6A19AA1FABFD6B1B400EC2BFFDD66FDF7E8755B4883C043F43046C1326136680404F1F934EBDDFDD39CB58A98DF1BD7880E0532E
311
671FA1435E9D6EA5E9071000BE8F262E7C4044FD95D5FD526EB40A05A634775F32205C3D779FDC168CD5E56BF982508BF572BDA4F6F57D3304BE9EB18149461B12F760D7485891CA47CFC44909136FBF4931716A2E100123FC6CCAA6A644F25EDF4AC980B14039009BECE8B798BF69A05DC5B6885CD23F8E13A46FF0C0A986
311
D617F001C52241801E87C2974C31411DA3A5D7B6175472763D637D3E57C33B908F867F4A59CFCA7923375E5F027A983E18BD7BD4E6FDDBB2250C1529F4202EFAAF979DFFB1F2612E87EBEFEC58581EDB9AA95AD1D7C1905F7305BF8182D5BBB524D47C4E3B81CD843220DE1E6536497C0962C225F75A2D6A998303B23FC501
311
F0B3F736EE1FF01200FC8C99F5515207C9C40081DF304C0A17D06E26CCBC5B3C47459308178301FA8057C2C0AE9D99B05F038828B08400F2E3251254DD7EB8BC4853B101F99AB48E387457C96951E5DB670648BAB70A7B04FE93EEC5F5B183F9739C98952C6845C380D401B8FC86E70A20744EC720E09D35955D96A9041720
311
196D183AC2CFE6AEA816652D0234883D788BEC8F5DF2615261DB031C2381092401B48D8D2D870FECEA9C3D99DDB036C8A051058030E32190976718C89F031DFBFF2EEA3D88606A8A19BD0AE305BDFD12BA4FF46F1A0002B07137989C748936E9DB2C91F43B07E4E4D16C3779CF5A4FFE8CC981F07C29E34B7C012AF0054FAE
311
A4A6A3D49D3A16D2B3CF220A029003366663053C89B3FB1827080DEC2780076FBFFD8E39810CB0593CC68B5D9009F2D400418028B0BC6CC74067E7C9CC0C2690FBB084AA5254A12AF63543B35EB40D17B693F7E3464D5094C00AA9E04E0E0524F5C35C5EC6BA94B21AAF2440725E2A9FF94FE7A8F0E769EB83FDEB039B631B
311
18BF396F5C13CF89ACC02C387DA56DC3B1CD84B96CFAAA37B55FE723B611062258257D331F186AC93D8AD600B4FEF4AD777E4BF68F2168FF08C081A37AC13446C859964803961928476D78F68419390D830C1935B5C2A0A22A3AB17D3D6428BF12DC373B8D464E04C0A496BB3B3B75639DCC2500E0F0B15FB6F47B5A7ED018
311
3A87CAE8D535F2EDBD4B3B7FC762DFE65A07C30B2851DB890082ADC07131EEEFA3DB7DD5CD32C0860CA83CD4B7993A175F422A8149B1C1D94C1145059D9C78A8A572A90B7C8B1E3392FF77A80C50220880FF3669004E90F101740D2B808181455A044904674E7482CC3EC85C4BCE339404C0B0BF6A5611E4F9B8157BAB6DE3
311
27EC9BFBA1B4557ECB609C1F45326499EFB90EE78F18227F09E563C9E63D847EDB3B68EB9C39E95AC4F7ADCF7D87F6752BB6912040281E4A0D8A8314E80D60470999B8A51FB1488A66A9F3F81FFA61C83F4FA6969E472288FADFD61B005E0EA4284822E018911828E868614DA0C36E11F3A051070BF2F0840E35F200E2C0C8
311
0A776CC9E7E6841C0503D0EDF15ED9AFE527E798D23BEE5F0604E58DFB7099D739BF0BA5D332EF29F1535995BDBD0DE681C4F71DFE6A7AC5A13554AE6910963E9ABC9A0DB5B202225545F5CFACC942B5B93C207352B6E5310BF349AF200175D7DFDF78F6D683B7C87E087FA9B35812C4F8F13452CED610A2207541E6D659A7
311
39441F3833CD0C9C3C3DC2B0712F62333C4FA9327C9CA1124904B4FDE0FE21C119776CB0C212AAFBA5CAF80EB43772ADFE77CD9FA8A4144C54C2FB2304C65F62FC3678E4F6C68F30FEE1BE8383CE7DB86F58B1AE0C51F0F055E188D02F00911DDB0991832228B3172B3E623E513FF1734FF414A611A603163F401BEA790FC9
311
FF7FC3FD3DB02DC00184145B850D01D120424DC03C00FCEB7880EEEE939399F1F18DBD4AA54C939899304D913CC2D5CFBC55E50C7FBE4C0E14AEEF53D6843DFF56BE2D554637EA047D3C210E2C61077875FB5B40E19F43AB7470CAFE1C0D3ED3B3B4778D1DF6D4F837C08747180FE8394F2CA1E0A46B6DA62CE2B2DABEDE0B
311
1924098580FC16B369730E9E90541D3730D47FDE16EE1FFAD3419CDA05ED1F2715C607F2E81893AFC5936303F40EB776F1D808BDE393A3FA401E1C706E154C892860AD74A2949C409E28A8FB3349C764D13E4D1D3468952B7B1B35001BF41142CAD58D6011C8B78961EACAB66E9AFBC627673B61FFDA4167950A274145BF11
311
EA17BA9AA60815C2C43AE1F648E3772E53C94E6364AF826019E723069A8AA353A3BF7FB5359281700061FF64C28C10B9AF0B70B0B0D30A31CD1CFD22F68C76DA1E44558869257892363C091D313EFA46B57C3BEB252E9C6BF5B4799EC58F1910F469E25AA17B343799DB3E33CF410061F96C6D63FA91B1000CEBB7D2971BDD
311
39A2A76361E000F5DBC1688D47CB812DD60F8001AF25B328D173A9E4BAC18CE9F1F628704330741B2649B92E9714447C68559C6CD2F681919367E4811100750058809D0230C087A89FF3C80C23C4C60882E481F48D531764BABD5CCECA308DE2F63D3BB50373D630796126803C2D1FBAC148F7592881B395ED7D26B7DD38D7
311
096AF98841CB37592561D9C6565317AFBE9FC4AF7371E060736C7635E0CBA1809FC80F544DBAA1F2F9393D970D44C0615A0C6930E758B9E63AE690F73045F0C8C0731DE9CD80F718E94652383458799E02C06D328010011C7090D8C5E5336A83D4059953877EA1E1D66FBE994F04608C4C991917230FB61F9AEE183A40AB91
311
08D032449FD1A7283DD25ED15360EF7EA9303EDDC0043403531EDEAB10DFF87F5E2FD56DF0F1B701A9F614DB17FA0E0EDF6FD0B1622A81FA3D1DE5A33F551930335C353A87F9AB05C60455193448246944A232C5D07636D864CDD7A50D0B4440CDCC465D1C418321F50E1648D500294065D869559EF3C40C8FCC6C323E989A
311
D0F0C73142480B200842802C061008B480A9954AF282052B3AF67350FD0DD30D1F4075AC303A5D490250F5400ACF479656861E4C77AFF327F3EBECA4B57B6B6C8FF62602BF150744656A87DABD7BC6BED50527B2120C001A0B3718C74F0C65CD34F275164D7968148DDF259AB8AD6CA81CDA4E8819509B996A7F642D987A40
311
1A2B04018C01E6C169A8700F9DE3B489DB2BC49C9B7B858A4F50D22AE15428FCA4A1EDB20C83492690CFE361CC7F8C8066FFD0D77AEE797977F468A36E0B0DFC87F90EE6348BC748F7CB73B5B9DD5C6EE7AB19ADBF6DF359F1DC2A0F9E44F213F8041F64274C0859A2AB7C37440FEDDD2F95BE44065F22067E3EA0CC3BD8C0
311
D8194EAB291CCEE20B9CD8E02950AD806080047A279F19024C837C848816719AC4A34DF8F0706CED904E8185753A458A27E4C1E37B5F30A104932BE140E0BF4E400160F320B054A8705042FFC47B4940810173F9C9E97240C7FCC3F3813EA239B745DE9F1B1F3FC2F9330374DBD1A7B475923F9A2ED81716D18D1B577DAAB9
311
D1A0458655AD3CA7E211867AE7C702DCACCD291E0F798013DC01BC326087775C0833E04EA3778FBCB8DA4687A0255CA0AD210C15661E4E92001A4449031D1DD27D327334BE830B64DAD90CBF537A45FBD4E94A7A88888E715B7E74FCD040E818BDC1BF5AC609CCCC015DED23877080FCDC47BD8EF3A7B783A17D33F3ADEB6D
311
6BC7AD75EA7C7852C5B6FDADA6AFEFC2D181C03F8C40DD8A4AB5024F0B72E34B57BC1182472DC80946789AFB711DB7F1193C03C893B0345F420246114D3EA71D04FBA731C0DAB0D3CD311B218F0D5A15ECC105D02F3AC32F13600084731A83220040019B03180634B5923D438300B05BAC80881F061095FED5D572A3323ABD
311
83F1D37A2301A8C930AB3F66ADF7CBEFED30BAAD7D78A06DEB6A87F15491F5AB7E25842B6B34BEFC12C8A159F187C64B3CBD2356DE5FBAB98BBE9583F0E3280C0076DA15BF34C15238145742B07080B1EFB83382F9FEF2239D003541041083C5AF9EF3C8944DC2030BC3ADEDDD9D27475800693049E05413BFB3FEB4308731
311
512F13400D06F813368A0101D8D863EB3E75FCCADED124F532AD3F123F131AB46A93DF1ECE7F96CE9EB6C365C6D6A07EEC461FC919FE288AF7AE1A7D012D291EB073735FF26BBB1C99FB706E972192819B7A34BF22424BEA1CC7958AC2E04BFC8E02DB90A4A1DD04811ACDBC181037864672C78F6C0EC3073A40CC49D5E813
311
593B7002763BC6A909D31AC86F3F6E335C9E1C309BC58F16418642E2AF6B290A34FEDC0CFEE08FCA0F56700699CB73B9C99302AA17BD516D7F1FD755A2B32B3FBE7134D3BEC813195BD355020A7DBB541539CD2C06E45F46FC0EE08293E6C0E1972176D9B678340AA1A4823404EF79B1E2347E47C35D0A2260730E0B513025
311
DC0BD1C07E3366E9B9D17F767405FB531070700035618606F0B40C73C974CFD321B0C174A80C0F3AA54945FFEF348F5488895713E89B5C98DA501E06D8D24FF04FF0CD7ECD7BAA755A854EC6A180AD13BE094E8D5D63BFD6DFA5F5D3E4DB1BA18FD8473DC6E17FFC9832B71A2A94D96E808BB53F9192955D62C82E282B0516
311
8AA0927D54AB20A20A74800B7CC9655C8B15F62377CA4C91641F9F4D0478F4FEFDCE273A002CC0A725EC165CE3A149F0333E8E9600B2C05A7D15FD831F0938DBE5D0FF13E3C0F0765965A0961C3FA86DEEB0E28304747BFBA5FCDEE44C23544F7BB7BF7A132DDE34F99E44EC3FEEAE92F667A10F7E90B0E8C6442DF5A5318B
311
0F816311DB2E6DC6F172C363FC800EE09186BB9EC82A24C0117700CD884AA42023B81EA6E0CF8B3056411110D78606EBC5AD5417B45BCC8E61EA01C4006AC233933E35D860BC1B6CB9C9CCCE7840D2E0C1C1FFC11CCE54D59300F2B47D66A10F09D8E24B71B9BDDF98FB62A3B897C53EC88D16D1FFE8C649B17BB8E760EB20
311
B784F52F992544753F2CBF642CD3C9C70D8722C197142C567E74FB431EE248A8F3FC00377F5142144A82FFC28AC2970A780C85A7EE9146FA4B2981F3C93BCB0F3FBCB6DD3DE69C72B6073B99140DE28B8E919D9D9E7C2F5FA99FC1FFD07E9AC0965CDAEA0A945FADE52C791EA989E8E7A21A355FB37E44405D171B98A6E946
311
DB26AE71DBD01FEF07FD378F5B4B518724481820890E7486E3FCE61A60E096D577701890EE07CA5D7F2B086040749FCEF3F81972E510A86359C9BB579883035887542090614E5C4461705D7CA1CF84DB564838606CF1597E8119790D021080C935A908324EDE9F60A04B7830A33F0670CB08605B8D01BF9A3D435693FAB4FD
311
84EF6754930640C1F9D74B052A7ABBA9F502B39DA3BF6BC7514EA4BEC71D752BFDC198EDA8DFE8F32B3EF811E4576B0A2074B99B070A069F60173E7427BDF285024E35A4418B7A412914F2800F1965C4F1120A2D5D2C64400563D5942044807BE7C738EBF3034C4A6F4D70C04ED1F97673C039FABC4CFF18866E08200BB66B
311
DC9CCDCC3FFD1E43BEFC52C317F0F5E64900FBFCDA4DEE68768FFF46350E0EDADB7B34DBBEDE3776BC55599AF84E312229F931E700D04478D66A0D88D09B2276141AF0F8811C5F8067DC04C0F90929F7F1AC9CCD368488AFB965C97B855A3E2E93AE5B4866502E55991B82D4388614F2C36B8484A5FA06E3EFFA984A6AF17D
311
5C2073299D9F12FD63826F67FC460E54030981684E9FBFC22009A3006962285FDF4FC84B699FB5BEF3736C6072F6844C15EDF25883037DE6BB7AFAD6AE164B367812FA8CFCA6FA25725D99AEC5C6EDEEC64ADDA2BE0056002032E1D7A20A54CF444E360D520A5B69816C0A953CE0434A8A898BF18E2B704588C01BDB213334
311
2F5404FEE698957C200EF54E31BE6DF4E888C9C67F5F3F1B41F922777E7FA6332677C20098C59F762F5DFE4A23F9801A3BB6F8A4F66E0D40EC867E92DEFCE84C714FC7CE8DD3DD3BDBF9C781B1C3B549FAD2C89D711808CAB100E09700BB85240374A7209212F320CA577222A7020E7824500179FC7096C714884BDFD9499E
311
027ABEB3CB0226CD293CAE6E0C41A6788F396606A073E28CBE5CC67D584D36CA39D37974FE1023253E3FFB007A26F657FFC901D851130DDC2BF54884F20D5D40A0B7E5C7BCC7CC87B84F2ED820192CCE1AABA1FF24ADBE1D03635B5B3B53D4A5F84120125FADC36A0E792D3AD7E255792CD5241A4C84171F1104090017DA49
311
3D0A7790A7BDE6DF326180398E4B0DEADA5C2763825E43E05C388E184678C88CE6422606C017F030366981353DF03A753DBF6370879F79889DD0BF75408724DB53C5B0063AB6568D02DC47AE4627B58D7E367A6000267E7840C23A0940B992DB98ED1C4731B4FB4DCFB6D3EAFB6CAC7646F0335C5031888CD74E2103380260
311
AD47176D703960230370FBBF28813524C17FFFBD6288BB28E4F905ADB4A788B40B4A6201C1878BED224DE9906C4C79EF32EE679B9F5D3B5DFA137327320643909A823F62106CB8F9BFE4BFEAFF0FC7A6393EC7F64A698EFF8ACE31BA05ECE6DAB6DF124118D1D13F892F3D3530602E3F3ED3D59DFB821ECFA3D9AE85B1ADAB
311
9E328DE738BF55D5DFD039445AE76D0194180F57B15BEE5F09C07F952F9A10372BC894CF7DA12CF6507E2A8916E0DF430C519485C55D61EFE209912D8C32866214E121611E22A0B1238DB18E86636A3BFAFD5B4EE02FF1E505F902BDF424D0516907BFC95EF3A76B6B3872769D67E25B548F0DA46E2B93DFDFD5F2B9E9EEE1
311
EE1DCC7FBE6380DFBF38A165CAC73DF912AD76A4690D2B766A3EB4AFA2D05BE543EA20B095FB17AE3F1928D84482049B659E671A4763CFA567C08824913D37F2F92F841FC244085C1681225C04AD6DE1684831682CE0D6096B56101C0D4FB3A1BD3F11FC1105AECF5660BD3FEEDF162B0D9DEC6DB55AF27FC98050BDDEDFF6
311
3ED14B01336053A19DE9AEF5F5D9E9D9F9E19ECDADCD497BCC57681922F327EB41FF681E17C1921B04FBAE371AC69E53F98183E91B84897A5DB164158BD1D12FF6F6BEF0E02847727BF2628F9FD48B6FB11DF6928C868B29590A0606F92140D0C08850DAA7DD8A5FE8A50389F61288AEB743E9C801BB67DBE0A7F64F63BC87
311
770FDF57AA73FE1F5A84F8DD3AADDFC32087FBC0A7D645C327B97D65E7A8BBA76DFD9BCEE1B1CDE3F5F7CE4E6DF4013ECD7CB60BD1239E8A4E9A5722AD9C4FAC8F7FF17B214AF8801950430639A08E3ABD05A0D94E253BD5951C885B0CE750309070555FF21F2EF83FF53F4E15038B8D8A244740A5C9CBC120043DA0B323FB
311
1DA0A4EDA268C05A304619505000BE10415DE898809DB6B66896E60AE347ED3D6DC707CB7D5B5BC374A158EDC343D0EA61C217D4878CBBDC1D85686782C3CF4272E7DCFB5E9EF628F5A95AC1AC0C6848F5771329EF8DF2BB79EFEDEC8DBEC72EB7F245287FD4B31008AB38EA4D52F2BF57167159E3004CD8950E217DDD6F69
311
9FC763E9D1A0AECC701F7BD4430A3E030374066938F883C01DE40E7DAFD609345E33570F4CE6BE467FBD7F793B5AF2A9D331D86DBA7BF98067918F9FCDD609A0384B523F4413B574B818C6889FAEFC5E7B8F90CEFD62BC2C85B2478D54DD076635BE434FCADE68B3ECF1C8708E27863DBEC352D87BCC7A92A8E135700CDE65
311
BC114026DE5DB68275E656D2C0D4087293D43BB4C9C14EA83C0D806783B40DD7CD4F19EE9F33801F55A3F1FD600017A6CD5DE607783D5F74E34680E7DAB98D99F6E5B5ABC7F7DF19D8278322F6A97FDB2FADE1539BD945DDF868EE2B8B70D9EDAA45D1BB0A5801198CF1DA891540474745BF0317F8A3703E02510AE94B0842
311
21F887FE950272D62D4232781054A87C58D015CD45EBF9B70E60820A2056E9D4D619E8494BBFA68B61EBDD8CF52CCBA124BACD4A4077E8420A7F36FCDAF661E577B792A7E1B7E337C7CF1FDEBB3B49F501F3C7366C1730E793F51FA20A9C3D2E9F18E63DC277449054CEADA36DA0807467D45F8A744E1BDED725A033868703
311
F1392BBE221158220588F30574A0B0893D0515B0B7C404AD0E7F40C11D504C49BD7DA39A85A19CD7357DFC966E5D92272FF06D59CA5A6A1C8AE30E52F1247C1F1D78F81887F9F3E387075B170F9F5EEE4A7F5BFC69DF02FD8795FCFFAB472E7C88D563DA514861B85BD41594A75F5E866BE69471110A9F75C8609C7E6BF6C7
311
C727431EE3E9E3773D2378C25226E82C08104A57ED273FE0921D6990E02B006BD038263BA360355E8DC446A380F0BA35FA9945A80CF60DFD54054202F91897C241C147D59F8E0FC67CD0F2BF377A3463F8BBBABCFBD6833C57E214AC3F5AE9C2FDE88852968F20337972C7E04EE5658223008AE82D93BC37D8DDD900BD6B16
311
EF221F0D4149045D740A8A215D4FC186C658E01994B8CCD317465828704BB630DA2243B3B4ADD3EA554A97408454148C04A1A0CAAC2E04033C04073851F54380E0BF2DFFA43FAD3D6B574F2E1E5EF6E5F4FEFBD1CA87C161FCBCF5C7AAE2F726F814027BAE10F79BC3D765D61D1803952210A9AA07F8C6BB2105B61145B324
311
F96014EF223D4A9261080239F03FF6F4DD4975C183B887E081F7A467A25EAA0C94028FEB808637768B07400A8235D4EF33143253198900E079E3FACB0C59B00F827A5785A6FFE2FCF0C0E6F1714F11CDE5140D931D707950631F3DE877F300002000494441540ADFB08704E252AADE1BD4E8DF55796A32B9B6F17737C67702
311
E5C638682737286CB0E0A89B624D5BF28222432848C9AB8C07170C97B814FF492A61072407D638006F7C8400860444C01B1930A522788045633DFA9507267A3A42BA05925BAD705CDD3792FA23C1075C6EE768A673919EB6C3FCFE7629B7310AA794CC9C0D14A1FB88F95C845BF22543F57996E0B26C9E4C2ADF187F979F8A
311
55F11B47BC26594C52588518D25E6C2B1CCED231EA1B748F093E5726A21A54C91EF95789041030C20FD5AD68613432E19A4D0DA2505B6BD843516E10BB00AF9AC315EE9FDB39CC1F9EA59CD88F9CD071D470C86C4647FDEDDBB1CDAB81DA94034747A779F4CED497CFF817348F69F52E55490840E48840BA72DB71F3E84F6D
311
A2F4717AA928F153DA6E4C7E8E00363CEC9A2E1C8E65F298FC4A52F087FCDEE5CBA38A80CBE11FF7BC2AFF249203FFAB77A128A001B1987BD334AD9B901890A8C2005B6B248196AD09C0025ED841325B31845032E327C531C839E66DBAB39566B631C2FF0A1DA5A3CC47E665AD8751B47CFE33899DF047C9F3C365E3B11278
311
D49DF939298E09002F6430F9958803309827A7C791048CA070061B7E9A64C557D235F83EE24822E5EAB805F9862F20FC58F483DC0EF02181F572930205107E00E523861895A2811309808F2B6C14B2AA579E893753C155D2F54302007E9FF36AC5FEDBCAD47E182D91A73920CFA5C18E01F8FFF4C3F1FF553BCAD0E58DEF85
311
DD63B91BE38ECE1A9FFC4AD4A1FBA30D462C328C5A0340DFD393D3D3D3C0659195C96990F391EFF4175213BC74C020922D4830FE215E76940962BC0713A3B82784C0CB6623DC40D6E1485BAD454F6892200B225096127FBD82D2B12006BAE2E329C771E25FEBC0DAB3B5395289D56D7A8A89081B34EE06F80F819EFE75C67D
311
EEE95D227E283FE98A7B9F1C97D2D05B4D07A469153C3DA3048EA68FA667A6D90E291C7D7E2D063E4D044964D055F2DBF3E31BB851AE9F78A0A7314F0AD24901F581D74A6929142039C65AF5830D1C809536CDC05E4BA51038F79D713DA930CF18BA3010E385351CF47F74D439BCBC793556A1F99814926AF12835E251C59B
311
EA3C083EC2B2760FEBDF4304C9EB87B35769E1EB24B648542CFA4EBA9EF93CD42F03C08F249A2C98897D8E2225E90077823F4A52171A61219998CED6FA050992B6B0A74A2220ED12123004FB977084208F8E2AFC80F456CB110BCA647A3A0F854085D84FE0052BE31FFE7F925610BAFEC06FC33F9931BF063F39DB3D1BB20E
311
E357F594045F4226131578582CB055A59A073AE0413989D215019B6EB8A21CF154D71164E0D8F4E730C2CD382D098DA5261456A425643686BC8301710F2C50665881399156AA2B4C3191BC555728384800CE10040F746A3D8A80A5F0E500A93456FEC52833BBB45203DACCA37FE1D3EE4B9BF0EC27ED47D89B8266F11EA2DB
311
8B5A8BB93EAEDF0C06B7AD0402B9EAC6E787365535AF19F15158308A9D9785C1BC1C01377F8C6B4D07B50DAD25649764A91DC9812C7B34CA98184084F7C01055466B48058CD44085AF26648520C85C41C67805462D8425680425559F4440F3ABBE1F3F81B1EC72708767DDC8FFB6465796C8FE310FEABE0C9B242A74137EC3
311
E0427091967023299BE5D6D4D0C6D15747DC2AEA4ECC57C72856E827D33CBD319D70FF854369EB841282F84B7CA4881447ACFCB257E252E00FBB3272120A75B99119840858486615636E0E0334031AAA8C08A62E080053A0AAA4158431EC727A084021D41CF5D630C94184F6FE7432E8F5F9A4FCDF3EA7CF136FC2988093F9
311
8ED622E38E4976E1BF0CF49D2889E6DF3566719FE1F9B47A2D3BF89C69155DCF24F88C609EE551160F0415900B4C48FB013D8900A9192A700748002924771A3686A0A580FE4009E00ACC090253E280B90AC15048E047020483A038A60ED232831F2CC90498648690D960C48E439F18F4DDBEB0B6F5AC7B7B89F6230243B4FA
311
160A7B9327F3AD5D937C8BFFE5FF8B3A5E64283BEF8EAB9F71159514CFED62DBC880614AA1F7994CCFAE7D8C87057F451733699B8DF87056E1F0654B5021E38097E4E23221B810DE20559AD183A61C2C88A648DB096081E9801CA00BC1DA0124E08DAAC15FD2936905CA8DA1C40E42B13F1764E0C4015EAD7F8BFEC99A310B
311
1B7C0BCC7746D3C0702759C89EAD57122092122D1F857067684A578F1DAB7EAC400841F493A468113282FFE42316CC74C756B1C880FE78795C692813CF4644480EE9B02991BCA257A71861F00666D9410288487618D120D0E80D7773E2B7DD180E100EC98B221C94BFC4FF531A09B986230F1CD08378A8E4D0FDD7D9B1BC75
311
F5C12EAD7FF83F3ED19EB018620303C217A6A35D826E72ABF2D8E2BB1B783F6E48D2E3F360806E1D192085D022103473A10375B63853EC54F500B5B064DBC20945B88160DCF7E4F83A0200BF6FAEAC88E9F54D22D898E43F378D20B51B5D6B1457000922202800DD401A9266483029C0D6D57ED80D42A0E6E08835F0F3AC73
311
D7FAE6D56185F04FC44472B854EB7D9CBF7134DF3DDC35A9F6B38417DD6F508B37C1A718B0D054124176F7222F62DFB327F34D451799D56216880193254FF782D7DDE26C271BF38C6E422E271CE4AB8823C9510F021126A7A944E00DB4031D013C88EA0746C96D4574069BD5439C4110403B40020C30B07A604F1E41D19C21
311
A93FD9002DFC35F23B1E7B98E95E38387E3603FE7393680410D702FF9ED5A3C5E5CE68B5827D721FA78F3A9A0C08A79722D9C9B418F46C0057BB1640C70AA4A03D29CECF33987596D53CFB27B32C3BE304C540E14BF8464E080918268D254838C91A01F0FFB99154FD8A9C0495EAA6534A6C464440B4A71E16100E74050881
311
22A35F7A511DC003D002E6C8E7E15F6D1D2FD09014139EC11FDC89394621F77B9F88EB5A583C41E2FEDBC8F82334494C0BFA97FF3C3A34ADE60385B60E5A30CF036E5E75370BE3B83AE73B3B7DC0BB337DA0045299ED0C66681E4AE223D01B1BC3BD4C921E2005FEB5114739040758189BA8A320067B62A3995E4720055065
311
AC2B4A8006BF8CFCC907C0063EACE41813C5F017065AD46CFDC6FF1BFEE052932CA3478C8E5A6F25DC8503D40F61FC1B047E4DFFE8E84407C81F1AC7B5C79DA358551CD0D13785A9AEB38D6EB68A0A8087FC6543E7471082873CDCE5CBEA1EFC5CC0579469E225428E9A43D6A6000B4219DE52E8DF00A55F4BF5035960661C
311
2DB88AC1F67C2890A93FC420193C8326409E7B595FBBBA9AE1D1511B3F6D65B09AC10A71C2317201A603E88C56CC68C91279E83F5C147787EFE6C675F00941D23EF092920330982DF38C65EDFCA89DA98E8ADDECCD77CB86D85118F3DD9884820B1128010D02F1060F582871CC8FF42024C02239273A1CC3BF71E770DFB7E9
311
6081682803188118B50310BD620234F230B12711B063E0F0490FCDA9248B580D3D3DE944A30CFCF2A1E0F6E59E8FBEA289CCCC943785BB8880ADA9C2FD70F6A13F5418444E3A669273C006C4B4EEEC067827539FFBEA9CFF04D84E7F170480037005AAC8829084329899F90B5E013927F8E646514B4824B01D11F72C012CEA
311
CD163B6358A4454A4221D06E68A71062520649BF9E9127D0772D6E5EADED52FF216BC2FC513C7D3C5CC4C8AF009811826AE20203B076A2AA66D8D32E317DEE0EFC000FCE16D9E0BEB17C74AB009256C5D8AD1CBABBDA61402612C675FBD72D07E633B1A42F2421208CE01397560811204306617A5141706105C9F4984C459F
311
2D0F6C392FA05BED808512B0B9A8A9FC6CED89640EA347D31F0DF76D3D9E61E800FE9F7601BE4C9614A1C58E6C839F13A12D0EB426DE6386B82369A9E6A7F1F9146EB578A2EF4289AA109B4F6CEFEC0463E0072A05CC9DEDEDFE08407B173B8AA65399C80B2911252E6290C82CC1B8909140C11B7AE161B42B93905045D017
311
E00CED6D27AAA15F2C2179F1E83D411A7020B9408D202381E7E5DEE5A9E7E5CDE3B186433F488AC81554BEC09BC579018ADD1DCB3D9D70F02B14BF9159A4DA376225FE43DA224FED327941705DA582B2FD1BB5DC0540667B650BECDD1D5DDFB0C7F36DEE2B94F6EE2EE4E426F20A1174C31DF153321A24114C4FFF25E50547
311
5F6906D4149B21F1BD9D9DF7B059F8E0FD83323CB97991FE80EE131A9003B81C491B218B1D42C0C0D593D9D548003839DC29A740298B0C23F0CE14BB167BD61989AEF0B985C8FAC8F923A73F31953989F0F6C96CA6C4D0A9A88184BEDBBBDA3BBADE77CD8E2FFEDEEF46184A86671D7DDC51417477BE9F04804F305AC82C2D
311
018A21EA903866A0F959FBD4139916D036635EE03DDB7408BCF0627A03027AD314C09B0A27F0A79490D53839D0DAF1416995CAB24101FA63F75029D57A4CBBA9FB4D120ADB17FB5A999FC9420DFE04FA670430B90FE7F589F7FE8D50A4B5F004CE5F07EB4EA007F8AEAE8E8EF7DB3BE2F81F42166C7246FA9E62D02C8209BA
311
1024414C483498B50229FD923F2414040B2081390AAC353B5283EADA12A30B1080866D746B9ABF5BC107F33C2A015B275480759334B83AB02175EFD0DEC785DFC505E0064F4EBA5A97073A74C5C9FEC97BD25D819E28AEE661FD2732B8BBFB1BF13441B3C1F45E8AC1752BBF80C113DE960E0AC7D9D02C58C80505A19BA0E8
311
4B14402601A590A4AE00A825E98C3212342302EE10FC5100681F86834A2804BC409D70270A2091DCE874B16BE0706C974EB3D26EFEDFFCA6C4579AA4DB781708469F055532A7046C6BEB0CF39F3ED2EC4FBCA3D00EA91CA68FD2B87B5C191E0EB2C300F00A1C9881F263571C6CFD83D079D09F176FAD839340CF030F70458F
311
81F09AEE1329505150CA0A00576B56C06D58070B23086F685E44232D9D53DE3FC3731044F286D19F459351863F749F1104198D6E14BBC68E17CAE70D7AFD958E350BEBBC70C9C4DFBA075240DA27D40AD7DB063A097DD3F041EDB3E4B682A7A12A548F3393DB01945547175879989302521EEB1431B08759B632B174E0F700
311
E774FCA1BB83F95029ED1A084288C8893520E49415E00DA080AE8027C34206D35491D050A4C6B080F6A20889A2FF82379AB6234F6710C05F9080ADF002B9C9F9C583AB220F45D618D7E7F7547FB27CED8A8B7A7D24EDA4988B0C1C2A1AFB53FDC61BF3DE50D63C560F0120B0372F0839DDDAF13E583B868717C1CB8CC71D1D
311
7F440CC82184803144196EFD58BBE00B7EE77DE8C015942357FB06FC906A5E2B8882CCF9FFE184B0035A5CF186A962A63F84B3AAEE3D5A2C830008807568B6A9F424086D2095A3E262DBF124350082C4B5DF4704A9D2C93553DE47BD6766B69349610716999FA25854F759CA9792599D3837ACF6247CE8597B0F960FA3EC45
311
B61715050260C5844FCCFEC9666BC71F875B17E3BCB4CB151405D7D08F846B4CB952248B4603CC402B609E90F0044A007FA800EC46D07A51232B00E5683C55D5096E1374DA4FCBBDE2C25A5B8D26008227CA7758033D7D70DF12CAF7F247939F93F1CC63047D63ADA0B7CC8771B234D8095FCDB577B586D1834062035670E2
311
04B245EC093FCBE15626C10D210CB38A13F50E10A0D5C0814B0C4B30AA9858516001669002229618F100767AA3D6D2528595FE7A398C2D2300ED0013A0AE60B91644A057327BD3C36BEBF48C91279B45F8BD145494674AFB211A91977CB838DF35DCB3D6D6AA2FB2784B591ED785DFD7DB77747DAC9D2F7674810EFC2895F9
311
ED8007EC7885101679C06F21E4B1C8A6120956F80518D1DAF1717BEBFB5803E20C6F2A11B2E48AFF4AD2810A70054623E341B3D1ACD92DA91150DE631EEB2C28882D092049C0DD38E262A7BD6F98549930C9D44B7C37028AEA9F8C5628A2BEF5704C0DCB2B428181B1BE766F43014498D2E57791E4C8DA6BD2ABF5003F0C40
311
202E2E32EDFB02852D16C30B7F646B98FDF86C7891690043128B0A0DE6B4EA27F08C30CA34C9D0AA0852A5997F8D11A6EE84E040B20472020256F4AFEBBB74E6705A12083B249089218E6452C8E5A69717E904A3F5EF3D5D08EC1F4D4E85086B238CFFC11AB9AE972CB775616C6D1DE04DDF073B4DE3747C41FBAE6072901C
311
AD0237100670C5A00C2C3CE063610ED824826C1F6650700E88C00B62468903A0D71D3A390255AD7040048348C56C4647413C2C2561216E0C469203EF06A5B101AD40D0E207F78B124747DB5B4BBB4E88B1C373C114E0470B345156EDDBCE1B4DBDF81DBC400746B0B54E05F693707B89A5E430982C2AC7D10DFF11D5B102B9
311
505034B35D07E8E5F585757F088B390F2D4C85CF7218E8418BB4F25B885053D07D5A908326809F31D6CC6B77CC948413B28664484439D118DBAC27DB5AC40C1AD166F25E6A2F0AE82100C0BF220405323E1FF80DFC518CACA8DE1003F3C9FAE9C7B2D60703A0004F8EAEAD2DE0F5485452D15B77B4B67F4C2403B8D8F9C533
311
558ADE058A9E177A1698F75DC0EB4C800F74C0270178C8579C1FACD025F0560844502D2BBC01E620030CB93636C1041636A693949CD80139FD15BE107F905590A292840F8860706D07E2970A2F15E5B13B87C3143CB2930374CC46A6F9B9D7A5CCCC14E11B9E879A49FBE27ADBD6DA82410FBB94FAA8487D61B51F4BE0A03F
311
D08743C31020D6628ED20305A22C2C2FAFA7ED1E7881C438AA5B9035F20759E243C51F34D0D5F02F11403B9E204CC1686C0B6C9000470561519CBE1B0E4FBEAB37A39EE4B84C05F023858779341991F36D9D9F351E7BB3B5ADF00148D9D05784F9AD8B037D48C01BFA83D4247F03BB768BEEF973A14E610090D4B96B1EEC5C
311
5E66928F28EBEB6CF578B067DD83086081579848E60DFC7684044D8174993C39F886043481F6A2B743B18749E52447CD4D230513032D20D20206E536E15BCF7B7D211634F98FF9986287F33F9A94615A5A0A7CACF8DF5DCC1AC6EF9AF1945EB78E0A2FED1DA2ACC00EF983F9A012260BD722EF61C9DBCDD8719703ECF83902
311
9010CA0B9F100B1D2842153E01A1A3837AB579516A31982FD2908A09100DAE591016CBCD4B011A2F4DE299E1338CE065DC4841BF9895D8C81714800CD08F5AD39601BC929B55D291F6CDCEF2AB40DD5D98F4E6F107C47AEE4A09A079C05316F479DAF4C2BAB83221BCC0CE23FE3D3D4C7BC9AB673D89A3677D6020F6E18233
311
2028012FA0FBE0B2668FB85485902A8E7FA0BA2105C213E20BC2169211A4BABA7D693C3F1DA961F203694853137073AD5CD25F1C017DE0477626D7BA55B88F83B5EE513C41D814639FD1BF759171F4577D3CAB0C3DFF68B2D3B1F8478C18F67BEBB2598FA76A4545E9E961BACF657E0791D2373030E0EC9FAEDD17BEA7703A
311
738185D08236C407448A4CB504CBF01FF43859D3115488EA01B55078000DF085911805790DE1B41B6F8CB2889C3834FE02AFE07D85143C6C008438A944EA63E047023A7EF37E13B0903AFEA7BBAB9579330FAFDAACD540022980B65A75FBA17D388F1E6576405CCE7032D95BDA420E7DC0EFA320879E5F8B3B04C1D2D9C111
311
4210C19FCC49DC6A855E12010184DB8968109ED016E4683CD552A36B3AFA13BFC2114068935A7E774CD2C7225642B73325938052D8634ABC18DC9442BF9E0402E85B42F9F3273672DA8E8F1070405D1DC3248487574CD98092B8B956E6AFE1566530B78FAE05B4A0DE51FBAF85DD075C7E11939F80E015A58D1F87E400CFFD
311
2306C4D1D3C634380A201545A92BE01F445800BE12302AB477BD6F62600D211232EB061448A0D2B877BB940D63D059C37E0569A83DE93E214F4BD86209FF6F479C640AFF8AF6D1BFD987D029A94DB7C329B4184D4BB013BF912FB88FEEF913071A8D82B651BC10DB067A7EC52FE1B421883144C00F64FA23A11CF708BF16CA
311
59F18D4C04B8085964B2D8DA4A855187000BE440BC816FFB13374640B0EB1D0998AF38A1AEF503F14302E2811081FC12EA6CD38A63B33035125F40F170C0B0AA45E9FCA38FC6D688D48563B5C4B4B7C359D3C7AE0EFB16ACD5E2FAA47EF8307044B4EBE1C71E84E742D81431FB06B90B600B9C239E277A57C94C427EE10E78
311
26980C0136600D916A06058CBE8604DB4D314FBC014EDAACD0820F14BF75449B70339490FE5A0491221BF95F949DF1235380E969AABDBE2D32EB4403D3FDF17F42F9A0A7C28ED75BE86BDB7C7EC80C76F86B8800F77B305EB88F00A4352E0F8089EF811EA02A3DF08F7DA008F803BE4B4EF5F41E56087099E920708C3D7209
311
16444440FDFA013D4E1201414123A09290F5BD7AB729298209C4306D007BB0829FD4EC3A6D7E4F00B67DF38CA0764F832F0448E58439B952CB4F70DF964AFA74CCFDBABBDF273E2FF4F56D3DBFF2A78D42FFF2755DF307066497F44062AADFC0CC546F6DCCFECECFA232E14F408F05477D311B683A35BC245FCF8A5CD2AF20
311
022C21022266905A5BCC8B20235D6FF04019CC04058AC80023662E25F342063165956320BE50370F2A657BACC817DDA3DDD3EFE04028645780A768FE38DBA88BF2EF3ADADFC7FEACA952E5A77568ECF0C971DF32BF1D24F8486B22A649EC81B1B60315CBEFC026091CA45F858D7D04C1B437079431E63E38F880758842E780
311
A9E03791C0FAAFE10012588C3C592FE35461A6047802BA18686887023A422A49599399893103942CF6DA53A8E387825FA0678B261F139F801E2B17C901D0F5217E07AC2401A87D0480F753FBED44FE949C93A1D042B879FCE499B3D861AEB23F9C1F372F0C24D0B7D6E70FE1AAF60F84BAE642D82F0A9F53E2278391551849
311
4FDBC0AFAE7DA282E5050B703570E06319A015E00D693A6BEFFAE493941C3B08C13B96BD20D0115A9565701DC58568A3009DA13E965765C03091F0FF339F7309D44F6E61F837F1B1FF920450EB8FC48F9B40158BE89C81A597CFB0DAF5F5755D3886DC13D4479599B583758CBF35663AA234F133F91D3BCCFCE0A794367F38
311
5C59B19431780F1C099131384056616E15A1563B50021D369C593FB292685A68A8B2A50A0A2085CF05434617E05FC24A6B077B990014421A68401AC4D65788EE25F737EB780D08A6E38F060F2ABD889E1B889C44852C2FF368C1E3E710D73B6589EA83F7417B341ADA1F639A23D15298F087AD0326410E116C3A1B32521843
311
3C71AE62C07C1480F1C045629724A076A4BB8D622D24690486727F56108D07046DAB065000678E04C4F8C342DE27F4AC102D854F2D08D59B4ED0E4F697B0FF62F113646BC5B7F3131D4EA8BF8B265EA3F2026E7061B96F6DF3D993276B2180B8E57067587428579460551049049B074CF8B1066C7E14C705F0B39298C0997C
311
17F701097023BAC31081390196801FB0C2A12380042927503D5A01CA127F9841B460310639C674BC8CDF1A320501448E0068905B07F6E5602F8C1F07786253438CEC51AE61FDB25FF71B09893AC026A9EAE3F30F369F5D5EAEA5801FBAD3C98B38C13EE017B054F81A56F05259DBDA64FE270B1FC4C77200FE276FE814B916
311
E222575ED717A62A92956504605268408CFE13FD61F84252228376060206802B9550F00B9D47E6AF1022538A752CF4FFF1F5931384A9FF8700EDD4FFA2B93FCBFABB3EA6C607FF714B0B8B04EBBE83B52B246092AB018C0D0002FC490849F1E214AE6FC42009D6D86616C835B65DB9862EFC4480C14137603C3089D0A5588F
311
A27E693DD184131BA4E88C35045ACEF1CDE1A82323C20B842F2419604821196EE8185BC834AD44F8E9B7549A32900196E9ECBBE20FFB4706861AACADBBFD9B56A23FFD3AB8BFACC18B1B5AC0ECD7B6AE2E2E9CCD2BE8AF1B1BC3A813B94107E82DE67A42E7CC7D4A6116700B5B2EE3C338A09B840F07C40A64800D7C605AC4
311
2B72227C4C7020AB1F20056E26F542717F56534261DE3766AC10A6ED2D006DD03BA9DBA507AE0510A8B385C92363B9154167F1230C40D76AF6F3BE0CA08F8BA2FFBBCEFB09D0986550E0F0EAE2F2780CDF850CB0F88CFC2815FE87BD83909F474F45DD47F1C821DB2107A8817FD45384F57891B65F2543D0C1E20A89B4A8DF
311
806862AC27C60F6A054627FD344250718AC0FA21CDC4E28DBF2650D1B39D8B8A420C348A4F846E2BE824BF8C45E1DB8EEB52F576F47A75FF95F90FCE0FD3A7A08D48D5B9AFBE3EA658E1676FE3372FB57F0AD8D70ED4AEBA3D4C2BE0AAF1C3AD63A6004D12900CFC481A47430C9EACB390038642C8C41B1330316661421059
311
2736B8603AD4FAB17189DBB32F3915F0C380795A089A15228460BDE8E52203527D41B5470901B088D84FF8B3FE2BA7F4FD30ACAB3DE0B7E2FF95807AB0010FFDE3A048F7360F9F3FB9380EE537F16F8673131325D3351A3F664022020811A0FE8C019CA17370725CBFF64132025DA1BE2555102212E80A907FB43ED80A991A
311
8AAC183932C19AE17524B06590B6AD286EB99BAD18FF4BD64BAB519202F992A963648ED30E7521F909F090C0213E367A77D8836BEB6F34D92EDA624183070248351F1A079E5D3E7A9EE81F2CE6678F92E299EE312B6C0572C0A7B5EEE07853612403813152C7125E2022A20C18F855DBAFA399817FC97FB6E1CDCA31D34843
311
4ACD0012F0D32A5456B4007E6E92D72B1A4E9971223A42C1042819E4049C0C5801300C0013FA48F8944FBAE71DAFC27F1826FA2304ECDF3F6C10FF47D5C7E49748DDD687DE8E91C09394EE0682A4F84CFD6067EEDF43E67EA46CB2F4070160439245F00343D03BF25D7E2F26FC400A896DBF19FB8D4D0A66DA669C3D608F9C
311
D048A0533621B25690EE19D5D15248E390F042B12C682511B02BFE3E5700E4C9A9B2107A8F45248FA48234FD23005ED1F4EFE80D1320836F04003BF42856D478D1DCA3ABEEE3C68F9F30C3A16E5C238EA5DE3FF37DACC2F8B7980033F47FAC34421EF0418A045394802CE032D61C70023D788136788613887C0011A4EA316E
311
005718AE191F8D0D841B9C679CD2FC478442D005429166F5A24403B1E6ACF3298F388B6D0BA933D92339D48969A5C11F09B4FF017A9900A4F887010C474717E10F36468032FF33F4AD610517777104CD920C3CD15FC5F3B3A0C75BBCA3B00F2724863C10BCD4A0E00736C7981F2F72E4B001438B99714FCFAF713A2603BC71
311
0376A1715FC602022202E06FDEBBC680A3DF1C4C095A12C50B554FE7623B50374FB2129DDEA4C392C9188077658C87F55FF92FFA507FF03FC8DFD3F31BDAB46DD51AEB03F7E1B38B8B87CFF47EA1479C3EBAD5C6B382C221C0F1B358B39D76D9D3142C4A20935F541E492E0EF081BA41B3620A8E172B584EA1485632E22A82
311
21CEDAC6110AFA4B6D43E2B76A18AB240BB24337721C9321D2C033B2D3E2641A55A400A28403C12D1DADE39AD23FC5FC08C47A64DC3FF6DFF76B5235124022D7E6D6D5F3CB870F9F31C96FE477FAFE54100068A3A87FA5908A2C08011CF31309C10025B089FEF9C510522B8DC07C30AA469841723A10C08E27F00F7FBC181C
311
083F2809EC3B2B328E294AEAD5A071B3A95C81D2DE3F930372D022C9C793535B92FDAD5426E90490C3C81D000017C6494441544698C416520C1C40C71FC204B22448FD9303782FBA67089A1A7D4CE38E89050FEF5F1E078A4DCCFADA058032C34C1CBC2E1202B1F8962B1A8024F0EB7A11F209E96FB369D4B64202FE7BA230
311
AD24C46413536EAE955B341B726C593B5D4630C0BE822480908522B0D85430230352618DCD4F7BA6D568BF4343801480006658EA3EDCBFFA9702B4FDE9022163C43F9B72B58001A23FCE6F0B3FF0E4E1DDFB9801A6FC42FD0132CC1F2224F89933107AD30B6C9131A53818AE944BE25A70810821C38F098411980E46D108F4
311
83DC63F49B91B852351604091D60546702F58A3872A1716411B642C7629C267E64E77719F46B0548FD6BFFFC86A38DBFADFCDF700228C124C8664FAA02BFB1F92B09800876FCE4F2D1C3FB4FD0A44E0106A8DB8079751CBF0BD9340066C3D52BC64706467C05B5A54401BE4A1B0132A55EAC1CCCB10D378A3DFEB981202232
311
7745EF2102886A9142C812A1A2C9708027BB55B7006357459F9C2080E0BC34489FC629510F3017B62D5073E2A2C64048A0A42580E413BA9E08274091A398EA80B5BF31C87BF5ECF8F1C5DDFB4F22AAC181F070AAFDDAE5650C4000516440D8806786D874215149E69ABEC43FF0EFC820FEA112B0522003C84BE03FB7662351
311
3B6D840820358B084119B0CEC8C00AE888826339A54091F5FCA513AFE147975BB1A86FC50618D9D74502F0C7C8815AA306602FEE3A5E79E0D7DED1B221001118B73182CD439A092FF801105D1AA14E1918EC282F6260869D55108065988BD67F68E5581720A708051F7C8070F582389C682BE53F2AFD85853F2A013D215640
311
28E06E79B7A71E43212180A81541EBC88F451E02385100491AB0C4A3BC5309A95911E66D04C0B448366988ECD204C2FC930F8CEE8FA410EE4C25B58DD1B6EBAD83F6196670F7DE635282C0A56A851AB035831725F0471A10FE52097089C80495804100318405F0DFC2136004B4C40705EC9154315129205EC357930035688F
311
61AC02188250CFA9A980233925F16A117A48CA54DAB6400221976B75D863330942E20EE3B00B08FBB71AA813B0E502FD2B023DF70114E0D7DF2E2EEEDE7B789504200112075478F2FBD6897835C91F0C20782401E801A2F9142700B74805703426023A81CC0BE88B537D0003E0C5181D29EB8D83050964DD2580910A1E7A81
311
38F76253DC01DC2F3824391AD748276C0B0CDF12366625D038603D0003E0266CB42704C8CE7FA7F11B4D59C0BF454A78F8FCF1E50513715D469607031272358F04E0003C90107223A581218F10008B10247CD20D860FF0BF48801040B361808148714764028EAC137E871501EFDD97C89B52107FF1235B0928C56253008257
311
3CE137840EFEF82A0BDC602736C595912FBEC69E6A3A26903B3A300C5A098A9E3F1810CDFFBA019D97B4E7A7A075850F2E92569BD960CA7B8304995FD006FC4213BB1448A6F4BFBB3A9F9FC4962D0A1369129B10073771FEDA38B1737B663A71C088D8848027FC3008DAC4E4397A6F76271DFFFCF77D6BD7F1F67DA51E0E08
311
875A6BAFBD6BD7AE52CC04A0B4A2206F650EC412841A48258258E8662C3838FBE21E25172C2A15A4F78D82DCF68A005DCF07047C183E1CE47731BBCCB5469D9169E0D588945BEB637E87802A03D88FB82486210D28FB3B858D13DC7CE75F5E6F3B03C1744D30CC58C7C7A256146853A05243060B850072A7010CA47CFBF9A1
311
E24F414037B8781E8E9F219A774B36481CB43E48A79819D638C8760D672FAC19FB9D3FC5EA9158DBD0159C27860409682E8FF2595652FE189D2CC2D7C023E944158355806FC320087CC74116030CC376C559C098B93A041C5DDA48AF33827D2327DC761D19C17CC62780D82A170E6CE7415A5E7FE825E053048F88D2AC2A56
311
1CA4D4C60098DA28EF1A01382772484698F60C8DD24BF396EA76260542810A625978C03580A9CAB91D10249BE579B0377A3DD15749A45F24C4D81FF3D7D7996F6A1690288008C0FF6CC186DA9D5FC95BB09B1301004B016E707FDFED306A1BE8FA208828F00BF342186839839F1F6FA338DC5A0200FF383DE92614C03A4508
311
DA18F4D85F9354F7E867AA77A42FF49BBE6757A1A7454448D0BFC3C220714FE43A3D8F1547BE10F0BC5A05985AC3C28829A06FE24CD062700601F4AF12AF99099B08E7071DC4626A97C920C3FF96E190C9D1FD7CB6163E800D79E5F3F10A9306C02B799E80F1AB380E0571A584C0370A220C3125000B500900D96FEA40409F
311
980E2083E4EDF4D8D2480AE5667222E020BCDAD4EF19682120818FE18EC7FD6AAD67C03F7DF1955E697456F517AC4F24700C30171C67E9168B109A4F60AFA60F98BE30941BF776DBC7C70792A2FBE98AAA97224F8BEA39B47BFD14A8CD03320DA2B676E3AA397E652E30A42CE2987B7DA1EF7F75242413800A04C0270C62A1
311
3372400B435ACD84B8B5009208F5AC73EB149FFF3508E21C2201E0338BE07E50EB47E7FF6D97724A601028C5519073E7978EC88834410450E074DD58AD13A4900103A6444A9CB99103229F0EF8C0C78161EBC68137240734CDCFC349807851E0EB46CE864D2E405ED341B71A390CF2DE20CF5193189E1901E866D023040968
311
4B193D17E2928534D04240937D3C84477494FC5E0FE0B448E35AFC19007926C1C6A6E622FDB8A12E30993C6710E070397C4B26304C0AE38218D19F01FFB15BAE1C0E7E74DF75F2406E373C414E848FF8E500EFAF3C1029C9C0ADAB2313A7426CA9B2C1B9E30032C84EF31A09A88A386F136E8C2F1D582EA0459207015F10F1
311
F001F0B1B7DF7222011EA2001F00BFD36BAEE0850928B08C077030FE3806C880EAA74BCE0863A952812E6008B3A89199C1EE918AF96AF583F1A073B0A355B9D861AF1460DCFB3BFC6B7EFDC834B09700CBED3510E48DC7129041C991F06BA5006CA6B5B34EE21501374E8DFC910042036111EC9C7CFA1C05D48A7270F7F835
311
BF04A4194DA4CF76CEC66718C84CD020D04C412AC848F03E3C61A1C8D50D0EA6838A00376054D3DF61A0E393E1F8B058A6C994093476D601A4A06F0CFD3C0A6BFA910E75CC10400A80FDA93AC9B5EA4303F6C0D188B559086091CC5910137772E14F2376D03181B5CFE74C0EA38440D0AC256D6C4D104CE05302FCC00B60B9
311
CD4D71E08BD40C144A025E60D4C1F45FE846A2105D717EEA84808A5DD90A168E133640311CF05DD870768683F5D2F1800F485AEBE5CABD8FFA3C0BEB33702493AEB551B1EB035EF5C8E5757FA7832141F88E8578A363802B560007AF93D7D470B478C4D00B412D634C9140C4F9275C00DCE8DFE3C7F8C0AFBC5B2CE82E3C3B
311
DF393D4375D50C43CD1C17E3777CD2C170725B7B42B41DF15BFC344DAD089C1E9118522B4A2C60B794E4E8F33081BB7C8CFCEEA0B2015E49D586429C6C78646180B7710E06018A3082243C275F077FBE412C17DE80D3E6B9462C5204C5D980D1DF84A864401C483CD01B143F4A4868087A0F780F37230200A4FBF6AED32511
311
4C367C22512750A5C7C3E32D545CE20A0904183BA10015DCAD89864B3E1EE97EBAE8B204266A48E010511838E2FE413FB116E60880C2D8440AC3880DDA6DF6618C138CF1CB2A09637E18D00F80CB0DC05322E31EADB8081C29410903F06BFCDF5AB46024E4A75828056440503C707856EF0C037623DD4922A400E8A6BD75E4
311
D2800905F18450A00CEE88860C8964C7B3F90F56528BA18F71CFBBBCD2D05797E168FC37DB26DBE0DD2EAEF39686C18440820013C1444055402A541400DD362A0A402F1FE51246404E098249FEE30708C10CA0B54601053159480C00BAA9B1223A773234FE72FD5C3BD81804D8D196FE3D5315A0C981D88D04FA01DFC185CA
311
93F9120E1F480B08063364A0A318F08DF95056E4C91F1150D31B011200383502E079EE43CC18603AE2F88FD139C802A739F208E88D06DC78267C448C27C4113C19B0F51B0E9C1C021CF8F9167C6B1F2E10E461002910105D1042792D1CA303F469714C018C23D72179E165049C40E801CB96CF334562E5807291D1E0C70FE6
311
CAD91656715F0E5C5E70F8D7F83290549B1BAA6F781D25180EBCA93EC84E72A74081CE3020789B3790E1A9E478E658C099BECFF01E530E80EC5FE31204ACFF70AF8177A03059240CD074978A002A878BF883FEEC81DD684E406CA630ACFDE87292822A11953710F000885D6F68A67ED40CD772B0828359B753F7CE23D9479A
311
B9845771B389D6A77130F8C134EFC83947392029B10E4425440A84AF0E54825228FC1634D369874739C837A9DDC83C20D320C36042610ECDFA750303710224D01202488012CA847424F8D53F78AB6BECE9B3B35A7F32396AC6B7444566327DBB4DF06FD9616744F4D3A397EB3B0A3FBA8D763702883ED742FE5CD24146D8E3
311
53ACCF811C806AE09914D8446E93840FF4D6C963FF32BFB6AB015D1D3B0C9A0968776F021F21404B6260CF84A14F35180CE20B5E85BDA2EC91FD5A7DBA7E5705F4F0F97AF26CE18E3BA078138202400A62930FA6CC7882F911A92F33E547E64990B0F27323D73B6222863F86425153FA8009361C675554C25382CE148420C8
311
DCC47A20122806CA178A0918C14CBD33440289078A00EC6070184CA9907FD0A1270478E0B325B67C2193694EDB7DD0F3C238447C8A11485562FB4902134E6AC952FD5320A4F7C780882DA9684285CD81D278C0E8FF8DEC9F45D22DC3C2CA99C2728110888799575B6834BF22B0F01EDE72D7F21B672C40F0A972999E2200B7
311
C91403F9BB3D09C01990819238CBAE5E7510D7D57450507E3DB04AAA0A3C280064E0775380C8C16EEA4834346A04BF0CE847B4B3AF760D06D24BBB267C32E2C9257DE5EB748AD101AF1FD33265E2B674EED8C01A0AC901392211011AC810560F77778E85B13BAFE3E25C95B70919A4862C15928BD8989664AD8638101D009A
311
80F00BDC41AF27602A4BDA0C077E550048E7F1011410F01405045E1C140B4D0E70E0F6E034171C3D6FD12004FCC1FA304312518910356628A4A326EC9ADF5DFFD1B2C0399503F14B4F8E3E0E4E39A06ABCB56A8014687E86E462BDDE5124615ECDB412B7314F62E6E0C76ADEC0F717B360E741960104CF1706CFA18E060500
311
4B01AE007869B095ED92144A807841EFF2811C047889A04901C809062057192688C92346F97F279449F89B113500BAD282D1DA80A55C27EFFE02C8D4F395003F285B617BBF0831F49B055342DDDD414378E8888E92C16789F269A27C9A221FAA4A0DFDDB9F935B2ECC04DC51481558A69301E0460B02665AC4DD30C03D4808
311
66C3409400051811876014C0F294C542821AB045011A3E3F09001FF304E3A0BED05CC11A811B865001769507FC01ADC611F400CF68C7B093606E30F3C7E0F00C1D10C31951C1E2D7252181DA00345842A19130715C736EC9ECE686A712FDB31E4D3E50AB336E5666D7B212C0113C4A4406029709B43D0228F3FBAF49921B19
311
CA0C82A2D5BC4A2079809240F37D3E10F9637607C3983F0458508A98B8B4EFC92AC13530180CF55359500080061DF59B98BB3FEACEE881DC8127F182A885A86FB12B43C590A4380504E32305E3148BBEEB2D2782029765428092545BA5C2C681FC5F8E869C0EE1034A822FF09A12C94084505AA868080303473F8161F7AA0A
311
6610745E280BE4427FB770106F8800EADABA19F453210435BDB2348471B13B65F2FCB554827632C4C44467333E4127095D22092ED492009930413251B5408345065065E415266E20279A40B3F520370BE2050C8360E6BB4601C1673B9BFE007EF5200B6483CD195400A783E6DEA0653515B0FCE8E86D1618FC1EFC15C2E727
311
F24F2A2DAB57326D8D0877D4E298894E7A0C3C7D9CE8A0E2D17AA2020FA1097D6372F2A9F955060FDD467AD0426368C24A8340FD0D6687A76316DEF5179ED9042005A2BF02A5DD810A4DEFA4A8F700EFC50FF4FB8C06410F0303C106ADF8852ACC6A2CA9046E9ED070739339857222CC009E206479886EA26227BF7A341A15
311
C351A8404A6C10080A2140FA4B4E8D9B9A11645899332363FD69887F436A660566964250FD752E787B64BCF8E6C8190DF8EA0C854C062D8A5A1346F810414313E606ECA0AC3A01D6928544029D5F42E202C0CB386F880F7842A31287061F32F3CBE09F2950783394F2F2B23D85386C6F51943E99DD10C8A0000BA9569A1480
311
5693274BD0E4F4DC3F28E331EEA91C4F33ABE057889BFB92819187840A08E57A276A8BFCB75B0342668C70C565C8059996D209C2800941A21FB82B2F520BC2E6FE6F1A8827043DE17000DACC8193E78BBB8DF1467978C06F6AFE986123E3A95272CAC122046F4C65C4B88FED2F1CD1D918F7CDBF8903BF1A90057D42F4DC13
311
3AF804ACBB58446A0DB78806FC053FA1E45D0AF1112613CC0DD976C5E70AD3282F42725C0D02AC8588DE451B1C01ABF063E7748A3882F0DD484BB78D037F9812240EB88B6034C0AD53E5116D4C6D920C6A89F084E6D0598AD7EB6930CC7B293E27A666E5CDFE9A3FA52FEB3C97976FDAAE9A60008FCA6B33099CF9880D35D4
311
19FC687D424378E3099441E110C5B3C6DC311E6653514A67A530D863326C4D8430E0C28024803B5B069B0E60C10EDB6DF087034171DF01F1F3404B27B1056D8C0E56E7CA6056E7798147BE4C2F01CED5987E413AC6A724876DE3F599E0601CE7B9CEF3BEB3671E12DCE8AF9631B8031D3F360B6955DC2342B2A0E4632A0026
311
4C0DA002220CFEC3E10D9BADC8904D88DC51928593AA16C91DF6FFF82B3234404C7214D0F8608E0052283EFB2B0563F1D072936C4017706010BCF1B16CDE0C1FA9C777E44E1F5259B0C9BBC8794A82A6C182A3AF56B16921405351FDDC91B5BAAA617860E8D76C97C377FE701A4EB4378FA97C2C8E3CC8950886C6FD93AF70
311
A1F5F676B7ED16CBC56AF5D09110EEB8607CC08A795882358280DDB98AFFE7087C6EB593D62F041CDB4018935238E73F1098100D0C8769818F777057F64C703C6530E142FDF5C837AE1CF66C94C4887D3A3726AB990DEA248F73B5D32C8E04F6714B1E67C53FC52040252E605B322407CBF8C7F05453462A295ABF4D95592D
311
DD76AC23512E9A2DF964715C80DD752CA8E263AC36F02C3C28A133EB22AC8D099BDEFDE28C3E8FFEE3815D5D00C17C00511058354D62443C1A546280E43572A9C661A34FA5891F8E7570608C8DF21DF51DF9D2A84D4501F41B8CD4F4C9DEB2F901E810C0E4CEB6EC08DFB06341C864CF8D0EEE779A606545E1E64AAF30A432
311
4C20FDD3BD558BD966BA994FA915CD162B1978642AD01694E533EC190368A68234657085B5F88E27A0805E04B8BB6A00A51646EE3C10A50FF007FF410F1963CA69BE2002F0F902E701AEC995FD41F83A3F0C3809A3288A083003A6CC2A20E6D703EE48E3777AC07ADD51EB6101603A9FCF17B3D5928F6D742EE7E4CF38AE2B
311
03C5FB39C81D7B2978FAFE85AF3D2710B0582C970F0FEB0E4D1103B8BE2B4D560CA10002FC8F334C891C07B44FE06B2E3ACE5E1E2D1FC32203110ABF9CA0E8381F68EC3C06701328E5A38278A5FCD944CEA5283DA933DF2A2448BD23F1C5D8BE04CC2DC3B43B3EEC29F8B5FF926D11D3E97EBF7FA1BD1E5E5F5FE6D3D972F5
311
48547783146ECD84873F377C5820F7F9FCE5E07378D6CBCB7E036DF7F7104079A05B77C6942D1BA95D47424BFC3DB6411009A42E207871B7EE9B06614BBD20F22F7523FB985F3F7068E37600273A3ED0C1CCC380F6EC4AF01CC1CF95E4848B7BF950AD14C44F10460221E02D21D01DAE800F323704C00035DFE97CB37F797D
311
3D1C0E4FBF35EE1E5E9E0E879FBF3DF6F474780A01FB3DAF01FE0C0798218007C2090A3008BA7682A338F4A8804A06CBFE6A80CEC766F49853F15B2F45FCEA3F8250012841315016E75E797EFEEC4ACA6C79F515CF1738F7C36E2406071051043817C9E8C5888D49D0332E800062FF54FA562BF7446CC0BFDFBF8603D1FEFC
311
C9F7FFB5A7F000430755C2D3F72F2D02A022820897ABDD44594475BDCCA4A10AF34C06B08B4AB58BBFAE30999DC66C7CE903A83CF8EB006EEEAA063430F84B05F0ECF644825F5E95073870E72A0771AB89B080022A0C5A9FAF34C89286257FB7BEA000EC65B59750C68E0815B0D9834B15606328F80709DE09018AC2A7817F
311
83F96DB3D562C10A0A31300230CD4200B87F85808BAF64D04600254047F9C14DE93464009E7F5AABB4FDD6D55142A2C0BF1541FCE19C20C899BF4F76AB54B84CB97F88F48ECC029FD253F0C70DF4816B9AC94BCBD653B1A283C4001A0337955E4AFED3FB790B6B1F5EA0B5514074103A38D84280EE0F5F9BE974EAB2D16AB1
311
EA969684B6E4166CA28264B300474C7308D20013B204A65F82970718D05678B3315D442E1C0A327E2F56556040C005D2FAB1326A68A07507C9E46A3648555A7080F5F50219A00E6222E3E0862CE95B5680930530742F1D041805E69B788161F015944D041182B861A2C17F3AF01CF5BFDF6C343F9171F5B004BF59C0167191
311
64B888EA206A02AD05E8464D06B48E4381A0E9345FD171625AC22198F57C003BEA5510F81FF78D31C9B033D0030000000049454E44AE426082504B0304140006080800AB5C295A28BB58AF800100009E0500003D00000037454438314233432D383345412D343031352D413641382D3444363736424436334446452F536368
311
656D61732F436F6D6D6F6E536368656D612E786D6CBD544D4FC23018BEFB2B96DE15493C78601010A34B880709DEDFB52FD0D8B54BD70DF6EFED3AC0B12E6442E2716BFB3CEFF3D18E26FB440405EA8C2B1992E1C323095052C5B8DC842437EBFB673219DF8DA659866649B798C078B48AE6410122242F2A4994AC7F93815D
311
F85C049C8564CA0A901499DD886B2EB9B1E02448F358701A9235880C49A0119892A20C89D1B9FD768815CAD268CB5E0355B40B1E47F3E37A2020464BED06AA57CE8FCC20C3C3446D46761A2632A8C1283D07031EFF2AE7CCB1BFEEE916E406DFAC8E36FFD99A9D60A6944090EEDC3B670C7DC13DE86B6B2C5C240D6E503BB8
311
5ACD579D513F1B9F9A69DC9CC22AFA80C426D40AF0B21EA168559156B6276F0F726A6BFF04DCD513A87A62CAD41FB24FCB2858B3952E3D852084DA25B9303C15687973CC8E8AAE11DF2836C38C6A9E765E8C1BA1BFB1DC29CDFE518C8B5A7655A4ED7E77291ABEB80DBD82EC866ADE1B8D05AF9E35CF09D7A061F38A986D9E
311
C412B8F0F65E5D81534D9B231D1E5A8FE577A241F3A5FD01504B0304140006080800AB5C295A670136ADA9040000B41400003E00000037454438314233432D383345412D343031352D413641382D3444363736424436334446452F536368656D61732F47656E65726963536368656D612E786D6CDD586D6FE3360CFEBE5F21
311
F87BD3245B0E2D90F4905CD12E1F8A0CCDF5BE0A8AAC24DAE417C872DAECD78FD48BE3D44EE3B5C3E16E010EE75A34C5877C48911A7F7E4914D9095DC82C9D44835E3F2222E5592CD3CD242ACDFAE22AFA7CF3CB785A14C22CF95624EC66FC34BF253BA626D1BD488596DCBD8F2E6FC6335608B7F428D258E807664080A983
311
84D9E75E22F16B2CCF05D32CE502359492C878124DE31DBE89612BB196A934605E44F272A5249F446BA60A11112D589CA56A3F898C2EE16F6B136C595C7AC3C2FF076D3D808BDBC824572211A961A8D96E393F7AF5806BEA91EDDFB1ABFB769EB08DE8BCDFE27EF98E9DE0ABCE3BFCA1C54E8AE777ECE2BFFC92A94C87EDE6
311
A9111BA1ADE75C74BF391275D33FAAC5FABF89F1D33C9836CB3225980B2A479BE96A4FB3D59F821BCF11CF1FC55602586C7191D99E2C9C0CF2B8A662E3484E59466361985485D7E248E7953C01F19DA23B9D256461B6E09C40FF02D1DEA98C19EBAFBA4659184B7D47DEDF22E2F53DB017721B164F5B845961697F0C699AAC
311
2410982C385725A6361A500F59CD848221F103A8C1A7CA84A55F407794695C905C688E69B111550ACA946B9B4785FC1BDE0E229240B62665328986D5B32C400CEDD88188F35AC25EBCD40836F47F35E5C0EA4B6F767B50568CFFB5665C505E2AD5EA8A9997205F50A2350EAB32C9294B0024108429953DF32C4D812E226658
311
F78A490408362A94987E6F787DFCBBBABAAEDC36758ADEE9B58B41BF0F35D87BB1E991E02BF0B513748E6C0AA2EB2CE56EC68E97585643D82DE284E51DE03E4E22B00738761F1E66E1616A03EE093B0327B6BB9797262B0DCD72C6A5817ADAC1C3C0A3909CF6639B404D18B15CAF4B3C09CEAA4414BD5F0723F059ED37048E
311
7A64271711EDC9C5230F58FBDA5DE00DA512CF04BA6671A0D201A83D2EC81D2EB552C7E5CD1BF9D6913567B2CD53A659AC362A2B200B440195E2ACBBD167A32A86F7874F7F00686DB55D163481DADE5E417E979BAD827FC6B2B0AD8A6AB1567038E466EB4B10C4C2F3F71196A09260938125FDAB8662456EAD68AB2F7C1DFF
311
709C874887B76A4355564F017256531BF73D7D754A40E23401DA38EFC907CF8D8E3C1E5E7505D8E432C60BE1EDA01E5166683F169B6EAC6EC046153F66C2BE0679FD3F407982ABFA28F92E0E457501938D96B12090869079360D3F947CA8BBC3D9FCE1ECF3C676C9BE80EB67CABE004FC290F8E26BE6A0371AD6CE66781C40
311
8A1FAA8CFFA63DD93A94CD5E1F3BA6A3DFB05B34E1247BB3949E3C332105035203136EA14AE89FF99E3E0B3C4EFE65C581A3A3D2D0EE84EFDB22B49DA31A07059E69B81628A8ED1228B63E42C3D840C3C01F460D1F331FE199821B03F22CCDB6DBF074B49566B12C3B3626074EA1B130B4596BDBFBB642A835954A9509E576
311
9234228129889952870EEE13F494954AD7A27EAD09411BDEEC5B6B6AD752C11509F826EF4007E86281B1AE63750FD09DBA87A34EF4CE2A75F3E85960004EA6B519F4806609E8C91CD18380BD81691D9F2CB5730631E6DDBAFBC30E96D3E1D3D67EE8FB72BAD92AD4C1FD3CEDFBD2681858ED6583CA3853294B80AF67AECFAC
311
6418D08164D5FD1E52E8B546BCC77B87C6E9D1655FFD384FB26A28AADD82E04B9C64EBF78FFF00504B0304140006080800AB5C295A8DFFFC99640100009B0300004500000037454438314233432D383345412D343031352D413641382D3444363736424436334446452F536368656D61732F52656E6465724D617465726961
311
6C536368656D612E786D6CA5535D6BC230147DDFAF08799F5FDB600FADA20EA430D968A7AF12D36B1B481349529DFF7EF9A85A718860DFDA73EFB987734EA3D16FC5D10E946652C4B8DFE9610482CA9C8922C6B5D93CBFE3D1F0291A6B0D26A3255464182D920FB4233CC629881CD49C18508CF000E3EE309A100D61622AAB
311
4A8A33B2483F11CB639C545B0E1508438C3D3C0361192846DB7ACD198DF186700D182920B914FC1063A36AFBEE8FBA03FFD3CC1D1F4FC9E151A2AF59F628C5B7821D83FDFD3489305080F2EE04BF962195FB285E9D2DD352320A9E827AE357594914E42B1F5FE35F83688F60C4C91A6C946ED0668E8F244BC2EB0BA6E3BCCF
311
C0B6A4B507F9F9F8D51EB315D9BA9E08D308E89F96931666E577837E2B4172199C68C4FE306156D47DF51C698C7B9D97FE5BEFE2190C3C38BB054E6E8163FB039CB4B993C80BF18D969203116D6BBD26238B821F9BB909AD6D9C71B85BCD8C33D66FEA3D31B4BC0AD45BEA46BBEDDFEC0F504B0304140006080800AB5C295A
311
82C155634F000000570000004700000037454438314233432D383345412D343031352D413641382D3444363736424436334446452F4173736574446174612F41737365745461626C654F66436F6E74656E74732E62696E53616060303133367173B370D235363235D105F28C752D1D2DDD744DDC9CCC4C5D0C1C5D5D4D4D85
311
80EA72134B528B321373120B0A52138B12F39253818260C00B24DD53F380B2C9C1C919A9B98900504B0304140006080800AB5C295AC55C663656000000680000004500000037454438314233432D383345412D343031352D413641382D3444363736424436334446452F4173736574446174612F53747265616D5665727369
311
6F6E5461626C652E696E665D8CBD0A80300C06F73E4B29FE6CDD8A2E82A083B8B7F209014925C9FBA3AEAEC7DD2555D896CB85E51C2A1BD834F6A1F56EC4494C4695278364ABB24ABD2146F88CCEBB89D5321FF8F3F43D672A3B44DF3CB6A1710F504B0304140006080800AB5C295A03F6746C37010000A204000036000000
311
37454438314233432D383345412D343031352D413641382D3444363736424436334446452F4173736574446174612F636E782E786D6CCD94314FC3301085FF4A64893176128480CA718560E904121503DBD5B9B4561D3BB22F08FE3D769B0154C4D4A1EBE9BBBBE727BF93CBCFC1161F18A2F1AE6535AF58814EFBCEB86DCB
311
26EACB3B562C950CDED30F8C150E066C592E3325B7C14FE35CEAB087C9E6AA356E3F171F62445AC3C6E273FFE81DA1A3C80A6D21C69645BDC301384CE43B8C7BDE0101AF79C0E8A7A0314D2233E03C490704C28EA9A66A6ECAAA2EABFB755D2FAE6F174DF32E452695DC786F67DEA465C18F574DA58F7B99AAA4C880925330
311
33955FC3D45F2AF9C6382912A964A4905C993BE86B4C1D308ED668A0649EF09A90CA04210C521C61254576E197174FD81B6772CB2A4903F2E12509C440062FD093FFD49EDF9B958B044EE3253B72AAF1FC3EBC1E7ED1DB319687DC5C5E5A4E3572E3FA3364451CCE498A4EBE2EEA1B504B0304140006080800AB5C295AEF37
311
8499E7000000600100006700000037454438314233432D383345412D343031352D413641382D3444363736424436334446452F5265736F75726365732F34363334464638422D333235342D343633332D394139462D3446423635443041454535352F7468756D626E61696C2F302F636E782E786D6C4D90C16EC4200C447F25
311
42EA3181A4AADAAE08FB137BEAA5728937454B300253B57F5F6839EC69ACF193E5197DFE3EFCF085293B0AAB982725060C963617F65514BE8E2F62381B9D88F80E1343800357D16C61F49EA8C46E6D7885E29BEB5DB87573C780C9D9F7187631580F39AF22DB4F3C6082C2B461BE4D1B304CF39430534916EB017607F60336
311
21306EC22C6A791AD53CAAD7CB3C9F1E9F4FCBF2A665238DFE20F29D778131517C5894A53A86FA8FD2B2014697E43AD5420873F79C96756974E654F377887F62852046EF2C70AD499265E4B142088796FFB0D1B2E5ADF25746D5D68DF905504B0304140006080800AB5C295AA233C2345D0000008000000065000000374544
311
38314233432D383345412D343031352D413641382D3444363736424436334446452F5265736F75726365732F34363334464638422D333235342D343633332D394139462D3446423635443041454535352F7468756D626E61696C2F636E782E786D6C4D8B490E80201004BF42E6EE76F3C0F216234B883063108CCF170C074F
311
95AE5473F5C4C06E932E4F28601967600677D21E9D8092EDB002539227A2FCCB80E1168D80A6417297A89C5D6963B7129A0D1E8F2EE73AA7B62BBEB8B27DE50B504B0304140006080800AB5C295ABE89762363000000880000005B00000037454438314233432D383345412D343031352D413641382D344436373642443633
311
4446452F5265736F75726365732F34363334464638422D333235342D343633332D394139462D3446423635443041454535352F636E782E786D6C4DCC3B0E80201004D0AB90EDFD75167CCE820A4A845D83603CBE602CAC26799919AEEEE0D965E2E908050C6D0FCCE04C8BC355404EB6198129C92351FAD580A10E46406590
311
7C8D948F8F166375F655BDC3FDC3B4E530A176BE7057BDC43B2A593FE403504B0304140006080800AB5C295A7411C9E77E000000A30000003600000037454438314233432D383345412D343031352D413641382D3444363736424436334446452F5265736F75726365732F636E782E786D6C4D8C410E83201444AF42FE9ED6
311
16309A004653B987A9684891DF50697AFC42E3A2AB97799919D97D364FDE36BE1C0605975305C4863BCE2EAC0AD2BED00648A76544DCFF6A40C2B459054583966BC4F43CD46C9729F962BD0B8F43F29A71639A81B2ABE0342746DBBE35949BA116B7AA1F4721F2E25C2619BFBFCC72AFBF504B0304140006080800AB5C295A
311
A130FE380B010000550300003400000037454438314233432D383345412D343031352D413641382D3444363736424436334446452F536368656D61732F636E782E786D6CCD93314F04211085FFCA86C472815D63D40BCB151656366A65873077470E980DB046FFBDB052DC25765A5C072F5F26EF3D18B1FDF4AEFB80982C86
311
890C94930E824663C37E224BDEF577A4DB4A1111F30946BAA03C4CA4CA448A7DC4656E92819D5A5C559D0DC7263EA0F7185EF401BC229D762AA589A4F54AD592D1403A52A3B2A2038D9070891ACA846C3DB4093A82CA60881CF978D3F3A1E7F7AFC3B0B9BEDD8CE39B609594E21DD135DE860C11E7AB916B2CC7500C71C12A
311
20C5126DA36A0A224FDDD1D28760859022E5585A6864FE9A0BA9E6D959AD72298BADE00F2305AB61CF223F428068F5A5663EB3F76FA19F2118884FE5A5A255EE52B3FFE6F26F15B07503CA37A80B21BF01504B0304140006080800AB5C295AE3603EBE7A000000C20000002C00000037454438314233432D383345412D3430
311
31352D413641382D3444363736424436334446452F636E782E786D6C6DCD410EC2201085E1AB90D9DBEACE05D09878023D01A1D34A8419C380F1F82DA68B9AB8FDFEC93C3D7C52546FCC12980C9CBA232824CF63A0D9402DD3E10C6AB03A3397DD192872090D3406ABE7CCF5B5D18893ABB1690CF4DCF02282E5EA8A5BB96F
311
FE536F285CB347F95BEFFE81C9ED5AFF9D5B1FB575BB00504B0304140006080800AB5C295A8D0E65657E000000A300000007000000636E782E786D6C4D8C410EC2201405AF42FE1E2DA15216404305EFD158DA105B30588CC7174C17AE5E327933A2FF6C2B7ABBF4F2314820A706900BF738F9B048C8FB8C39A05E8914E3FE
311
770314C6CD49A818945852CCCF034D6E1EF35AE9EAC3E3809D359C0CF48A39B51AB70DB960CD34C7AD611D1B0CA3E6668B71AE4A995FAF6CCDAB2F504B0304140006080800AB5C295ACA1DF9C9A900000073010000130000005B436F6E74656E745F54797065735D2E786D6CA590410EC2300C04BF12E5DEBA70400835E500
311
FC800F84E0B411AD13252E2ABF27A55740421CEDDDD9B55CEFA7A117778CC979527255565220197F75D42A39B22DB652EC9BFAFC089844F65252B2630E3B80643A1C742A7D40CA8AF571D09CC7D842D0E6A65B8475556DC07862242E78CE904D7D44ABC79EC569CAEBA537E3521C16DF5CA5A40EA17746733E0B6615DE7217
311
475F386F18B9481C510F1F021CD9FF027EA0E1F5C4E609504B0304140006080800AB5C295A3DEE336E64000000790000001B0000006175746F6465736B2D64657369676E2D7061636B6167652E786D6C35CBC10E83200C00D05F21DCA56CA76D41FC96062B120735B69A7DBE268BB7777961F8D5AF396893C2ADB70FE7ADA1
311
96782C2DF776D7A97B5933C430F15651E5469C55D70F80A4992A3ADC954792C525AE70A1E4D6AD9816CC044FEFDF01FE3FDE907802504B0304140006080800AB5C295A46B7FA5AF9000000960100003700000037454438314233432D383345412D343031352D413641382D3444363736424436334446452F41737365744461
311
74612F636F72652E786D6C8550CB6E833010FC15B47783ED404922E38886F0053DF56619875A0936F2A3EAE7D74EA8D49E7ADAD5ECCCECEEB0D3D7722F3E95F3DA9A0E4889A15046DA499BB98318AE680FC58933676DF84583C28845759061E06C7636AE1B24AD09CA64D4D8496DA0F05E0528E43D351D78F9A116518A1812
311
C3DFCA55C89B985549CA278FB318F5B449F594DCF4552B07FC32D0A6AF5FCE08F784A2BA1947D4B77B8CC6FAF570BE0C98B62D6555167316F4F2B35D3A25829A80534C1B8409C28737428EBBF648E93BAB3293331F5CFA795B9ABF03DEE7AB071104AB9ED33FAE719DFE778DDA841DDD5C9F0A0F9CA4231F03CEAA9C522A8F
311
0853CD89F26F504B0304140006080800AB5C295A8CBCCD2CF40000008E0100006800000037454438314233432D383345412D343031352D413641382D3444363736424436334446452F5265736F75726365732F34363334464638422D333235342D343633332D394139462D3446423635443041454535352F7468756D626E61
311
696C2F302F636F72652E786D6C8550CB6E833010FC15B47783ED404922E38826E10B7AEACD320EB5126CE447D5CFAF1DA8D49E7ADAD5ECCCECEEB0D3D7FC283E95F3DA9A0E4889A15046DA519BA983186E680FC58933676DF84583C28859759061E06C72362E1B24AD09CA64D4D8516DA0F05E0528E423351D78F9A166518A
311
1812C3DFCB45C8BB985449CA95C7598C7ADCA47A4C6EFAA695037EBDD0A6AF5FCE08F784A2BA1906D4B77B8C86FAF570BE5E306D5BCAAA2CE62CE8F967BB744A043502A798360813840F6F841C77ED91D277566526673EB8F4F3B6347F071CB36A45FFB8C565FCDF2D6A137674735B151E3849C73D079C55399D549ED1A59A
311
93E4DF504B0304140006080800AB5C295A2679CB58FA000000960100006600000037454438314233432D383345412D343031352D413641382D3444363736424436334446452F5265736F75726365732F34363334464638422D333235342D343633332D394139462D3446423635443041454535352F7468756D626E61696C2F
311
636F72652E786D6C8550416EC32010FC8AB5776C20769D4498C84DE217F4D41B35C441B1C13250F5F985D895DA534FBB9A9D99DD1D76FA9AC6EC532D4E5BD300C93164CAF4566A333410FC0DED213B71B658EB7FD1203362520D2418381B161BE60DEAADF1CA24D458A9365038A73C64FD189B065C7F5793C845F091E11EF9
311
2CFA8718544EF295C759085A6E522DA39BBE69B500BF5E68D5962F67845B425159751D6AEB3D465DF97A385F2F98D63565451273E6F5F4B3BD5F94F04A02A798560813840F6F841C77F591D27756242667CE2FF1E76D69FA0EB8BF87E9C3083DB2629DFE710DB3FCDF3568E37774735D150E3889473E079C1529A5589E11C6
311
9A12E5DF504B0304140006080800AB5C295A586DBE1B0D010000B10100005C00000037454438314233432D383345412D343031352D413641382D3444363736424436334446452F5265736F75726365732F34363334464638422D333235342D343633332D394139462D3446423635443041454535352F636F72652E786D6C85
311
50416EC32010FC8AC51D1B30C47184899CC4BCA0A7DE904D5C94182203559F5F485CA93DF5B4BBC3CC0E3BFCF8B5DC8B4FBD7AE36C07708940A1EDE82663E70EC470857B501C055F9D0BBF68A0B06AD11DC830107C5E5D7C6CD0E86CD036A3D64D7A0395F73A8062BCA7A6037EFCD08B2A550C89E16FE5438D3735EB12972F
311
9EE0319A69939A296D3357A35720860B613DDD9D21EA3181944909FB668FA0A4A7F63C5C10691AC2AB2C163C98E5C77D5CB50A7A028220C220C210B56F181FEAE640C83BAF3253701FD674F3669AAF0382EE6A2AE5FE046BC2284C530DDBBE9590CAD38E5D503F0C8CF1EA25FC63181FD3FF86D1D85093CDF0A5F040E0F4FF
311
E783E0550E309567BAA9E6B0C537504B0304140006080800AB5C295AD2EB9D07FB000000960100003700000037454438314233432D383345412D343031352D413641382D3444363736424436334446452F5265736F75726365732F636F72652E786D6C8550CB6EC23010FC9568EF4E6C030D20C728E5F101554FBD59CE0216
311
C48EFCA8FAF9B52195DA534FBB9A9D99DD1DB1FB1AEFD527FA609CED80D5142AB4DA0DC65E3A48F14CD650EDA4F0CEC55F34A8AC1AB18302831417EFD23443DAD988B6A0D60D38832A048C50E97B6E3A08FA8AA3AA558A99116EF5A4F44D5DB066F59327454A6698A566C86EE66CD0833C1EF8AA5FBEEC09ED1927CBD5E944
311
FA764DC969F9BAD91F0F94B72D174D114B11CDF8B35D7B541107909CF215A18CD0CD3B63DB45BBE5FC4334852945883EFF3C2F2DDF817CC3E092D71844F39CFE714DD3F0BF6B32362EF8ECFA5404902C1FF91848D19494727944986B49547E03504B0304140006080800AB5C295AEFC07BC2F8000000940100003500000037
311
454438314233432D383345412D343031352D413641382D3444363736424436334446452F536368656D61732F636F72652E786D6C8550416EC32010FC8AB5776C20769D4498C84DE20FB4A7DE90210E4A0C9681AACF2FD8AED49E7ADAD5ECCCECEEB0D3D7F8CC3ED5ECB4350D901C43A64C6FA5364303C1DFD01EB21367B3B5
311
FE170D322346D5408281B361B661DAA0DE1AAF4C428D956A038573CA43D63F63D380EBEF6A14B9083E32DC239F44FF1083CA49BEF2380B41CB4DAA6574D337AD66E0D70BADDAF2E58C704B282AABAE436DBDC7A82B5F0FE7EB05D3BAA6AC4862CEBC1E7FB6F7B3125E49E014D30A6182F0E19D90E3AE3E52FAC18AC4E4CCF9
311
39FEBC2D4DDF017F5BEE74AC58677F3CC324FFF70CDAF81DDD3C5785034EE289CB80B3226514CB1260AC294FFE0D504B0304140006080800AB5C295AD778ECA504010000D80100002D00000037454438314233432D383345412D343031352D413641382D3444363736424436334446452F636F72652E786D6C95914D728420
311
1085AF62F51E151D7F32854C39D19C20ABEC88F438D48C6009A672FC4034956497ACA01EDFEBE675B3D3FB748FDE70B1CAE806689C42847A3052E9B181D55D480DD189B3C518F70383488B091B083270362E669D776930DAA10EAA36127751588B0EA2E1EE2F0DD8E18A9388C5EA3C616FF12C869B1831A6F1C671E6D4F465
311
1D16140E25F02CCD0A9252923E3C537ACCAB6396BDB024909CAD4ABB3CDB9BE1F48A3232B3F3918017394BB6678FAD4AEE9092FE93EAA270015EF55D4DCFF923A9F3BE25879416A42DDB9A1CBAB22ACF5D99774FBD2FE2CD9C59B7F8D1EC45C210FE6ADF8CBFA2ADB3FC67B4CD6181D3EF5049983367C9E712FC1976C23F00
311
504B0304140006080800AB5C295AB2A49DA508010000B201000008000000636F72652E786D6C8D50416EC32010FC0ADA3B3610BB4E224CE426F10B7AEA8D1AE2A0D860191CB5BF2F24AED4DE7A5A3433BB330C3F7C8E03BAEBD91B676BA01901A46DE794B17D0D4BB8E02DA083E0B373E1970C9095A3AE21C120783FBB655A
311
A1CED9A06D42AD537A05A5F73A00EA86F8A8C177573DCA4C2E212AFC2D9B647793BDCE68F6D4091ECCF8B3DACD5A06AD4030C24A4C2826BB374AF79B6ACFD83BCF9352F065316AB5322ABA9B8BD13388F389954DF172C4A4A10C1765DBE2A6DA12DC16AFBBE3F9445855319EA765C17D98E39FD7233167405EDE932FCF9F94
311
E01FCE0DAB208652C8D9E10B04E17922FE845E26F58FD0C6860D5B0F3E373C081A033D88689C1A8CE3516F9CA96DF10D504B01021400140006080800AB5C295A8BF8664913010000A80100004F000000000000000000000000000000000037454438314233432D383345412D343031352D413641382D344436373642443633
311
4446452F4173736574446174612F446566696E6974696F6E4974657261746F7250726F706572746965732E62696E504B01021400140006080800AB5C295AA354ADEEEE0000003002000045000000000000000000000000008001000037454438314233432D383345412D343031352D413641382D3444363736424436334446
311
452F4173736574446174612F496E7374616E636550726F706572746965732E62696E504B01021400140006080800AB5C295AB5A795FFE3790000DE7900006B00000000000000000000000000D102000037454438314233432D383345412D343031352D413641382D3444363736424436334446452F5265736F75726365732F
311
34363334464638422D333235342D343633332D394139462D3446423635443041454535352F7468756D626E61696C2F302F67656E657269635F706E67504B01021400140006080800AB5C295A28BB58AF800100009E0500003D000000000000000000000000003D7D000037454438314233432D383345412D343031352D4136
311
41382D3444363736424436334446452F536368656D61732F436F6D6D6F6E536368656D612E786D6C504B01021400140006080800AB5C295A670136ADA9040000B41400003E00000000000000000000000000187F000037454438314233432D383345412D343031352D413641382D3444363736424436334446452F53636865
311
6D61732F47656E65726963536368656D612E786D6C504B01021400140006080800AB5C295A8DFFFC99640100009B03000045000000000000000000000000001D84000037454438314233432D383345412D343031352D413641382D3444363736424436334446452F536368656D61732F52656E6465724D6174657269616C53
311
6368656D612E786D6C504B01021400140006080800AB5C295A82C155634F000000570000004700000000000000000000000000E485000037454438314233432D383345412D343031352D413641382D3444363736424436334446452F4173736574446174612F41737365745461626C654F66436F6E74656E74732E62696E50
311
4B01021400140006080800AB5C295AC55C6636560000006800000045000000000000000000000000009886000037454438314233432D383345412D343031352D413641382D3444363736424436334446452F4173736574446174612F53747265616D56657273696F6E5461626C652E696E66504B01021400140006080800AB
311
5C295A03F6746C37010000A204000036000000000000000000000000005187000037454438314233432D383345412D343031352D413641382D3444363736424436334446452F4173736574446174612F636E782E786D6C504B01021400140006080800AB5C295AEF378499E700000060010000670000000000000000000000
311
0000DC88000037454438314233432D383345412D343031352D413641382D3444363736424436334446452F5265736F75726365732F34363334464638422D333235342D343633332D394139462D3446423635443041454535352F7468756D626E61696C2F302F636E782E786D6C504B01021400140006080800AB5C295AA233
311
C2345D000000800000006500000000000000000000000000488A000037454438314233432D383345412D343031352D413641382D3444363736424436334446452F5265736F75726365732F34363334464638422D333235342D343633332D394139462D3446423635443041454535352F7468756D626E61696C2F636E782E78
311
6D6C504B01021400140006080800AB5C295ABE89762363000000880000005B00000000000000000000000000288B000037454438314233432D383345412D343031352D413641382D3444363736424436334446452F5265736F75726365732F34363334464638422D333235342D343633332D394139462D3446423635443041
311
454535352F636E782E786D6C504B01021400140006080800AB5C295A7411C9E77E000000A30000003600000000000000000000000000048C000037454438314233432D383345412D343031352D413641382D3444363736424436334446452F5265736F75726365732F636E782E786D6C504B01021400140006080800AB5C29
311
5AA130FE380B010000550300003400000000000000000000000000D68C000037454438314233432D383345412D343031352D413641382D3444363736424436334446452F536368656D61732F636E782E786D6C504B01021400140006080800AB5C295AE3603EBE7A000000C20000002C00000000000000000000000000338E
311
000037454438314233432D383345412D343031352D413641382D3444363736424436334446452F636E782E786D6C504B01021400140006080800AB5C295A8D0E65657E000000A30000000700000000000000000000000000F78E0000636E782E786D6C504B01021400140006080800AB5C295ACA1DF9C9A900000073010000
311
13000000000000000000000000009A8F00005B436F6E74656E745F54797065735D2E786D6C504B01021400140006080800AB5C295A3DEE336E64000000790000001B00000000000000000000000000749000006175746F6465736B2D64657369676E2D7061636B6167652E786D6C504B01021400140006080800AB5C295A46
311
B7FA5AF90000009601000037000000000000000000000000001191000037454438314233432D383345412D343031352D413641382D3444363736424436334446452F4173736574446174612F636F72652E786D6C504B01021400140006080800AB5C295A8CBCCD2CF40000008E01000068000000000000000000000000005F
311
92000037454438314233432D383345412D343031352D413641382D3444363736424436334446452F5265736F75726365732F34363334464638422D333235342D343633332D394139462D3446423635443041454535352F7468756D626E61696C2F302F636F72652E786D6C504B01021400140006080800AB5C295A2679CB58
311
FA000000960100006600000000000000000000000000D993000037454438314233432D383345412D343031352D413641382D3444363736424436334446452F5265736F75726365732F34363334464638422D333235342D343633332D394139462D3446423635443041454535352F7468756D626E61696C2F636F72652E786D
311
6C504B01021400140006080800AB5C295A586DBE1B0D010000B10100005C000000000000000000000000005795000037454438314233432D383345412D343031352D413641382D3444363736424436334446452F5265736F75726365732F34363334464638422D333235342D343633332D394139462D344642363544304145
311
4535352F636F72652E786D6C504B01021400140006080800AB5C295AD2EB9D07FB000000960100003700000000000000000000000000DE96000037454438314233432D383345412D343031352D413641382D3444363736424436334446452F5265736F75726365732F636F72652E786D6C504B01021400140006080800AB5C
311
295AEFC07BC2F80000009401000035000000000000000000000000002E98000037454438314233432D383345412D343031352D413641382D3444363736424436334446452F536368656D61732F636F72652E786D6C504B01021400140006080800AB5C295AD778ECA504010000D80100002D00000000000000000000000000
311
7999000037454438314233432D383345412D343031352D413641382D3444363736424436334446452F636F72652E786D6C504B01021400140006080800AB5C295AB2A49DA508010000B20100000800000000000000000000000000C89A0000636F72652E786D6C504B0506000000001A001A00210B0000F69B00000000
310
504B0304140006080800AB5C295A000000000000000000000000370000006662782F34423944463733442D343430382D343134432D423046372D3842333045323441443335382F617474726962757465732E62696E504B0304140006080800AB5C295A000000000000000000000000350000006662782F3442394446373344
310
2D343430382D343134432D423046372D3842333045323441443335382F76657274696365732E62696E504B0304140006080800AB5C295AF270F1330600000004000000360000006662782F34423944463733442D343430382D343134432D423046372D3842333045323441443335382F747269616E676C65732E62696E6366
310
60600000504B0304140006080800AB5C295AB5A795FFE3790000DE790000420000006662782F34423944463733442D343430382D343134432D423046372D3842333045323441443335382F7265736F75726365732F322F305F67656E657269632E706E6701DE79218689504E470D0A1A0A0000000D49484452000001000000
310
010008030000006BAC58540000000467414D410000B18F0BFC6105000000017352474200AECE1CE900000192504C5445818181B3B3B35A5A5A4848486060605C5C5C6464648383835E5E5E6262624E4E4EAFAFAF4A4A4AB5B5B54C4C4CB1B1B1858585B7B7B7585858ADADAD7C7C7C464646787878ABABAB747474A7A7A768
310
6868707070B9B9B96E6E6E6A6A6A8B8B8B666666545454565656A5A5A5505050A1A1A1BBBBBB8F8F8F9F9F9F4242425252527676764040403E3E3E9B9B9B7A7A7A8989897E7E7E9393939797974444448787873C3C3C727272BDBDBD3A3A3A6C6C6CA9A9A9A3A3A32020209D9D9DBFBFBF8D8D8D9595959191912626269999
310
992222222424241E1E1EC1C1C1282828C3C3C32C2C2C2A2A2A2E2E2E303030C5C5C53232321C1C1C363636383838343434C7C7C71A1A1A0E0E0E121212484A484C4E4C1616160A0A0A4A4C4A787A781414147C7E7C9193915E605E464846838583878987B1B3B18587856668665A5C5A626462818381A7A7A5A3A3A1B1B1AF
310
ADAFAD7072705C5E5C9D9D9BABADAB7E817EB7B9B7585A58BBBDBB4C4C4A8D8F8D747674B5B5B3B7B7B59FA19F606260ABABA9A5A5A39B9B99A9A9A78F8F8D6C6C6AC7C7C5451AD12700002000494441547801DCBD89771BD7B5A70B8EE04C702641712605CE034890E220088028C93245451215B713AF388E7DFD9EEDB8DD
310
CE6ABFF4B57D97137BE50FEFEFDBA74049B6AEED74869B7E87404D2814EBB7F76F0F67A8835CEEBFA0E42B854AA5B2BB5B6BCC951A8D52A93657A914FE0BEEE39FFE2FF395B9B9C6CAD2D4C4606F4B7FFF8D1B37EEDCB97587F7CD9B4343BD134BABE7DB48E3FFA7A228ECD6F6574E4786C0FC8B5FFCE2CD5FFCE297BF7CF3
310
CD5FFC92B52FFE58BFF9E69B776E0EF5F79E55CBBBF9FC3F5D3DFFB07F5898ABAF7CDA3B74E74EC0CE20230561BF096E97E05712BFFCC59BC80539DCE83DDD6E54FE61B7747DE17FB8980BBBFB2BBD4337DF487881AAE6C5ACC6AF25207877B2B527BFF1CB3B77FA47561ABBD7F7FA7FE146A5B6BD74E3164C7F51449AE95D
310
B412200EC539418717E7F2F11B376FF62E95FEAF1442BED0581DBCA1BD2780D23F506AFA16E1A7AD974EF17876F00DD7BCB187A1A97AE51FCED5BF2BC1F2BBE5B3C19BE27B43CF26DE00933658FE129B109C2FFF922CC22C4260FA01BEFB462A77DEBC35F42F600C3F5B0795D2E9E02DAD5E650B4438A92801B65C35CBAB7B
310
1EE5041CE69D3B6F1822DFB873EBD6AD3B6FBC71EBC6C86AE967DFC2DFA4CEBFF1BF54F6276EBC114E2F43FEC60B01A0D440A868B2920E5C4BC10D60931ADCB871F3268B21D3851B08E1D6AD9BFD4BF57F7577909FAB86F29B982571136AF01DF5FE32AC3BD9406CAAF2440A54CF176EDD01FBADA1FEFEFE21FE4C9858DFF4
310
183458A9FD2B6708A5A5A137E0EE1D11A9EC0C7C58B2C73C0AD6B479BD76B7790CF899E287FA5B06FB7B07C9195B7851FA8794031EF1FC5F9406BBFB23375420286399B631E93B08022A785C4DBF9996EC3551874094D71B6F487E80F6837E50F483BDBDBD83232323AC420A18C68DA196EDDADF68A77F938F78FD972BABBD
310
B7B87FB164AC6FC2CB760365821ACB74AED44FFAD7E7431ECD7E08AC421F391D199998989A383D9D98E8E56F84A318C58D9BFD2DAB73FF5222C8EFAEF4DE7AF30D756E5108683DA471E70D0502099A7240F19E4089D3FD203E620F1B47BF43501E85031AE44B4B9F2E4D2D9D4D51D8970983FA861B3706FF950CA170DE82F6
310
B312CC4F42C8966295F7D725ED29882415DC055F36DEA1FE96FEC141493F05FAA9A9A5A595B333DED5B3D5A533F62183323032F46EFF13EA0AAFA5FBF7C8976F8C10F7280A014832593B90004D52341980D907EAEB73411EB2F1EBC9F507F92746C40E7AE0AFAE54292BAB2BAB67CAE0746264A277B06508168C94BF772BE9
310
765F7BF0B548FE1E07F3B5A521340A5CB5297C4B12811B89E82191ECF3E41B3259C529F135E23CF4C7F961FB13537F5A02ECCAEA76B5BA5D3D3FDF3F2FEFEFB3AA22053E5008833428DC6C59FA2F770595F311F235D427F379BB8A121BD901B96076A388DC4C3C61C7933CCCD770FF375A6E0CE9F535FE2534BF5ADD3E3FAF
310
D71BF57AA951B6D4CFEBFB8864758A26154430080B06ABFF557610ECC93726224F155D1471041E0D42F82F4891C926C1355B0831649FF365F46FF05300A7A790BD8ADEEB0D4AA9569A9BDBADCCD56AA55AE377F5F3F3EA2A34983A1DE91D810543138D7F28E57FF4E2B5335A3928B76EA1CB9B00BF158C8F63A2E788826896
310
D0B5E7C461949ECE089144F8EBEFC7FB4D8C9C4E9DAD60F7FBE572B416C2F2423ECF8B86C439E450DA970634ACFDA977629098D0B2FAF313A36B3869E37AF7853378CDA1171FBEBA95DF1E44FD5144A420588641B0055A79ED91CC0DC41E27064512FB33F1F04D09D0D2DF0203A646A6CECE80DF28356A348CED8C4F1EF137
310
B9319E1BCD29867CA556AA97F7B757567006A447FD375A26CAAFDED9CFDCFB2BB0BEEE8AA5911BC2C7F85DF88A3775389990AA72219D582409210F85A4E66F2987D875C30848023088FDF77E87F96FD7CBA5B9DCCEF4F4C9FC7C676777577B7B7B67E7ECCCE4E8DEE85E81A6D55AA3BC7FBEB242589CE8ED4770E785D7DDE2
310
3FF2587EBF57F50B9E820527316488E5C32D50F979BCA58207297E2B6D658702FFCD211840FE43FC9F3A5BAD9E97E6F21B9FCF16BBBB3A3A5A175B5B1787875B5B3B86DFEFFC687A72674F19D46A8DFDF3EACA59E405375ACE76FFA922C817CE86A89BDD92F400F2C55B7462F610459837D3A61ACF50C7471C8F2F2A9D38C3
310
DA2F068007F80EFCDBFBE5DCC674B1D83EBCBEB8BCBCBC3ED0D3D333D0B3DE33BCBEB0D8DA35FBF9F8CECE68AE020BCE61C112A4C1138CD47F9AD13F7DC6AB9CF9CFCFAF9D0E01FFE6CD503F5B91C5218E2899CA15098714848B04FCE5654884ABF0E554F11F6C21D73D5D5AADD64B7B9327DDAD8B0B7D7D6D6D07070763BC
310
0F3E38E8EB4310EBEB8BC3DDB347E3E37B5842B97C4E44A0C630427E5CFDFB71E03F471E12CA9FF70E055AE141042DD81234B879EB4606361D9328149037D7D76A571A7E974FA20AD0323832713AB5BA7ABE3B3E3D3FBC30307070B0B9B645D93C3CDC3CDCA41CFC6AAC2D64D0D579B4B1B397A7C1BDBEBD7D36657A3CD4B2
310
F44F4909F2B9CA597F4245C59DEC354316F0587020D0C661742BC02869435FD12CF195C422DB3C5A3E2305C000CE6B7B27ED8B7D63079B5B5B878787C787C7C7C757C76C51B60ED60EDAFA06D67B965B3B672677080BB5329E60E9B477847AE2E9EB53E35779FD37EFCD2D0DDD68AA355B6B0D81860502B8B68C801F5C697E
310
9AD62F4B406244CB975560BAC756AAA577675B07C6D03778C17E7C95CAF1B3ABABE3E3ADADE3CDB1B1B6B681014470343EBA979F8B90383545727C63E43549D14FD0F927E5F1FDEFD7263058FE02EBCD1BDCBCA053496BD58E69BC44F9F854D4D979AE9ADB908824382AC1D4014E9756EAF9CE85B6B54DB01F02F8EA5908E0
310
D9D5F1B3E72188C3C3AB67879B07C8A0A767B8B831FE5E7EB754DEAE5261460243FFF07858D8EF0D658BDC563A2C5EF5833C13C90B69248C4DD97842B61DFA7F210A2F6108A0F96B62E2D3B3F3DD939EA47E30ABF5AB2B903F4BE5F9B36757CF65021E616DAC6F60A1FB647274B4B05B2E5341B082D43278F67D8DFDA48AFF
310
9A13F22B34C7586C9992BA6E66CABC190E313E7C811AA57304B421A75B289B9D174CC868C24548823E230B9A5A2DCD2CAFE1F98E61C015CA7E96B083FC59F3ED06EE60F360B3AD6F79787ED278D0A86FAFE00BA9220EAEFE1D5DE1F7855939C3FCC1332426B377F692406E022C010DB437EF009803F0DCFD3B7C94440571D8
310
F2C328F115F47FD324802070BAB43FBA80EFDB92FCA1F7E7CF9FA875CBB327CF9EB08C4DE4815BC4210E2CB7CF1CEDECEDCED5B757490968286899FAF95583BF46F9393CEE6A86D6F618CAAD9BFF0BE22B042412C5CFB50556815CC5BBE33E9F61ECEC26A9BCB8145FD10590078F9C9E953B513FAE1FE387FAC246E14F9E3C
310
E7F5F8194BD6594140876B6B84C5D6799C61A16434201E5237582AFD75C07EEED9863F463284E2E13425A036BD41061259289B6BDC1ED656FC8B8592C9D00701E27CEA749F0D8EF44EAD8C1F80FFF8F8F9D513191F6803384C800097F24069C407CFAE88136B7DCB3D5D4A60B711F19070D83235F77331FD35E71596688903
310
8E2E0B346EAB7936C4162043E1A1F144093695443A570144898BC4079CEF1912809A3035A1D3F361235F90FFF1E3E0FB93C7E2750719F88E7D8E68123883ADB5B18185AE99F1D11C1238A792DC4BEDE8EC6FF503DF377E0445F68FAF4E08D43082D02170F30131A154206CC559A8D9CFDD762B31273E4947A581E0D9BB71E3
310
3FFA07CD02CE2A6BE1EC80167497F2A81CFA3F7EFE58D0CF5D5D170DE4F89070B0BC4040CC17BEAC6B0586C3D3FF0309BC06F44B04A1E13729929B4DF73C44070692C810B08AC3012E8EE9EAE22067796288C193B2139B970B86F47FAD0F98382B1E035D9C32FD318A4FAFCB274F2E1FA772F94411B0CD42493C23393A685B
310
5FEF3E1ACF554AF5F3552A478383374E6B2FDDFC4F6DFE38F4F4ED7A7FE838F488EA852482F412D3CB07E293D02C9F074F12E84C5AAC423271450572A385449844706475FD38DC3C22486A0639E5F1E38B0CFE93CB4B25910EF309A2224BD8DAD40C682C28341AD69047E8539A6AFC14EC573F7FAD10AE0FE6EB13E87B28E0
310
93B513B5803514DE408809BC12A14876DE0A25F643009E9176D9F0C330164285A7444DC8CAF0E9FE41429EE0A2F6A6DE91C0856C501272404A8468822E24C807030B1D33D40D4AFBDBABB411D093D88C86D7205E05FC57EDD1F805FA4CED5920F0CED39157E007CE21757C5DE440ECBCB46CD283E378029B43FB077B4F47E6
310
0E9F61E8D01BE017D7E843EB49F50A2028F1E442FCC90C9EE308E4C0C2C94EAE30B75FAD3A0EAFA57FE9EF960F14BE15638840EAF3BA490BB6850EDB38EECAFD21A0C746D0C4234DBD035EFC7EDD121FA585FAB73DB89FE6A03CF833AB0730E5E2F1A36CE3F202A128934B44E396961121E1F2C9F32BFCC0C140CFE22C1CA8
310
E109B182919696BFB98120234F61B59F7BF46EC30CF067B21A33B0FB3E402448EE266CCD93135A8E823DB31F85E677434E608F53F8100BC0098EA2FD6BC01770E0F2F2D1E5452A711C4BB8486248FAD756D852026B6DC90A2AA5C6B69E9068B8F27AFABFFEE8AB36F1D23985D5960014FD711940800B560250D2272CC54FF1
310
D3A660B275AC3881E349689C1616E1E9044129D032313509DE4700BC867C71F128C400159407C761022BA8A040F40A244788808C60B3AD67A17576279F6F946923191921B0545FC2F12AC0EFEFBD7262B6935679FC7F80629160ABFAEC88E8430E76D82A8DE62ACE50BD4A42FBF03B387B37FD321B37E31C3F063D99703F51
310
60E6C9E5A300CF32A91E0A085A29C0FC507F6C21012303C6104B82C1F1E156DB3229D1A855A32A8352C9077AF733A0AFE0FB3EF81FDF2F0F82C21B0EB06998866878B103305E31EC17F4FD43831E570A2118D1667632D4FFFFB125782F96168A833DBE78C3F11F8383A79D49F58F1E3DBC780417AE6581381E8610604888E2
310
913E12492881274822C221AD04CB0B1D273B8542837460898C686864FF6F801E8269F40AD0481DFAF5E6E9C1F3BE391C325004DF0746A4E4448F7B52C0D5EAD39EC46896B888C4210D68E99DFA2820DF7FF850EC407EB55C3EBC5028611409BFCB8889C90F1C52355AEF98B18100094C9D0EF6F64FD47E5CBF3FF5293DDFB4
310
B50DDD54F351446FA1F14580DC3902C085F593CB24ACC917B213BBC11B3F0A61042FD8B24F4FB9C4556D0CB9E1A880DE89934CE9607F18F81FDD950DD0E1D143F41D56110E227C250621FF098838042BC85B5B6BCBCBC31DD37B34966E9FFD9936A2FEFEA9EBA4182E5CD3E17AE35501FCE0707E5525A7DBC64DFD077825BE
310
37CE0BBE1BBEC061410C660B6E49912665E2B3749C7C9F93834022F74CDE6CA5EB501D9CBC04B768292C5CCB84478F3CA83074092C6082169015E5800D5839DC6C1B58EFE83ECA513BDE3EFB8EF1242D2D4B3FD55AFE03D42F8492AF8A3F21444FA2FA9ABBF525EAF84C09F0168527B0138A85D1EC0443C467B28BF844EAF7
310
6323BE13D7C11F72FED783837B970FEFDE7D7817E077C17EF7E2A1C2C0FE851FE4C008388C15E818958746129E1009D054B67530D6B3D8DA3D59D82D9D57CF70039FF50FFE0DE94089DB269C3655A4F25B38C49D0BD48E59F1526887C18FC5272197F85CA72862A593A4843CD25F920487DDF7AA0441A2C0600D062001F103
310
FCEEA3D8560CEC3EBACB01CAE5A51E420349F602191E5F901893142381351CE17047E764BE50DEAF9E4D8C38B6ECFFACEB141E54A6865A88A60133EE9CBB4C256930B0B168C1C3AB59FE1743FB422C7166082E934AFA5EFA3E4BCE0B69362FA7041818B7FDECE1DDFB4D022007CA23E521F0700AAEB5888BBBF08023E128B4
310
045381542FA256B0D04E28A0C3804E233A1BFB476A2F48FD135BAF9843BEDA3264EB42BA499601F16B566E72C7EA35908ABCB9176BBED43204C696AFD3D7B24B08D3AFA44BE243D88A6D9D0B6562B52F741E1610C0EFBBAF2B0829289A640EC4C8A4FF66A24430786CEBE1E1E61AF9507BFB496EAEB64F8F49B4129EBDEC06
310
5EC1F8A3F228A3CD0950883B41BEC6D1944AE06147289600A7726313AC69A3F91197F1438BCB743E76F01F6EF1D1C854071670FFFE43FF1EDED702EE5A14C85D0C42DF90B86068800659AC88981855E3E774A71C0CAC2F76754EE7CC87C808D1E1E0F6CF47FD4224731337BE1E39C5010823EE997B1491BBD99FC8D8EF7748
310
2BEB5EB2CF66499A8E0F7511B19B3EFBDACB6507BC78731B1B383D02FFDD7BE8DD9256F7D0BA7B46015941097B80018F700FFA024CC08078F51806100ADBFA163ABA8A3B95B9D2F92AC30BC908ED31FABE0CBEBFFF0279B675868F9AA24E9530B08C174055B7F48E4F58002F3E82F0BDFA003E8B431EB6C4A91E4D9B5FFB79
310
1265BA8827BBE5F1BCFA7F789F72F75EC800F8AE43FFAEC42F13009FB905A9A0132015D0068ED7682AC608BA6771038DEDB3B33082891FAB1ABF5614F93238079726B833958796B845B731FCB86316713C1DC581B1E19B424EE32674093F80776F7E27C6FBFAC85C536CD955B96EDA2A3FBF770FF4BE11845470EB3E42D022
310
000E0FE07D161811020742162444668308801E133A4C163BE68F6826A5523071CA78B2FED51F28F8C70FE4190073A3E5D3259D7A288CD19BDE623F10021BAB0C6E327FD507B2741627727EA00D31856492F9F009D7F152D930704E642795C1C1B336E0DEBB7F0FDCB79318543B25341F36802D64A981A690B94259607DE0B1
310
9D466BF8C1C5E1CEF9A3FC5C639FD6117B4BAEAB453F8EFBDA500A67E8BAF76C8A06566E36EE1184E8329419161F83D843D5DE7D8221163E145F56921C3EE383978072129E290A9B7166E63D26BAB1FCDBF710009E4051842390031845F20077CD079407C575F20364C4910ED2A574BC357630B0BCD8DE39335EB175646A69
310
8458F6A346F003A93002E846FFE0C459B8006E506D79BF902908A0AA05CB5E73530E33BA1D3C2EF99C712B7C8B41DF4D2A7830BE8707485FCFAEEB85A09AB6D39BBF7B4F23E00509C20DB04E240822A4B810E04D8D53D10D504C059ED86BB8697F514777717A8F8144D48A4C89077F7EDB00E2D89DC02A7B975640A282C49A
310
4AA84B70B12BFED8EA6584860DFB7EE23FCB00C6BAF7332FF259FA3C9346508813E372F1DDE425065BB61FDF8300F7EEDDBE8D0C6EDF46F7D8823478590AE23759D60DA6B7A9F125EDE8F4A5D2B37470D0B63C30DCDE3D3D59A8D1501EB1B0A5377517BDD6E301F995E3F955F0F58FAC2E81CE172A8344AC03DC6781939D24
310
84B8FFC15E8F3ACCD3954CE19576B942D0A029188EC7013FE59AE90B71292DE774F1F63D60230180B30A2EDC65291B6211B4081128856001A680015CE000708254891851D4B3BED0FA4D7166B466BFF1D2A924885AD12B387FC0FCE6819AC3AE06A7AA4B715F0927B74D119D4A668FB54B8A8C268D8B038A207D10A7B1E95E
310
42195B695BE0240F7408B311257C23F581E987C180140C584A02B1670CB817CEC0A080F259F1360E58452013200E3EC107AC1DF4FD7B0F6D23F33347F9527D9F51E6138E31AF35F1BDAAEEEBA3D71BB402E2FB47CECEE96B4DB85536772B07C82A34F3E66D0BCEC207FEB9E70643761276F7B50D5EE963CFF80C7AF4A2130F
310
5BF8C4EBFB5F07B709840480DBD8007FB7EF3F90104908BA457D43AA2A6A02C91422285E5AAC143F3313A0CB74D9D164933B86C25587134E8D342B453FC982860D09FD13ABE72055ED020E85D3E312F74C25CB0293D978A1C4001927C80B86FD06349126EC219F0C735C8053D8F5F310817EA01F1B7851F406144C211C6362
310
C27DD51F1E310C0102280ADB891E9B085CC528A2B1369A46BA195B9A2B351862CE43174BA73FB7CBB430A5798F4C54B7333B96C3224A9863AD02B9FBD8E63092191924E77C199D92887DA594B6DCF0112857162FD0949FE6A441F5E62E42FB2105BC405A2301A3424601DC807912CB2C39C604A27908021CDA30C4C8C2019A
310
883B3A8BD393BB3546136EAF561980FB63E9E035FF73B96D09A905ACB2C11D79571C5159026227DDBDB81396EB03F14100BEB66DE1FA9EF82C3ECCBE318119C4269FD014E66361FC8BB0B4EA9A98EF3D8848A01360430284335004C183CC25BCA82D2302EB03B8419241C64DF4F5ADAF77B533BE786334BFCBB8DA72BDBEFF
310
C36103AFB30608A0B39B58D93F0BF42180841DD26BDC22CF0A770E90240006BAC65197D90920131C7B2EB3CFD3C71C6378A305EE8488FC1FF8D391E2BDDB0F6E3F45E7C8207C419800DB410073A3173942CA8D5242642A74496FF115832A6314D9FA4257577BF7FCF8F8E8CEE8DEDE5EBE76DD3CF892BA7FB8B90F629431B5
310
525E92A15A3A4A6FEA3FDD73136172060959206591F4C927196CF645AA285CF3014630121754261C0D31E1A7E3DA2DBDB54B04703BDE3A4209F02045C4BB0F529A14BED07098A2A1CD47513DA64B512F409BC01663090796D787173B5AA141B1B39BB470EEBCF1E30F9D263ACC4D05110797CEF7B923B027F089F74D1D06F0
310
A4D8C0CDA6604023FCA45B76C5CDE0BF3845ECBE13E0C0ED73700A8A753C1AC8AEFFF1B407FC8A20F42F0D94019121DE304077A027D4112283BB8FF0072444D68AAD111D6F591BC0061854BBC048EBBE9E81F6A33A95C21BFD13AF3C7E7DCDFFEB0DE8903F77B41DF178E99C289895B0EA8CD640549D68935BA7C5294E0A1D
310
66DA0CC419BD398E6265789CA1241441AC94532A3C19C95340BEFC68703077EFC1D307B71F3C500859C11494838E902203A2BE90EACC5135B80B078804340C920C2300BCC06F7A1C71B875DC572C9BD1D84BD5FB9363CA6BA7D03E5C40FDFC54FC23C9B4B9DDD028787D89219038523BF64E638BB37CC25335937A00DFD328
310
69C5B390C8C32FF25C8C47A7181B4A599A224A9DADB0E0406FEFF9F183B7448F081E3C55024FB33828784AB61704482CD0160C04174F9E33BA9291D58C2F1F1B1B3B5863B0D9F3E51C35C253D54A23E560E2C0CB3A6F7A81382601C2079CAE96B7B1560D20A341E85A928A4E01083256420576C2ED477E2E565FD9223BCC69
310
1CF394D3D8E281501E0EE5C1C8159E92585D255CF30CC854C75318006EA4A01028EC853F9407C6053910BE105348324002260254886C156260F9189EE0F8C9A3CBAE9D5A992184568A69D5183A7DB97DB089FDC57AEE54F858FE54F577DBA85309640290F2D220952620750C5811FB772A7876D1E4040FBFC6474D51246D8B
310
3FB378283FB514F8AB3C20B8BF7DBE5DE541C9A5D3D38DDB30E00151E02523081BC89C2214103E0BC1B3D0199A08E002681A2613A2616CEDF0F0F9C5DDC75DA395C25C0309C03DEC8091A4AFD3FEB504AAC6633930556DAC86EE3561941E862C4A75DD6B6BB3A0C59BE153DFA73EDFCBC3CE2188D3D378FC976D0EF9A95B7C
310
8532F527CE3CF539581E0FE501291E9139FFB65EFF5DBD8E0C18DE3077170A64E033FD278F18068028802F156C3809FDEB11B1019C208D020C9BA2870457F0F8E1FDC7EDD393E3B9FC9C4308E9315704233F960E554802C14716B0B45DAB5EAB5E25AB7830EBB8D25E6CA94E4AA01794FB1EE164FE9F040FE82C940A4BCEF9
310
13075D087E85A7237D3CF29C47E4E676777779528C4781761F0BFBC1D3A77880E40C9A2E5109180D5255317890394229F0F082010354082D574F1E3FBAB7D6553C2113DACB97BEB5526C7C6F69F9310A94C46CD89FF8F379AD1AA035FD00FF3F320180F01417A6F255A3A8D86319FE0C0B0E06A0DCD33F79841339C01E5BBE
310
1911AFCFF7C1E0A540BFBDBFCF2372352686D863F83F59CB6865F43104007EE06F52406F680341102048A01BB048823082CBCB0B6AC48C313F3E7CFEF8F2D1FDC3D6F6F9F9D9E98D9D7CAE5EADE2A6512FAD7AB526E17F600C85550DDE9ACFE9D97E694513103BC69F8A2813176032C890C1E9C49FC09C61670FF8705B1D73
310
86260E7C8E7122C7F8208A55139E8C8D4763F7EBF5728DF9C34677364E3A3F9AEFDEC9CD95470788834F9FBEC512379890B38C94205B2557987C4186DF5C0837608DF0F9F3CB87B7EF6E920475752A01460E556919B2B64296FB9FB70DD5F47232A0F77465BF140CD001F00ADCA175090E2665A14E6329B62660E02A1CB50C
310
6025E3DA252A670B3F0FFAA5EAD94A509FE7036B159E0D1D9F2E76B7AE1FD5A606198D3A747AF450023CBDFD162278B9446688111009B4029B0F2180AE20A542D40610C073B47FEFE1416B2B12200F3C991C2F54EC2491027A816B0A34A9D05C6F437AC23462385DADD75642EDDA738AF1600DBE07EE8437804D2D011A94DF
310
71C2085EDD40266A407FFA1D1C00B0C03927E60338E3B9D8C47D1F8CAED578E06F7CFAA4BB63B175FA7C301B747CB377F45192003CB8FD34B12009224543D8604494011A80C1903CE0518C986208E1C5FDDB8FDA161686873BBABABAE74FA637BEA894A44078C19696F326E057D7F95D061A6B0394A9D5F2DCAAFE4C2388D8
310
A6E9AB7695CB0BDD0A332430F1A9333DA41D1FFB97FA09AE84E738C75C407C260408F8DBD5EDED7DE1570A7BE333C54F16963B46AB0C2B71208EA3D16EF4EEDCD7005241166C005A73C03164792151205C007288AE337B4D7103741BDE7B7AC913350B348B2D767515674EC6F72A0402BBCB41C81305AFCF05F2758D3ECAC8
310
D26AB97606DB9581A4B7A8FFB068CD5C0604E6849046B70C2B60FF0CDDF93C13822B4E82FA0479A68220E66D9FD775FB3C1A9CDBDB9829B6AF2F77EC9E0678FB20ED8D1B1A1A39D10F9812E20D6281F5673121AACAA9C53424000DAC173F7E18C3052EEE3E78E7F1160F5AAEAFB70E0F7775CFCE4EF384DDEEBEB9C0889D52
310
43BDF557559FEDE5F17AB21E118C4C31A3DF6A96B56AC62180293910ECD6B721047664BCFCC6B2DD3C65CA0F0C823DFEF84083C7ECCDF05898EEF158F4FEF97EB9C123F1B9D1D1A3D9F9AEC5F5CEDA84A3C96C14A55584D62893D6A54D8D2028D05C8B1F124884543F3223B29D208B04910D3FC43F5C52196AEB5B5F5E58E8
310
E82610F08C21BD443801233C0CE8BD1E40F84A1CA86001990048031ABBAB11EF83F9283EA89F181F2A0D9A9F62D94B7F625FD727E6A93F63F200F614F7CF100D4511C07DB45FC5F0CB4CA359ABE4774631FDAE85E599EA0878A3C33D5AD6430CF4C055EE5FDB80629000D7855DED3F436F3B61B3DC7FFACEFD2B1BC6FB0696
310
312CFA477CE87A87070C7998E04FBA78AE3F915A065E819FCF35B410321D9ABB308146A11AD5196CDDD7C477A171C8AFC74B45CBC6F641AB53C8D4ADA5870C02379BC0470CF83DB55F073E29CF5CE5F7A3F8FD62EB7AEB1774C2C6780B9523F9287193FD23DDB79FBEA513B45200E2E0C1B51350163AC19043C600F2C1DBF7
310
DEBA7BB9B5457BC0D840CF325EB0BBABBB786D301437000020004944415472B491ABCCEDAFC0591201CAC8EBFACBF367FE7B6E40E69F551BBBE7123E3C00AC560CE20C62436E8C3C54CC225EE08C0D74CE26148877689EDD004FB2BFBFFFBB984035373A7954EC5EE8591FE531348654514DB1D1C56411DFA2A7C212BE5ED9
310
1278F2851A432244C6822C29C85A8B320ADCBDFDD63BF71FD32648E7D098CD018BC35D7FE89E250EF2AC75F96C15271602687965C844B8807C6E7729D93F22E81D39ABD62A0820C1FE9F11CFA7208125D33E96FD69E83AF6052DD32D49FF0802CD9F9DFD39260389A950887A647CCC99BAB17132DFB5DED35138FB3A060F62
310
95AA5E195BF0BB56495A5A4A8FA440026E46A047D40ED2520A441C302D240F201FB8F7E0EDDB0E12A04D8816215A0579E8FE1B1281E9F19C9900DE79842E2A7CCD48E9876EB01C75DBA0E0C8D44AB5512947A00BE7CF5DE9E1A6A6BE43CF1A78783DFD5A404E4477336C1ED8B18908B2A847B2AFE9839E891137A6673BBB96
310
FBBA2A4B8E9373B001F08369BA11BE8ABC4302FD2345FD6014A127068427D007BE28B41D9B0D40FFB7EE531FA673C8870A69135B1CEEE8D009C08042A5B4EDA314920B635BF941E7487E45256439DFE9D276295F87E698389CD49FB394FE19720412DEDDC40E9CE9C6DD605E0B719FADC416CB15AB3A61F9B5B9B9426E54F8
310
1D8B03DD950946D432B40CEDAB7BB5AF11213CBA73C9BCCCDAFBCF06127C7980FE6D1DC9B4DF14832D6568FEAEEBA76FBF438300B541064ED33F3AC0B0D10505306FD370AED02859234402F6C3FED006766DDED2034D90D119057225EEE3DAF787EBF30EC51ACB4F551678BD6728E1944730C095F13E4D81A4DFFBF67C5BEE
310
37E62A85FCCEC6CC6C7BC77A5B477E22223ECA4FCC0F87E2A5E3EB782BDB25B8CFC6736A044DE5A7CDA604526361D650484FE283B77EFBD65D52C1C73C4F48E7D0D81ACF572F2E2280F98FB230508FA906B42DE240ED651B301CEC83DE1790C9FD96B6CBF986BECF3BD332C18EF627A0B6EECD5B152E02088D03D828AFFAD2
310
6B05BF671B4F9A09A8CE0CD2707F67F2A4B3BB75B9ADA331C1305BBAC182FB4A79820B7EEAF73199B8404C0B81231CDCBB871B80FC41FF5860E8E108222A1A076C29E6E03B6F3FBD4F1F295DC457573C7ADED636D6B7B8C88413DDF3B327E1046AA51040B40CB50C7E3F1D2E44DAD34CFA604029BFFBE714DF0C069908027E
310
B275F1F366C132E1A7450B04011CF82B2B647CE754F650FF6E25BF37AAF65B7BDA16CAA791F1D09F6CAB989EC5AB7809BE145FA459E8D3E4B0FB47DAEF093B946FED585B80FE1A0305FD5330FEDB4FDF79FBF6BDE81D8300CF6815E5F9896552412A03F31FCDCC7CB5E32365550CD9365FDCCEC8752E943161D78047336F8A
310
F6539840A1F2E764FDA2970999F205CD2BD1F5CF496571F76EAEFA0E1CF8FD2A55FD06391F9EEF8B9DC9994E72BEBEE1FC928E2F223EBA0FBFBFB4F2DF137BC894B8087643D64ADE6EDED67F7680FAC9060239E845FC94AE93D880F994FBF71FBCF5F66F9F32C292EA900F9C1E6F1105E81C5B5F58A067A448143842008D72
310
75EA3BBA3D2516FDF02FF79260020D6B3C714711F3CFB61BFF56A826E627E82256F7400FB387FEF23C1C1E77FD6A21EBB1B2B35F2F95E7760BE1FA3ABB3A981423477517EEE36FF96F122B942F6FB64D9502BD1B9089162532A2FEFED255028FE653C9F46FA321E0B588B7DE79FBED07C44106CC85133CA65190543004D01D
310
02D8181DDDA5A9C91A7110805B7875B689FC3902200FB192E7DFD936B37B57D9C338BD49E99E181F4E5FCAB2ABC1CA7AAB382CBC7D515457CFABE6FBC63D525E5CDF74B16378B9AD6774A58531912D232DF01BAA913DFB7D3AAFF912984302B84D0500077800D26C60A4742101DE420C610C2E92FA93056022EFBCFD5BB6B3
310
8651470CD33BD87630C05831BA864C85997B8754B05167F0706499DC442FCD22592AEC2ABF3FF13F950039BF159FA9B36ABDB2778EFF83F70972B83BFD3F4899E64DD8346AA495CB155A7499F2CE39B0AAE755125EB84FD8CF8D8E4F4E9FB4B72E8F1DBCCB98B31BC4607C2CFF21C8145FB48EA0F2159F86A3098415609554
310
DEFA7B27EF1301033DD06D274BAF6821D220DEF96FA4CBB60B3CA241C021D38E1AA76B4406B4767576166766A6C7F77273F5F395291BBA19F64F2E3095C14F3E60371827741CB27E89543857D6D96BF9A47C6A9A26057840332EB843717AAD171880217B71FCCC0355AED3D4819911F79D0EA8AD6DA31A83E36C5DC2D47029
310
5C011302387069158F6C9966022367ECF1D00BA9BB95C389AE7B6105A1FB640689033A7FCCFFEDB762189103A61C3A4FEFE0D6A6B5A19EC5755A443AE78BC5E9235B047890A65919A0D2F96AA3C01CEE913BB3ED239C3E0CD8DDAB99E4348BF3F8B977B6C43DEBEFBD7721A839A63B94C06A10DB87FCBFA3C2932F8C26F88B
310
6D6BB30C3C4E09AFE40FAB52EFAA1EC0316920E031A46D65A0FFE45A673432E907FBCF86717AC04F2CD0EF512D665FF53F05BFCDC43489F150890C60A8E0314E70A06F619D30D841189CA15D3417F3CD50191AE4396543F0C42BCFD696C58DF163F5B46D708BD5FDDA5E5E5FDF9401BC4F7E00E8A17520833D1CBFF495B5D1
310
CE037C664123EEE74737268B5D1D3DBFDA6AAD8C08DF2C0BC7A737E10AAB2A7B958990CEBF556CDBEE823CB09FB344143463C630CFFF585D330CF0320E921744A7918280FEEF981161008E9FBC78C830217A07B7D6985E83F9A79884ABB5AB383B4D7D788F9FB3D867A2112A43F19042B33A108690CF6F472F8661CFAC9714
310
78757F6E6F2F7AEB82FEA85E5715941778B278281F28C268AB24BDB470EF3303E09C359E9DF1CF990D8A096106E6A66C8620DDE7D281DF0B2831F20439A30D68386CE13E002F7EDA8D7806162B205D6A19AA1FABFD6B1B400EC2BFFDD66FDF7E8755B4883C043F43046C1326136680404F1F934EBDDFDD39CB58A98DF1BD78
310
80E0532E671FA1435E9D6EA5E9071000BE8F262E7C4044FD95D5FD526EB40A05A634775F32205C3D779FDC168CD5E56BF982508BF572BDA4F6F57D3304BE9EB18149461B12F760D7485891CA47CFC44909136FBF4931716A2E100123FC6CCAA6A644F25EDF4AC980B14039009BECE8B798BF69A05DC5B6885CD23F8E13A46F
310
F0C0A986D617F001C52241801E87C2974C31411DA3A5D7B6175472763D637D3E57C33B908F867F4A59CFCA7923375E5F027A983E18BD7BD4E6FDDBB2250C1529F4202EFAAF979DFFB1F2612E87EBEFEC58581EDB9AA95AD1D7C1905F7305BF8182D5BBB524D47C4E3B81CD843220DE1E6536497C0962C225F75A2D6A998303
310
B23FC501F0B3F736EE1FF01200FC8C99F5515207C9C40081DF304C0A17D06E26CCBC5B3C47459308178301FA8057C2C0AE9D99B05F038828B08400F2E3251254DD7EB8BC4853B101F99AB48E387457C96951E5DB670648BAB70A7B04FE93EEC5F5B183F9739C98952C6845C380D401B8FC86E70A20744EC720E09D35955D96
310
A9041720196D183AC2CFE6AEA816652D0234883D788BEC8F5DF2615261DB031C2381092401B48D8D2D870FECEA9C3D99DDB036C8A051058030E32190976718C89F031DFBFF2EEA3D88606A8A19BD0AE305BDFD12BA4FF46F1A0002B07137989C748936E9DB2C91F43B07E4E4D16C3779CF5A4FFE8CC981F07C29E34B7C012A
310
F0054FAEA4A6A3D49D3A16D2B3CF220A029003366663053C89B3FB1827080DEC2780076FBFFD8E39810CB0593CC68B5D9009F2D400418028B0BC6CC74067E7C9CC0C2690FBB084AA5254A12AF63543B35EB40D17B693F7E3464D5094C00AA9E04E0E0524F5C35C5EC6BA94B21AAF2440725E2A9FF94FE7A8F0E769EB83FDEB
310
039B631B18BF396F5C13CF89ACC02C387DA56DC3B1CD84B96CFAAA37B55FE723B611062258257D331F186AC93D8AD600B4FEF4AD777E4BF68F2168FF08C081A37AC13446C859964803961928476D78F68419390D830C1935B5C2A0A22A3AB17D3D6428BF12DC373B8D464E04C0A496BB3B3B75639DCC2500E0F0B15FB6F47B
310
5A7ED0183A87CAE8D535F2EDBD4B3B7FC762DFE65A07C30B2851DB890082ADC07131EEEFA3DB7DD5CD32C0860CA83CD4B7993A175F422A8149B1C1D94C1145059D9C78A8A572A90B7C8B1E3392FF77A80C50220880FF3669004E90F101740D2B808181455A044904674E7482CC3EC85C4BCE339404C0B0BF6A5611E4F9B815
310
7BAB6DE327EC9BFBA1B4557ECB609C1F45326499EFB90EE78F18227F09E563C9E63D847EDB3B68EB9C39E95AC4F7ADCF7D87F6752BB6912040281E4A0D8A8314E80D60470999B8A51FB1488A66A9F3F81FFA61C83F4FA6969E472288FADFD61B005E0EA4284822E018911828E868614DA0C36E11F3A051070BF2F0840E35F2
310
00E2C0C80A776CC9E7E6841C0503D0EDF15ED9AFE527E798D23BEE5F0604E58DFB7099D739BF0BA5D332EF29F1535995BDBD0DE681C4F71DFE6A7AC5A13554AE6910963E9ABC9A0DB5B202225545F5CFACC942B5B93C207352B6E5310BF349AF200175D7DFDF78F6D683B7C87E087FA9B35812C4F8F13452CED610A2207541
310
E6D659A739441F3833CD0C9C3C3DC2B0712F62333C4FA9327C9CA1124904B4FDE0FE21C119776CB0C212AAFBA5CAF80EB43772ADFE77CD9FA8A4144C54C2FB2304C65F62FC3678E4F6C68F30FEE1BE8383CE7DB86F58B1AE0C51F0F055E188D02F00911DDB0991832228B3172B3E623E513FF1734FF414A611A603163F401B
310
EA790FC9FF7FC3FD3DB02DC00184145B850D01D120424DC03C00FCEB7880EEEE939399F1F18DBD4AA54C939899304D913CC2D5CFBC55E50C7FBE4C0E14AEEF53D6843DFF56BE2D554637EA047D3C210E2C61077875FB5B40E19F43AB7470CAFE1C0D3ED3B3B4778D1DF6D4F837C08747180FE8394F2CA1E0A46B6DA62CE2B2
310
DABEDE0B1924098580FC16B369730E9E90541D3730D47FDE16EE1FFAD3419CDA05ED1F2715C607F2E81893AFC5936303F40EB776F1D808BDE393A3FA401E1C706E154C892860AD74A2949C409E28A8FB3349C764D13E4D1D3468952B7B1B35001BF41142CAD58D6011C8B78961EACAB66E9AFBC627673B61FFDA4167950A27
310
4145BF11EA17BA9AA60815C2C43AE1F648E3772E53C94E6364AF826019E723069A8AA353A3BF7FB5359281700061FF64C28C10B9AF0B70B0B0D30A31CD1CFD22F68C76DA1E44558869257892363C091D313EFA46B57C3BEB252E9C6BF5B4799EC58F1910F469E25AA17B343799DB3E33CF410061F96C6D63FA91B1000CEBB7
310
D2971BDD39A2A76361E000F5DBC1688D47CB812DD60F8001AF25B328D173A9E4BAC18CE9F1F628704330741B2649B92E9714447C68559C6CD2F681919367E4811100750058809D0230C087A89FF3C80C23C4C60882E481F48D531764BABD5CCECA308DE2F63D3BB50373D630796126803C2D1FBAC148F7592881B395ED7D26
310
B7DD38D7096AF98841CB37592561D9C6565317AFBE9FC4AF7371E060736C7635E0CBA1809FC80F544DBAA1F2F9393D970D44C0615A0C6930E758B9E63AE690F73045F0C8C0731DE9CD80F718E94652383458799E02C06D328010011C7090D8C5E5336A83D4059953877EA1E1D66FBE994F04608C4C991917230FB61F9AEE18
310
3A40AB9108D032449FD1A7283DD25ED15360EF7EA9303EDDC0043403531EDEAB10DFF87F5E2FD56DF0F1B701A9F614DB17FA0E0EDF6FD0B1622A81FA3D1DE5A33F551930335C353A87F9AB05C60455193448246944A232C5D07636D864CDD7A50D0B4440CDCC465D1C418321F50E1648D500294065D869559EF3C40C8FCC6C
310
323E989AD0F0C73142480B200842802C061008B480A9954AF282052B3AF67350FD0DD30D1F4075AC303A5D490250F5400ACF479656861E4C77AFF327F3EBECA4B57B6B6C8FF62602BF150744656A87DABD7BC6BED50527B2120C001A0B3718C74F0C65CD34F275164D7968148DDF259AB8AD6CA81CDA4E8819509B996A7F64
310
2D987A401A2B04018C01E6C169A8700F9DE3B489DB2BC49C9B7B858A4F50D22AE15428FCA4A1EDB20C83492690CFE361CC7F8C8066FFD0D77AEE797977F468A36E0B0DFC87F90EE6348BC748F7CB73B5B9DD5C6EE7AB19ADBF6DF359F1DC2A0F9E44F213F8041F64274C0859A2AB7C37440FEDDD2F95BE44065F22067E3EA0
310
CC3BD8C0D8194EAB291CCEE20B9CD8E02950AD806080047A279F19024C837C848816719AC4A34DF8F0706CED904E8185753A458A27E4C1E37B5F30A104932BE140E0BF4E400160F320B054A8705042FFC47B4940810173F9C9E97240C7FCC3F3813EA239B745DE9F1B1F3FC2F9330374DBD1A7B475923F9A2ED81716D18D1B
310
577DAAB9D1A0458655AD3CA7E211867AE7C702DCACCD291E0F798013DC01BC326087775C0833E04EA3778FBCB8DA4687A0255CA0AD210C15661E4E92001A4449031D1DD27D327334BE830B64DAD90CBF537A45FBD4E94A7A88888E715B7E74FCD040E818BDC1BF5AC609CCCC015DED23877080FCDC47BD8EF3A7B783A17D33
310
F3ADEB6D6BC7AD75EA7C7852C5B6FDADA6AFEFC2D181C03F8C40DD8A4AB5024F0B72E34B57BC1182472DC80946789AFB711DB7F1193C03C893B0345F420246114D3EA71D04FBA731C0DAB0D3CD311B218F0D5A15ECC105D02F3AC32F13600084731A83220040019B03180634B5923D438300B05BAC80881F061095FED5D572
310
A3323ABD83F1D37A2301A8C930AB3F66ADF7CBEFED30BAAD7D78A06DEB6A87F15491F5AB7E25842B6B34BEFC12C8A159F187C64B3CBD2356DE5FBAB98BBE9583F0E3280C0076DA15BF34C15238145742B07080B1EFB83382F9FEF2239D003541041083C5AF9EF3C8944DC2030BC3ADEDDD9D27475800693049E05413BFB3FE
310
B4308731512F13400D06F813368A0101D8D863EB3E75FCCADED124F532AD3F123F131AB46A93DF1ECE7F96CE9EB6C365C6D6A07EEC461FC919FE288AF7AE1A7D012D291EB073735FF26BBB1C99FB706E972192819B7A34BF22424BEA1CC7958AC2E04BFC8E02DB90A4A1DD04811ACDBC181037864672C78F6C0EC3073A40CC
310
49D5E813593B7002763BC6A909D31AC86F3F6E335C9E1C309BC58F16418642E2AF6B290A34FEDC0CFEE08FCA0F56700699CB73B9C99302AA17BD516D7F1FD755A2B32B3FBE7134D3BEC813195BD355020A7DBB541539CD2C06E45F46FC0EE08293E6C0E1972176D9B678340AA1A4823404EF79B1E2347E47C35D0A2260730E
310
0B513025DC0BD1C07E3366E9B9D17F767405FB531070700035618606F0B40C73C974CFD321B0C174A80C0F3AA54945FFEF348F5488895713E89B5C98DA501E06D8D24FF04FF0CD7ECD7BAA755A854EC6A180AD13BE094E8D5D63BFD6DFA5F5D3E4DB1BA18FD8473DC6E17FFC9832B71A2A94D96E808BB53F9192955D62C82E
310
282B05168AA0927D54AB20A20A74800B7CC9655C8B15F62377CA4C91641F9F4D0478F4FEFDCE273A002CC0A725EC165CE3A149F0333E8E9600B2C05A7D15FD831F0938DBE5D0FF13E3C0F0765965A0961C3FA86DEEB0E28304747BFBA5FCDEE44C23544F7BB7BF7A132DDE34F99E44EC3FEEAE92F667A10F7E90B0E8C6442D
310
F5A5318B0F816311DB2E6DC6F172C363FC800EE09186BB9EC82A24C0117700CD884AA42023B81EA6E0CF8B3056411110D78606EBC5AD5417B45BCC8E61EA01C4006AC233933E35D860BC1B6CB9C9CCCE7840D2E0C1C1FFC11CCE54D59300F2B47D66A10F09D8E24B71B9BDDF98FB62A3B897C53EC88D16D1FFE8C649B17BB8
310
E760EB20B784F52F992544753F2CBF642CD3C9C70D8722C197142C567E74FB431EE248A8F3FC00377F5142144A82FFC28AC2970A780C85A7EE9146FA4B2981F3C93BCB0F3FBCB6DD3DE69C72B6073B99140DE28B8E919D9D9E7C2F5FA99FC1FFD07E9AC0965CDAEA0A945FADE52C791EA989E8E7A21A355FB37E44405D171B
310
98A6E946DB26AE71DBD01FEF07FD378F5B4B518724481820890E7486E3FCE61A60E096D577701890EE07CA5D7F2B086040749FCEF3F81972E510A86359C9BB579883035887542090614E5C4461705D7CA1CF84DB564838606CF1597E8119790D021080C935A908324EDE9F60A04B7830A33F0670CB08605B8D01BF9A3D4356
310
93FAB4FD84EF6754930640C1F9D74B052A7ABBA9F502B39DA3BF6BC7514EA4BEC71D752BFDC198EDA8DFE8F32B3EF811E4576B0A2074B99B070A069F60173E7427BDF285024E35A4418B7A412914F2800F1965C4F1120A2D5D2C64400563D5942044807BE7C738EBF3034C4A6F4D70C04ED1F97673C039FABC4CFF18866E08
310
200BB66BDC9CCDCC3FFD1E43BEFC52C317F0F5E64900FBFCDA4DEE68768FFF46350E0EDADB7B34DBBEDE3776BC55599AF84E312229F931E700D04478D66A0D88D09B2276141AF0F8811C5F8067DC04C0F90929F7F1AC9CCD368488AFB965C97B855A3E2E93AE5B4866502E55991B82D4388614F2C36B8484A5FA06E3EFFA98
310
4A6AF17D5C2073299D9F12FD63826F67FC460E54030981684E9FBFC22009A3006962285FDF4FC84B699FB5BEF3736C6072F6844C15EDF25883037DE6BB7AFAD6AE164B367812FA8CFCA6FA25725D99AEC5C6EDEEC64ADDA2BE0056002032E1D7A20A54CF444E360D520A5B69816C0A953CE0434A8A898BF18E2B704588C01B
310
DB2133342F5404FEE698957C200EF54E31BE6DF4E888C9C67F5F3F1B41F922777E7FA6332677C20098C59F762F5DFE4A23F9801A3BB6F8A4F66E0D40EC867E92DEFCE84C714FC7CE8DD3DD3BDBF9C781B1C3B549FAD2C89D711808CAB100E09700BB85240374A7209212F320CA577222A7020E7824500179FC7096C714884B
310
DFD9499E027ABEB3CB0226CD293CAE6E0C41A6788F396606A073E28CBE5CC67D584D36CA39D37974FE1023253E3FFB007A26F657FFC901D851130DDC2BF54884F20D5D40A0B7E5C7BCC7CC87B84F2ED820192CCE1AABA1FF24ADBE1D03635B5B3B53D4A5F84120125FADC36A0E792D3AD7E255792CD5241A4C84171F110409
310
0017DA493D0A7790A7BDE6DF326180398E4B0DEADA5C2763825E43E05C388E184678C88CE6422606C017F030366981353DF03A753DBF6370879F79889DD0BF75408724DB53C5B0063AB6568D02DC47AE4627B58D7E367A6000267E7840C23A0940B992DB98ED1C4731B4FB4DCFB6D3EAFB6CAC7646F0335C5031888CD74E21
310
03380260AD47176D703960230370FBBF28813524C17FFFBD6288BB28E4F905ADB4A788B40B4A6201C1878BED224DE9906C4C79EF32EE679B9F5D3B5DFA137327320643909A823F62106CB8F9BFE4BFEAFF0FC7A6393EC7F64A698EFF8ACE31BA05ECE6DAB6DF124118D1D13F892F3D3530602E3F3ED3D59DFB821ECFA3D9AE
310
85B1ADAB9E328DE738BF55D5DFD039445AE76D0194180F57B15BEE5F09C07F952F9A10372BC894CF7DA12CF6507E2A8916E0DF430C519485C55D61EFE209912D8C32866214E121611E22A0B1238DB18E86636A3BFAFD5B4EE02FF1E505F902BDF424D0516907BFC95EF3A76B6B3872769D67E25B548F0DA46E2B93DFDFD5F2
310
B9E9EEE1EE1DCC7FBE6380DFBF38A165CAC73DF912AD76A4690D2B766A3EB4AFA2D05BE543EA20B095FB17AE3F1928D84482049B659E671A4763CFA567C08824913D37F2F92F841FC244085C1681225C04AD6DE1684831682CE0D6096B56101C0D4FB3A1BD3F11FC1105AECF5660BD3FEEDF162B0D9DEC6DB55AF27FC98050
310
BDDEDFF63ED14B01336053A19DE9AEF5F5D9E9D9F9E19ECDADCD497BCC57681922F327EB41FF681E17C1921B04FBAE371AC69E53F98183E91B84897A5DB164158BD1D12FF6F6BEF0E02847727BF2628F9FD48B6FB11DF6928C868B29590A0606F92140D0C08850DAA7DD8A5FE8A50389F61288AEB743E9C801BB67DBE0A7F6
310
4F63BC87770FDF57AA73FE1F5A84F8DD3AADDFC32087FBC0A7D645C327B97D65E7A8BBA76DFD9BCEE1B1CDE3F5F7CE4E6DF4013ECD7CB60BD1239E8A4E9A5722AD9C4FAC8F7FF17B214AF8801950430639A08E3ABD05A0D94E253BD5951C885B0CE750309070555FF21F2EF83FF53F4E15038B8D8A244740A5C9CBC120043D
310
A0B323FB1DA0A4EDA268C05A304619505000BE10415DE898809DB6B66896E60AE347ED3D6DC707CB7D5B5BC374A158EDC343D0EA61C217D4878CBBDC1D85686782C3CF4272E7DCFB5E9EF628F5A95AC1AC0C6848F5771329EF8DF2BB79EFEDEC8DBEC72EB7F245287FD4B31008AB38EA4D52F2BF57167159E3004CD8950E21
310
7DDD6F699FC763E9D1A0AECC701F7BD4430A3E030374066938F883C01DE40E7DAFD609345E33570F4CE6BE467FBD7F793B5AF2A9D331D86DBA7BF98067918F9FCDD609A0384B523F4413B574B818C6889FAEFC5E7B8F90CEFD62BC2C85B2478D54DD076635BE434FCADE68B3ECF1C8708E27863DBEC352D87BCC7A92A8E135
310
700CDE65BC114026DE5DB68275E656D2C0D4087293D43BB4C9C14EA83C0D806783B40DD7CD4F19EE9F33801F55A3F1FD600017A6CD5DE607783D5F74E34680E7DAB98D99F6E5B5ABC7F7DF19D8278322F6A97FDB2FADE1539BD945DDF868EE2B8B70D9EDAA45D1BB0A5801198CF1DA891540474745BF0317F8A3703E02510A
310
E94B084221F887FE950272D62D4232781054A87C58D015CD45EBF9B70E60820A2056E9D4D619E8494BBFA68B61EBDD8CF52CCBA124BACD4A4077E8420A7F36FCDAF661E577B792A7E1B7E337C7CF1FDEBB3B49F501F3C7366C1730E793F51FA20A9C3D2E9F18E63DC277449054CEADA36DA0807467D45F8A744E1BDED725A0
310
33868703F1392BBE221158220588F30574A0B0893D0515B0B7C404AD0E7F40C11D504C49BD7DA39A85A19CD7357DFC966E5D92272FF06D59CA5A6A1C8AE30E52F1247C1F1D78F81887F9F3E387075B170F9F5EEE4A7F5BFC69DF02FD8795FCFFAB472E7C88D563DA514861B85BD41594A75F5E866BE69471110A9F75C8609C
310
7E6BF6C7C727431EE3E9E3773D2378C25226E82C08104A57ED273FE0921D6990E02B006BD038263BA360355E8DC446A380F0BA35FA9945A80CF60DFD54054202F91897C241C147D59F8E0FC67CD0F2BF377A3463F8BBBABCFBD6833C57E214AC3F5AE9C2FDE88852968F20337972C7E04EE5658223008AE82D93BC37D8DDD9
310
00BD6B16EF221F0D4149045D740A8A215D4FC186C658E01994B8CCD317465828704BB630DA2243B3B4ADD3EA554A97408454148C04A1A0CAAC2E04033C04073851F54380E0BF2DFFA43FAD3D6B574F2E1E5EF6E5F4FEFBD1CA87C161FCBCF5C7AAE2F726F814027BAE10F79BC3D765D61D1803952210A9AA07F8C6BB2105B6
310
1145B324F96014EF223D4A9261080239F03FF6F4DD4975C183B887E081F7A467A25EAA0C94028FEB808637768B07400A8235D4EF33143253198900E079E3FACB0C59B00F827A5785A6FFE2FCF0C0E6F1714F11CDE5140D931D707950631F3DE877F300002000494441540ADFB08704E252AADE1BD4E8DF55796A32B9B6F177
310
37C67702E5C638682737286CB0E0A89B624D5BF28222432848C9AB8C07170C97B814FF492A61072407D638006F7C8400860444C01B1930A522788045633DFA9507267A3A42BA05925BAD705CDD3792FA23C1075C6EE768A673919EB6C3FCFE7629B7310AA794CC9C0D14A1FB88F95C845BF22543F57996E0B26C9E4C2ADF18
310
7F979F8A55F11B47BC26594C52588518D25E6C2B1CCED231EA1B748F093E5726A21A54C91EF95789041030C20FD5AD68613432E19A4D0DA2505B6BD843516E10BB00AF9AC315EE9FDB39CC1F9EA59CD88F9CD071D470C86C4647FDEDDBB1CDAB81DA94034747A779F4CED497CFF817348F69F52E55490840E48840BA72DB71
310
F3E84F6DA2F4717AA928F153DA6E4C7E8E00363CEC9A2E1C8E65F298FC4A52F087FCDEE5CBA38A80CBE11FF7BC2AFF249203FFAB77A128A001B1987BD334AD9B901890A8C2005B6B248196AD09C0025ED841325B31845032E327C531C839E66DBAB39566B631C2FF0A1DA5A3CC47E665AD8751B47CFE33899DF047C9F3C365
310
E3B11278D49DF939298E09002F6430F9958803309827A7C791048CA070061B7E9A64C557D235F83EE24822E5EAB805F9862F20FC58F483DC0EF02181F572930205107E00E523861895A2811309808F2B6C14B2AA579E893753C155D2F54302007E9FF36AC5FEDBCAD47E182D91A73920CFA5C18E01F8FFF4C3F1FF553BCAD0
310
E58DEF85DD63B91BE38ECE1A9FFC4AD4A1FBA30D462C328C5A0340DFD393D3D3D3C0659195C96990F391EFF4175213BC74C020922D4830FE215E76940962BC0713A3B82784C0CB6623DC40D6E1485BAD454F6892200B225096127FBD82D2B12006BAE2E329C771E25FEBC0DAB3B5395289D56D7A8A89081B34EE06F80F819E
310
FE75C67DEEE95D227E283FE98A7B9F1C97D2D05B4D07A469153C3DA3048EA68FA667A6D90E291C7D7E2D063E4D044964D055F2DBF3E31BB851AE9F78A0A7314F0AD24901F581D74A6929142039C65AF5830D1C809536CDC05E4BA51038F79D713DA930CF18BA3010E385351CF47F74D439BCBC793556A1F99814926AF12835
310
E251C59BEA3C083EC2B2760FEBDF4304C9EB87B35769E1EB24B648542CFA4EBA9EF93CD42F03C08F249A2C98897D8E2225E90077823F4A52171A61219998CED6FA050992B6B0A74A2220ED12123004FB977084208F8E2AFC80F456CB110BCA647A3A0F854085D84FE0052BE31FFE7F925610BAFEC06FC33F9931BF063F39DB
310
3D1BB20EE357F594045F4226131578582CB055A59A073AE0413989D215019B6EB8A21CF154D71164E0D8F4E730C2CD382D098DA5261456A425643686BC8301710F2C50665881399156AA2B4C3191BC555728384800CE10040F746A3D8A80A5F0E500A93456FEC52833BBB45203DACCA37FE1D3EE4B9BF0EC27ED47D89B8266
310
F11EA2DB8B5A8BB93EAEDF0C06B7AD0402B9EAC6E787365535AF19F15158308A9D9785C1BC1C01377F8C6B4D07B50DAD25649764A91DC9812C7B34CA98184084F7C01055466B48058CD44085AF26648520C85C41C67805462D8425680425559F4440F3ABBE1F3F81B1EC72708767DDC8FFB6465796C8FE310FEABE0C9B242A
310
74137EC3E0427091967023299BE5D6D4D0C6D15747DC2AEA4ECC57C72856E827D33CBD319D70FF854369EB841282F84B7CA4881447ACFCB257E252E00FBB3272120A75B99119840858486615636E0E0334031AAA8C08A62E080053A0AAA4158431EC727A084021D41CF5D630C94184F6FE7432E8F5F9A4FCDF3EA7CF136FC2
310
988093F98ED622E38E4976E1BF0CF49D2889E6DF3566719FE1F9B47A2D3BF89C69155DCF24F88C609EE551160F0415900B4C48FB013D8900A9192A700748002924771A3686A0A580FE4009E00ACC090253E280B90AC15048E047020483A038A60ED232831F2CC90498648690D960C48E439F18F4DDBEB0B6F5AC7B7B89F623
310
0243B4FA160A7B9327F3AD5D937C8BFFE5FF8B3A5E64283BEF8EAB9F71159514CFED62DBC880614AA1F7994CCFAE7D8C87057F451733699B8DF87056E1F0654B5021E38097E4E23221B810DE20559AD183A61C2C88A648DB096081E9801CA00BC1DA0124E08DAAC15FD2936905CA8DA1C40E42B13F1764E0C4015EAD7F8BFE
310
C99A310B1B7C0BCC7746D3C0702759C89EAD57122092122D1F857067684A578F1DAB7EAC400841F493A468113282FFE42316CC74C756B1C880FE78795C692813CF4644480EE9B02991BCA257A71861F00666D9410288487618D120D0E80D7773E2B7DD180E100EC98B221C94BFC4FF531A09B986230F1CD08378A8E4D0FDD7
310
D9B1BC75F5C12EAD7FF83F3ED19EB018620303C217A6A35D826E72ABF2D8E2BB1B783F6E48D2E3F360806E1D192085D022103473A10375B63853EC54F500B5B064DBC20945B88160DCF7E4F83A0200BF6FAEAC88E9F54D22D898E43F378D20B51B5D6B1457000922202800DD401A9266483029C0D6D57ED80D42A0E6E08835
310
F0F3AC73D7FAE6D56185F04FC44472B854EB7D9CBF7134DF3DDC35A9F6B38417DD6F508B37C1A718B0D054124176F7222F62DFB327F34D451799D56216880193254FF782D7DDE26C271BF38C6E422E271CE4AB8823C9510F021126A7A944E00DB4031D013C88EA0746C96D4574069BD5439C4110403B40020C30B07A604F1E
310
41D19C21A93FD9002DFC35F23B1E7B98E95E38387E3603FE7393680410D702FF9ED5A3C5E5CE68B5827D721FA78F3A9A0C08A79722D9C9B418F46C0057BB1640C70AA4A03D29CECF33987596D53CFB27B32C3BE304C540E14BF8464E080918268D254838C91A01F0FFB99154FD8A9C0495EAA6534A6C464440B4A71E16100E
310
7405088122A35F7A511DC003D002E6C8E7E15F6D1D2FD09014139EC11FDC89394621F77B9F88EB5A583C41E2FEDBC8F82334494C0BFA97FF3C3A34ADE60385B60E5A30CF036E5E75370BE3B83AE73B3B7DC0BB337DA0045299ED0C66681E4AE223D01B1BC3BD4C921E2005FEB5114739040758189BA8A320067B62A3995E47
310
20055065AC2B4A8006BF8CFCC907C0063EACE41813C5F017065AD46CFDC6FF1BFEE052932CA3478C8E5A6F25DC8503D40F61FC1B047E4DFFE8E84407C81F1AC7B5C79DA358551CD0D13785A9AEB38D6EB68A0A8087FC6543E7471082873CDCE5CBEA1EFC5CC0579469E225428E9A43D6A6000B4219DE52E8DF00A55F4BF503
310
5960661C2DB88AC1F67C2890A93FC420193C8326409E7B595FBBBA9AE1D1511B3F6D65B09AC10A71C2317201A603E88C56CC68C91279E83F5C147787EFE6C675F00941D23EF092920330982DF38C65EDFCA89DA98E8ADDECCD77CB86D85118F3DD9884820B1128010D02F1060F582871CC8FF42024C02239273A1CC3BF71E7
310
70DFB7E96081682803188118B50310BD620234F230B12711B063E0F0490FCDA9248B580D3D3DE944A30CFCF2A1E0F6E59E8FBEA289CCCC943785BB8880ADA9C2FD70F6A13F5418444E3A669273C006C4B4EEEC067827539FFBEA9CFF04D84E7F170480037005AAC8829084329899F90B5E013927F8E646514B4824B01D11F7
310
2C012CEACD163B6358A4454A4221D06E68A71062520649BF9E9127D0772D6E5EADED52FF216BC2FC513C7D3C5CC4C8AF009811826AE20203B076A2AA66D8D32E317DEE0EFC000FCE16D9E0BEB17C74AB009256C5D8AD1CBABBDA61402612C675FBD72D07E633B1A42F2421208CE01397560811204306617A5141706105C9F4
310
984C459F2D0F6C392FA05BED808512B0B9A8A9FC6CED89640EA347D31F0DF76D3D9E61E800FE9F7601BE4C9614A1C58E6C839F13A12D0EB426DE6386B82369A9E6A7F1F9146EB578A2EF4289AA109B4F6CEFEC0463E0072A05CC9DEDEDFE08407B173B8AA65399C80B2911252E6290C82CC1B8909140C11B7AE161B42B9390
310
5045D017E00CED6D27AAA15F2C2179F1E83D411A7020B9408D202381E7E5DEE5A9E7E5CDE3B186433F488AC81554BEC09BC579018ADD1DCB3D9D70F02B14BF9159A4DA376225FE43DA224FED327941705DA582B2FD1BB5DC0540667B650BECDD1D5DDFB0C7F36DEE2B94F6EE2EE4E426F20A1174C31DF153321A24114C4FFF
310
25E505475F6906D4149B21F1BD9D9DF7B059F8E0FD83323CB97991FE80EE131A9003B81C491B218B1D42C0C0D593D9D548003839DC29A740298B0C23F0CE14BB167BD61989AEF0B985C8FAC8F923A73F31953989F0F6C96CA6C4D0A9A88184BEDBBBDA3BBADE77CD8E2FFEDEEF46184A86671D7DDC51417477BE9F04804F30
310
5AC82C2D018A21EA903866A0F959FBD4139916D036635EE03DDB7408BCF0627A03027AD314C09B0A27F0A79490D53839D0DAF1416995CAB24101FA63F75029D57A4CBBA9FB4D120ADB17FB5A999FC9420DFE04FA670430B90FE7F589F7FE8D50A4B5F004CE5F07EB4EA007F8AEAE8E8EF7DB3BE2F81F42166C7246FA9E62D0
310
2C8209BA1024414C483498B50229FD923F2414040B2081390AAC353B5283EADA12A30B1080866D746B9ABF5BC107F33C2A015B275480759334B83AB02175EFD0DEC785DFC505E0064F4EBA5A97073A74C5C9FEC97BD25D819E28AEE661FD2732B8BBFB1BF13441B3C1F45E8AC1752BBF80C113DE960E0AC7D9D02C58C80505
310
A19BA0E84B14402601A590A4AE00A825E98C3212342302EE10FC5100681F86834A2804BC409D70270A2091DCE874B16BE0706C974EB3D26EFEDFFCA6C4579AA4DB781708469F055532A7046C6BEB0CF39F3ED2EC4FBCA3D00EA91CA68FD2B87B5C191E0EB2C300F00A1C9881F263571C6CFD83D079D09F176FAD839340CF03
310
0F70458F81F09AEE1329505150CA0A00576B56C06D58070B23086F685E44232D9D53DE3FC3731044F286D19F459351863F749F1104198D6E14BBC68E17CAE70D7AFD958E350BEBBC70C9C4DFBA075240DA27D40AD7DB063A097DD3F041EDB3E4B682A7A12A548F3393DB01945547175879989302521EEB1431B08759B632B1
310
74E0F700E774FCA1BB83F95029ED1A084288C8893520E49415E00DA080AE8027C34206D35491D050A4C6B080F6A20889A2FF82379AB6234F6710C05F9080ADF002B9C9F9C583AB220F45D618D7E7F7547FB27CED8A8B7A7D24EDA4988B0C1C2A1AFB53FDC61BF3DE50D63C560F0120B0372F0839DDDAF13E583B868717C1CB
310
8CC71D1D7F440CC82184803144196EFD58BBE00B7EE77DE8C015942357FB06FC906A5E2B8882CCF9FFE184B0035A5CF186A962A63F84B3AAEE3D5A2C830008807568B6A9F424086D2095A3E262DBF124350082C4B5DF4704A9D2C93553DE47BD6766B69349610716999FA25854F759CA9792599D3837ACF6247CE8597B0F96
310
0FA3EC45B61715050260C5844FCCFEC9666BC71F875B17E3BCB4CB151405D7D08F846B4CB952248B4603CC402B609E90F0044A007FA800EC46D07A51232B00E5683C55D5096E1374DA4FCBBDE2C25A5B8D26008227CA7758033D7D70DF12CAF7F247939F93F1CC63047D63ADA0B7CC8771B234D8095FCDB577B586D1834062
310
035670E204B245EC093FCBE15626C10D210CB38A13F50E10A0D5C0814B0C4B30AA9858516001669002229618F100767AA3D6D2528595FE7A398C2D2300ED0013A0AE60B91644A057327BD3C36BEBF48C91279B45F8BD145494674AFB211A91977CB838DF35DCB3D6D6AA2FB2784B591ED785DFD7DB77747DAC9D2F7674810E
310
FC2895F9ED8007EC7885101679C06F21E4B1C8A6120956F80518D1DAF1717BEBFB5803E20C6F2A11B2E48AFF4AD2810A70054623E341B3D1ACD92DA91150DE631EEB2C28882D092049C0DD38E262A7BD6F98549930C9D44B7C37028AEA9F8C5628A2BEF5704C0DCB2B428181B1BE766F43014498D2E57791E4C8DA6BD2ABF5
310
003F0C40202E2E32EDFB02852D16C30B7F646B98FDF86C7891690043128B0A0DE6B4EA27F08C30CA34C9D0AA0852A5997F8D11A6EE84E040B20472020256F4AFEBBB74E6705A12083B249089218E6452C8E5A69717E904A3F5EF3D5D08EC1F4D4E85086B238CFFC11AB9AE972CB775616C6D1DE04DDF073B4DE3747C41FBAE
310
6072901CAD0237100670C5A00C2C3CE063610ED824826C1F6650700E88C00B62468903A0D71D3A390255AD7040048348C56C4647413C2C2561216E0C469203EF06A5B101AD40D0E207F78B124747DB5B4BBB4E88B1C373C114E0470B345156EDDBCE1B4DBDF81DBC400746B0B54E05F693707B89A5E430982C2AC7D10DFF11
310
D5B102B9505034B35D07E8E5F585757F088B390F2D4C85CF7218E8418BB4F25B885053D07D5A908326809F31D6CC6B77CC948413B28664484439D118DBAC27DB5AC40C1AD166F25E6A2F0AE82100C0BF220405323E1FF80DFC518CACA8DE1003F3C9FAE9C7B2D60703A0004F8EAEAD2DE0F5485452D15B77B4B67F4C2403B8
310
D8F9C533558ADE058A9E177A1698F75DC0EB4C800F74C0270178C8579C1FACD025F0560844502D2BBC01E620030CB93636C1041636A693949CD80139FD15BE107F905590A292840F8860706D07E2970A2F15E5B13B87C3143CB2930374CC46A6F9B9D7A5CCCC14E11B9E879A49FBE27ADBD6DA82410FBB94FAA8487D61B51F
310
4BE0A03FD08743C31020D6628ED20305A22C2C2FAFA7ED1E7881C438AA5B9035F20759E243C51F34D0D5F02F11403B9E204CC1686C0B6C9000470561519CBE1B0E4FBEAB37A39EE4B84C05F023858779341991F36D9D9F351E7BB3B5ADF00148D9D05784F9AD8B037D48C01BFA83D4247F03BB768BEEF973A14E610090D4B9
310
6B1EEC5C5E66928F28EBEB6CF578B067DD83086081579848E60DFC7684044D8174993C39F886043481F6A2B743B18749E52447CD4D230513032D20D20206E536E15BCF7B7D211634F98FF9986287F33F9A94615A5A0A7CACF8DF5DCC1AC6EF9AF1945EB78E0A2FED1DA2ACC00EF983F9A012260BD722EF61C9DBCDD8719703
310
ECF839029010CA0B9F100B1D2842153E01A1A3837AB579516A31982FD2908A09100DAE591016CBCD4B011A2F4DE299E1338CE065DC4841BF9895D8C81714800CD08F5AD39601BC929B55D291F6CDCEF2AB40DD5D98F4E6F107C47AEE4A09A079C05316F479DAF4C2BAB83221BCC0CE23FE3D3D4C7BC9AB673D89A3677D6020
310
F6E182332028012FA0FBE0B2668FB85485902A8E7FA0BA2105C213E20BC2169211A4BABA7D693C3F1DA961F203694853137073AD5CD25F1C017DE0477626D7BA55B88F83B5EE513C41D814639FD1BF759171F4577D3CAB0C3DFF68B2D3B1F8478C18F67BEBB2598FA76A4545E9E961BACF657E0791D2373030E0EC9FAEDD17
310
BEA7703A738185D08236C407448A4CB504CBF01FF43859D3115488EA01B55078000DF085911805790DE1B41B6F8CB2889C3834FE02AFE07D85143C6C008438A944EA63E047023A7EF37E13B0903AFEA7BBAB9579330FAFDAACD540022980B65A75FBA17D388F1E6576405CCE7032D95BDA420E7DC0EFA320879E5F8B3B04C1
310
D2D9C1114210C19FCC49DC6A855E12010184DB8968109ED016E4683CD552A36B3AFA13BFC2114068935A7E774CD2C7225642B73325938052D8634ABC18DC9442BF9E0402E85B42F9F3273672DA8E8F1070405D1DC3248487574CD98092B8B956E6AFE1566530B78FAE05B4A0DE51FBAF85DD075C7E11939F80E015A58D1F87
310
E400CFFD2306C4D1D3C634380A201545A92BE01F445800BE12302AB477BD6F62600D211232EB061448A0D2B877BB940D63D059C37E0569A83DE93E214F4BD86209FF6F479C640AFF8AF6D1BFD987D029A94DB7C329B4184D4BB013BF912FB88FEEF913071A8D82B651BC10DB067A7EC52FE1B421883144C00F64FA23A11CF7
310
08BF16CA59F18D4C04B8085964B2D8DA4A855187000BE440BC816FFB13374640B0EB1D0998AF38A1AEF503F14302E2811081FC12EA6CD38A63B33035125F40F170C0B0AA45E9FCA38FC6D688D48563B5C4B4B7C359D3C7AE0EFB16ACD5E2FAA47EF8307044B4EBE1C71E84E742D81431FB06B90B600B9C239E277A57C94C42
310
7EE10E7826980C0136600D916A06058CBE8604DB4D314FBC014EDAACD0820F14BF75449B70339490FE5A0491221BF95F949DF1235380E969AABDBE2D32EB4403D3FDF17F42F9A0A7C28ED75BE86BDB7C7EC80C76F86B8800F77B305EB88F00A4352E0F8089EF811EA02A3DF08F7DA008F803BE4B4EF5F41E56087099E92070
310
8C3D720916444440FDFA013D4E1201414123A09290F5BD7AB729298209C4306D007BB0829FD4EC3A6D7E4F00B67DF38CA0764F832F0448E58439B952CB4F70DF964AFA74CCFDBABBDF273E2FF4F56D3DBFF2A78D42FFF2755DF307066497F44062AADFC0CC546F6DCCFECECFA232E14F408F05477D311B683A35BC245FCF8A
310
5CD2AF20022C21022266905A5BCC8B20235D6FF04019CC04058AC80023662E25F342063165956320BE50370F2A657BACC817DDA3DDD3EFE04028645780A768FE38DBA88BF2EF3ADADFC7FEACA952E5A77568ECF0C971DF32BF1D24F8486B22A649EC81B1B60315CBEFC026091CA45F858D7D04C1B437079431E63E38F88075
310
8842E780A9E03791C0FAAFE10012588C3C592FE35461A6047802BA18686887023A422A49599399893103942CF6DA53A8E387825FA0678B261F139F801E2B17C901D0F5217E07AC2401A87D0480F753FBED44FE949C93A1D042B879FCE499B3D861AEB23F9C1F372F0C24D0B7D6E70FE1AAF60F84BAE642D82F0A9F53E22783
310
915518494FDBC0AFAE7DA282E5050B703570E06319A015E00D693A6BEFFAE493941C3B08C13B96BD20D0115A9565701DC58568A3009DA13E965765C03091F0FF339F7309D44F6E61F837F1B1FF920450EB8FC48F9B40158BE89C81A597CFB0DAF5F5755D3886DC13D4479599B583758CBF35663AA234F133F91D3BCCFCE0A7
310
94367F385C59B19431780F1C099131384056616E15A1563B50021D369C593FB292685A68A8B2A50A0A2085CF05434617E05FC24A6B077B990014421A68401AC4D65788EE25F737EB780D08A6E38F060F2ABD889E1B889C44852C2FF368C1E3E710D73B6589EA83F7417B341ADA1F639A23D15298F087AD0326410E116C3A1B
310
325218433C71AE62C07C1480F1C045629724A076A4BB8D622D24690486727F56108D07046DAB065000678E04C4F8C342DE27F4AC102D854F2D08D59B4ED0E4F697B0FF62F113646BC5B7F3131D4EA8BF8B265EA3F2026E7061B96F6DF3D993276B2180B8E57067587428579460551049049B074CF8B1066C7E14C705F0B392
310
98C0997C17F701097023BAC31081390196801FB0C2A12380042927503D5A01CA127F9841B460310639C674BC8CDF1A320501448E0068905B07F6E5602F8C1F07786253438CEC51AE61FDB25FF71B09893AC026A9EAE3F30F369F5D5EAEA5801FBAD3C98B38C13EE017B054F81A56F05259DBDA64FE270B1FC4C77200FE276F
310
E814B916E222575ED717A62A92956504605268408CFE13FD61F84252228376060206802B9550F00B9D47E6AF1022538A752CF4FFF1F5931384A9FF8700EDD4FFA2B93FCBFABB3EA6C607FF714B0B8B04EBBE83B52B246092AB018C0D0002FC490849F1E214AE6FC42009D6D86616C835B65DB9862EFC4480C14137603C3089
310
D0A5588FA27E693DD184131BA4E88C35045ACEF1CDE1A82323C20B842F2419604821196EE8185BC834AD44F8E9B7549A32900196E9ECBBE20FFB4706861AACADBBFD9B56A23FFD3AB8BFACC18B1B5AC0ECD7B6AE2E2E9CCD2BE8AF1B1BC3A813B94107E82DE67A42E7CC7D4A6116700B5B2EE3C338A09B840F07C40A64800D
310
7C605AC42B72227C4C7020AB1F20056E26F542717F56534261DE3766AC10A6ED2D006DD03BA9DBA507AE0510A8B385C92363B9154167F1230C40D76AF6F3BE0CA08F8BA2FFBBCEFB09D0986550E0F0EAE2F2780CDF850CB0F88CFC2815FE87BD83909F474F45DD47F1C821DB2107A8817FD45384F57891B65F2543D0C1E20A
310
89B4A8DF806862AC27C60F6A054627FD344250718AC0FA21CDC4E28DBF2650D1B39D8B8A420C348A4F846E2BE824BF8C45E1DB8EEB52F576F47A75FF95F90FCE0FD3A7A08D48D5B9AFBE3EA658E1676FE3372FB57F0AD8D70ED4AEBA3D4C2BE0AAF1C3AD63A6004D12900CFC481A47430C9EACB390038642C8C41B13303166
310
614210592736B8603AD4FAB17189DBB32F3915F0C380795A089A15228460BDE8E52203527D41B5470901B088D84FF8B3FE2BA7F4FD30ACAB3DE0B7E2FF95807AB0010FFDE3A048F7360F9F3FB9380EE537F16F8673131325D3351A3F664022020811A0FE8C019CA17370725CBFF64132025DA1BE2555102212E80A907FB43E
310
D80A991A8AAC183932C19AE17524B06590B6AD286EB99BAD18FF4BD64BAB519202F992A963648ED30E7521F909F090C0213E367A77D8836BEB6F34D92EDA624183070248351F1A079E5D3E7A9EE81F2CE6678F92E299EE312B6C0572C0A7B5EEE07853612403813152C7125E2022A20C18F855DBAFA399817FC97FB6E1CDCA
310
31D348434ACD0012F0D32A5456B4007E6E92D72B1A4E9971223A42C1042819E4049C0C5801300C0013FA48F8944FBAE71DAFC27F1826FA2304ECDF3F6C10FF47D5C7E49748DDD687DE8E91C09394EE0682A4F84CFD6067EEDF43E67EA46CB2F4070160439245F00343D03BF25D7E2F26FC400A896DBF19FB8D4D0A66DA669C
310
3D608F9CD048A0533621B25690EE19D5D15248E390F042B12C682511B02BFE3E5700E4C9A9B2107A8F45248FA48234FD23005ED1F4EFE80D1320836F04003BF42856D478D1DCA3ABEEE3C68F9F30C3A16E5C238EA5DE3FF37DACC2F8B7980033F47FAC34421EF0418A045394802CE032D61C70023D788136788613887C0011
310
A4EA316E005718AE191F8D0D841B9C679CD2FC478442D005429166F5A24403B1E6ACF3298F388B6D0BA933D92339D48969A5C11F09B4FF017A9900A4F887010C474717E10F36468032FF33F4AD610517777104CD920C3CD15FC5F3B3A0C75BBCA3B00F2724863C10BCD4A0E00736C7981F2F72E4B001438B99714FCFAF713A
310
2603BC710376A1715FC602022202E06FDEBBC680A3DF1C4C095A12C50B554FE7623B50374FB2129DDEA4C392C9188077658C87F55FF92FFA507FF03FC8DFD3F31BDAB46DD51AEB03F7E1B38B8B87CFF47EA1479C3EBAD5C6B382C221C0F1B358B39D76D9D3142C4A20935F541E492E0EF081BA41B3620A8E172B584EA14856
310
32E22A8221CEDAC6110AFA4B6D43E2B76A18AB240BB24337721C9321D2C033B2D3E2641A55A400A28403C12D1DADE39AD23FC5FC08C47A64DC3FF6DFF76B5235124022D7E6D6D5F3CB870F9F31C96FE477FAFE54100068A3A87FA5908A2C08011CF31309C10025B089FEF9C510522B8DC07C30AA469841723A10C08E27F00F
310
7FBC181C083F2809EC3B2B328E294AEAD5A071B3A95C81D2DE3F930372D022C9C793535B92FDAD5426E90490C3C81D000017C6494441544698C416520C1C40C71FC204B22448FD9303782FBA67089A1A7D4CE38E89050FEF5F1E078A4DCCFADA058032C34C1CBC2E1202B1F8962B1A8024F0EB7A11F209E96FB369D4B64202
310
FE7BA230AD24C46413536EAE955B341B726C593B5D4630C0BE822480908522B0D85430230352618DCD4F7BA6D568BF4343801480006658EA3EDCBFFA9702B4FDE9022163C43F9B72B58001A23FCE6F0B3FF0E4E1DDFB9801A6FC42FD0132CC1F2224F89933107AD30B6C9131A53818AE944BE25A70810821C38F098411980E
310
46D108F483DC63F49B91B852351604091D60546702F58A3872A1716411B642C7629C267E64E77719F46B0548FD6BFFFC86A38DBFADFCDF700228C124C8664FAA02BFB1F92B09800876FCE4F2D1C3FB4FD0A44E0106A8DB8079751CBF0BD9340066C3D52BC64706467C05B5A54401BE4A1B0132A55EAC1CCCB10D378A3DFEB9
310
812022327745EF2102886A9142C812A1A2C9708027BB55B7006357459F9C2080E0BC34489FC629510F3017B62D5073E2A2C64048A0A42580E413BA9E08274091A398EA80B5BF31C87BF5ECF8F1C5DDFB4F22AAC181F070AAFDDAE5650C4000516440D8806786D874215149E69ABEC43FF0EFC820FEA112B0522003C84BE03F
310
B76623513B6D840820358B084119B0CEC8C00AE888826339A54091F5FCA513AFE147975BB1A86FC50618D9D74502F0C7C8815AA306602FEE3A5E79E0D7DED1B221001118B73182CD439A092FF801105D1AA14E1918EC282F6260869D55108065988BD67F68E5581720A708051F7C8070F582389C682BE53F2AFD85853F2A01
310
3D21564028E06E79B7A71E43212180A81541EBC88F451E02385100491AB0C4A3BC5309A95911E66D04C0B448366988ECD204C2FC930F8CEE8FA410EE4C25B58DD1B6EBAD83F6196670F7DE635282C0A56A851AB035831725F0471A10FE52097089C80495804100318405F0DFC2136004B4C40705EC9154315129205EC35793
310
0035688F61AC02188250CFA9A980233925F16A117A48CA54DAB6400221976B75D863330942E20EE3B00B08FBB71AA813B0E502FD2B023DF70114E0D7DF2E2EEEDE7B789504200112075478F2FBD6897835C91F0C20782401E801A2F9142700B74805703426023A81CC0BE88B537D0003E0C5181D29EB8D83050964DD258091
310
0A1E7A8138F76253DC01DC2F3824391AD748276C0B0CDF12366625D038603D0003E0266CB42704C8CE7FA7F11B4D59C0BF454A78F8FCF1E50513715D469607031272358F04E0003C90107223A581218F10008B10247CD20D860FF0BF48801040B361808148714764028EAC137E871501EFDD97C89B52107FF1235B0928C562
310
530082573CE137840EFEF82A0BDC602736C595912FBEC69E6A3A26903B3A300C5A098A9E3F1810CDFFBA019D97B4E7A7A075850F2E92569BD960CA7B8304995FD006FC4213BB1448A6F4BFBB3A9F9FC4962D0A1369129B10073771FEDA38B1737B663A71C088D8848027FC3008DAC4E4397A6F76271DFFFCF77D6BD7F1F67D
310
A51E0E08875A6BAFBD6BD7AE52CC04A0B4A2206F650EC412841A48258258E8662C3838FBE21E25172C2A15A4F78D82DCF68A005DCF07047C183E1CE47731BBCCB5469D9169E0D588945BEB637E87802A03D88FB82486210D28FB3B858D13DC7CE75F5E6F3B03C1744D30CC58C7C7A256146853A05243060B850072A7010CA4
310
7CFBF9A1E24F414037B8781E8E9F219A774B36481CB43E48A79819D638C8760D672FAC19FB9D3FC5EA9158DBD0159C27860409682E8FF2595652FE189D2CC2D7C023E944158355806FC320087CC74116030CC376C559C098B93A041C5DDA48AF33827D2327DC761D19C17CC62780D82A170E6CE7415A5E7FE825E053048F88
310
D2AC2A561CA4D4C60098DA28EF1A01382772484698F60C8DD24BF396EA76260542810A625978C03580A9CAB91D10249BE579B0377A3DD15749A45F24C4D81FF3D7D7996F6A1690288008C0FF6CC186DA9D5FC95BB09B1301004B016E707FDFED306A1BE8FA208828F00BF342186839839F1F6FA338DC5A0200FF383DE92614
310
C03A4508DA18F4D85F9354F7E867AA77A42FF49BBE6757A1A7454448D0BFC3C220714FE43A3D8F1547BE10F0BC5A05985AC3C28829A06FE24CD062700601F4AF12AF99099B08E7071DC4626A97C920C3FF96E190C9D1FD7CB6163E800D79E5F3F10A9306C02B799E80F1AB380E0571A584C0370A220C3125000B500900D96F
310
EA40409F980E2083E4EDF4D8D2480AE5667222E020BCDAD4EF19682120818FE18EC7FD6AAD67C03F7DF1955E697456F517AC4F24700C30171C67E9168B109A4F60AFA60F98BE30941BF776DBC7C70792A2FBE98AAA97224F8BEA39B47BFD14A8CD03320DA2B676E3AA397E652E30A42CE2987B7DA1EF7F75242413800A04C0
310
270C62A13372400B435ACD84B8B5009208F5AC73EB149FFF3508E21C2201E0338BE07E50EB47E7FF6D97724A601028C5519073E7978EC88834410450E074DD58AD13A4900103A6444A9CB99103229F0EF8C0C78161EBC68137240734CDCFC349807851E0EB46CE864D2E405ED341B71A390CF2DE20CF5193189E1901E866D0
310
230409684B193D17E2928534D04240937D3C84477494FC5E0FE0B448E35AFC19007926C1C6A6E622FDB8A12E30993C6710E070397C4B26304C0AE38218D19F01FFB15BAE1C0E7E74DF75F2406E373C414E848FF8E500EFAF3C1029C9C0ADAB2313A7426CA9B2C1B9E30032C84EF31A09A88A386F136E8C2F1D582EA0459207
310
015F10F1F001F0B1B7DF7222011EA2001F00BFD36BAEE0850928B08C077030FE3806C880EAA74BCE0863A952812E6008B3A89199C1EE918AF96AF583F1A073B0A355B9D861AF1460DCFB3BFC6B7EFDC834B09700CBED3510E48DC7129041C991F06BA5006CA6B5B34EE21501374E8DFC910042036111EC9C7CFA1C05D48A72
310
70F7F835BF04A4194DA4CF76CEC66718C84CD020D04C412AC848F03E3C61A1C8D50D0EA6838A00376054D3DF61A0E393E1F8B058A6C994093476D601A4A06F0CFD3C0A6BFA910E75CC10400A80FDA93AC9B5EA4303F6C0D188B559086091CC5910137772E14F2376D03181B5CFE74C0EA38440D0AC256D6C4D104CE05302FC
310
C00B60B9CD4D71E08BD40C144A025E60D4C1F45FE846A2105D717EEA84808A5DD90A168E133640311CF05DD870768683F5D2F1800F485AEBE5CABD8FFA3C0BEB33702493AEB551B1EB035EF5C8E5757FA7832141F88E8578A363802B560007AF93D7D470B478C4D00B412D634C9140C4F9275C00DCE8DFE3C7F8C0AFBC5B2C
310
E82E3C3BDF393D4375D50C43CD1C17E3777CD2C170725B7B42B41DF15BFC344DAD089C1E9118522B4A2C60B794E4E8F33081BB7C8CFCEEA0B2015E49D586429C6C78646180B7710E06018A3082243C275F077FBE412C17DE80D3E6B9462C5204C5D980D1DF84A864401C483CD01B143F4A4868087A0F780F37230200A4FBF6
310
AED325114C367C22512750A5C7C3E32D545CE20A0904183BA10015DCAD89864B3E1EE97EBAE8B204266A48E010511838E2FE413FB116E60880C2D8440AC3880DDA6DF6618C138CF1CB2A09637E18D00F80CB0DC05322E31EADB8081C29410903F06BFCDF5AB46024E4A75828056440503C707856EF0C037623DD4922A400E8
310
A6BD75E4D2800905F18450A00CEE88860C8964C7B3F90F56528BA18F71CFBBBCD2D05797E168FC37DB26DBE0DD2EAEF39686C18440820013C1444055402A541400DD362A0A402F1FE51246404E098249FEE30708C10CA0B54601053159480C00BAA9B1223A773234FE72FD5C3BD81804D8D196FE3D5315A0C981D88D04FA01
310
DFC185CA93F9120E1F480B08063364A0A318F08DF95056E4C91F1150D31B011200383502E079EE43CC18603AE2F88FD139C802A739F208E88D06DC78267C448C27C4113C19B0F51B0E9C1C021CF8F9167C6B1F2E10E461002910105D1042792D1CA303F469714C018C23D72179E165049C40E801CB96CF334562E5807291D1
310
E0C70FE6CAD91656715F0E5C5E70F8D7F83290549B1BAA6F781D25180EBCA93EC84E72A74081CE3020789B3790E1A9E478E658C099BECFF01E530E80EC5FE31204ACFF70AF8177A03059240CD074978A002A878BF883FEEC81DD684E406CA630ACFDE87292822A11953710F000885D6F68A67ED40CD772B0828359B753F7CE
310
23D9479AB9845771B389D6A77130F8C134EFC83947392029B10E4425440A84AF0E54825228FC1634D369874739C837A9DDC83C20D320C36042610ECDFA750303710224D01202488012CA847424F8D53F78AB6BECE9B3B35A7F32396AC6B7444566327DBB4DF06FD9616744F4D3A397EB3B0A3FBA8D763702883ED742FE5CD2
310
4146D8E353ACCF811C806AE09914D8446E93840FF4D6C963FF32BFB6AB015D1D3B0C9A0968776F021F21404B6260CF84A14F35180CE20B5E85BDA2EC91FD5A7DBA7E5705F4F0F97AF26CE18E3BA078138202400A62930FA6CC7882F911A92F33E547E64990B0F27323D73B6222863F86425153FA8009361C675554C25382CE
310
148420C8DCC47A20122806CA178A0918C14CBD33440289078A00EC6070184CA9907FD0A1270478E0B325B67C2193694EDB7DD0F3C238447C8A11485562FB4902134E6AC952FD5320A4F7C780882DA9684285CD81D278C0E8FF8DEC9F45D22DC3C2CA99C2728110888799575B6834BF22B0F01EDE72D7F21B672C40F0A97299
310
9E2200B7C91403F9BB3D09C01990819238CBAE5E7510D7D57450507E3DB04AAA0A3C280064E0775380C8C16EEA4834346A04BF0CE847B4B3AF760D06D24BBB267C32E2C9257DE5EB748AD101AF1FD33265E2B674EED8C01A0AC901392211011AC810560F77778E85B13BAFE3E25C95B70919A4862C15928BD8989664AD8638
310
101D009A80F00BDC41AF27602A4BDA0C077E550048E7F1011410F01405045E1C140B4D0E70E0F6E034171C3D6FD12004FCC1FA304312518910356628A4A326EC9ADF5DFFD1B2C0399503F14B4F8E3E0E4E39A06ABCB56A8014687E86E462BDDE5124615ECDB412B7314F62E6E0C76ADEC0F717B360E741960104CF1706CFA1
310
8E0605004B01AE007869B095ED92144A807841EFF2811C047889A04901C809062057192688C92346F97F279449F89B113500BAD282D1DA80A55C27EFFE02C8D4F395003F285B617BBF0831F49B055342DDDD414378E8888E92C16789F269A27C9A221FAA4A0DFDDB9F935B2ECC04DC51481558A69301E0460B02665AC4DD30
310
C03D480866C3409400051811876014C0F294C542821AB045011A3E3F09001FF304E3A0BED05CC11A811B865001769507FC01ADC611F400CF68C7B093606E30F3C7E0F00C1D10C31951C1E2D7252181DA00345842A19130715C736EC9ECE686A712FDB31E4D3E50AB336E5666D7B212C0113C4A4406029709B43D0228F3FBAF
310
49921B19CA0C82A2D5BC4A2079809240F37D3E10F9637607C3983F0458508A98B8B4EFC92AC13530180CF55359500080061DF59B98BB3FEACEE881DC8127F182A885A86FB12B43C590A4380504E32305E3148BBEEB2D2782029765428092545BA5C2C681FC5F8E869C0EE1034A822FF09A12C94084505AA868080303473F81
310
61F7AA0A6610745E280BE4427FB770106F8800EADABA19F453210435BDB2348471B13B65F2FCB554827632C4C44467333E4127095D22092ED492009930413251B5408345065065E415266E20279A40B3F520370BE2050C8360E6BB4601C1673B9BFE007EF5200B6483CD195400A783E6DEA0653515B0FCE8E86D1618FC1EFC
310
15C2E727F24F2A2DAB57326D8D0877D4E298894E7A0C3C7D9CE8A0E2D17AA2020FA1097D6372F2A9F955060FDD467AD0426368C24A8340FD0D6687A76316DEF5179ED9042005A2BF02A5DD810A4DEFA4A8F700EFC50FF4FB8C06410F0303C106ADF8852ACC6A2CA9046E9ED070739339857222CC009E206479886EA26227BF
310
7A341A15C351A8404A6C10080A2140FA4B4E8D9B9A11645899332363FD69887F436A660566964250FD752E787B64BCF8E6C8190DF8EA0C854C062D8A5A1346F810414313E606ECA0AC3A01D6928544029D5F42E202C0CB386F880F7842A31287061F32F3CBE09F2950783394F2F2B23D85386C6F51943E99DD10C8A0000BA9
310
569A14805693274BD0E4F4DC3F28E331EEA91C4F33ABE057889BFB92819187840A08E57A276A8BFCB75B0342668C70C565C8059996D209C2800941A21FB82B2F520BC2E6FE6F1A8827043DE17000DACC8193E78BBB8DF1467978C06F6AFE986123E3A95272CAC122046F4C65C4B88FED2F1CD1D918F7CDBF8903BF1A90057D
310
42F4DC133AF804ACBB58446A0DB78806FC053FA1E45D0AF1112613CC0DD976C5E70AD3282F42725C0D02AC8588DE451B1C01ABF063E7748A3882F0DD484BB78D037F9812240EB88B6034C0AD53E5116D4C6D920C6A89F084E6D0598AD7EB6930CC7B293E27A666E5CDFE9A3FA52FEB3C97976FDAAE9A60008FCA6B33099CF9
310
880D35D419FC687D424378E3099441E110C5B3C6DC311E6653514A67A530D863326C4D8430E0C28024803B5B069B0E60C10EDB6DF087034171DF01F1F3404B27B1056D8C0E56E7CA6056E7798147BE4C2F01CED5987E413AC6A724876DE3F599E0601CE7B9CEF3BEB3671E12DCE8AF9631B8031D3F360B6955DC2342B2A0E4
310
632A00264C0DA002220CFEC3E10D9BADC8904D88DC51928593AA16C91DF6FFF82B3234404C7214D0F8608E0052283EFB2B0563F1D072936C4017706010BCF1B16CDE0C1FA9C777E44E1F5259B0C9BBC8794A82A6C182A3AF56B16921405351FDDC91B5BAAA617860E8D76C97C377FE701A4EB4378FA97C2C8E3CC8950886C6
310
FD93AF70A1F5F676B7ED16CBC56AF5D09110EEB8607CC08A795882358280DDB98AFFE7087C6EB593D62F041CDB4018935238E73F1098100D0C8769818F777057F64C703C6530E142FDF5C837AE1CF66C94C4887D3A3726AB990DEA248F73B5D32C8E04F6714B1E67C53FC52040252E605B322407CBF8C7F05453462A295ABF
310
4D95592DDD76AC23512E9A2DF964715C80DD752CA8E263AC36F02C3C28A133EB22AC8D099BDEFDE28C3E8FFEE3815D5D00C17C00511058354D62443C1A546280E43572A9C661A34FA5891F8E7570608C8DF21DF51DF9D2A84D4501F41B8CD4F4C9DEB2F901E810C0E4CEB6EC08DFB06341C864CF8D0EEE779A606545E1E64A
310
AF30A4324C20FDD3BD558BD966BA994FA915CD162B1978642AD01694E533EC190368A68234657085B5F88E27A0805E04B8BB6A00A51646EE3C10A50FF007FF410F1963CA69BE2002F0F902E701AEC995FD41F83A3F0C3809A3288A083003A6CC2A20E6D703EE48E3777AC07ADD51EB6101603A9FCF17B3D5928F6D742EE7E4
310
CF38AE2B03C5FB39C81D7B2978FAFE85AF3D2710B0582C970F0FEB0E4D1103B8BE2B4D560CA10002FC8F334C891C07B44FE06B2E3ACE5E1E2D1FC32203110ABF9CA0E8381F68EC3C06701328E5A38278A5FCD944CEA5283DA933DF2A2448BD23F1C5D8BE04CC2DC3B43B3EEC29F8B5FF926D11D3E97EBF7FA1BD1E5E5F5FE6
310
D3D972F548547783146ECD84873F377C5820F7F9FCE5E07378D6CBCB7E036DF7F7104079A05B77C6942D1BA95D47424BFC3DB6411009A42E207871B7EE9B06614BBD20F22F7523FB985F3F7068E37600273A3ED0C1CCC380F6EC4AF01CC1CF95E4848B7BF950AD14C44F10460221E02D21D01DAE800F323704C00035DFE97C
310
B37F797D3D1C0E4FBF35EE1E5E9E0E879FBF3DF6F474780A01FB3DAF01FE0C0798218007C2090A3008BA7682A338F4A8804A06CBFE6A80CEC766F49853F15B2F45FCEA3F8250012841315016E75E797EFEEC4ACA6C79F515CF1738F7C36E2406071051043817C9E8C5888D49D0332E800062FF54FA562BF7446CC0BFDFBF86
310
03D1FEFCC9F7FFB5A7F000430755C2D3F72F2D02A022820897ABDD44594475BDCCA4A10AF34C06B08B4AB58BBFAE30999DC66C7CE903A83CF8EB006EEEAA063430F84B05F0ECF644825F5E95073870E72A0771AB89B080022A0C5A9FAF34C89286257FB7BEA000EC65B59750C68E0815B0D9834B15606328F80709DE09018A
310
C2A7817F83F96DB3D562C10A0A31300230CD4200B87F85808BAF64D04600254047F9C14DE93464009E7F5AABB4FDD6D55142A2C0BF1541FCE19C20C899BF4F76AB54B84CB97F88F48ECC029FD253F0C70DF4816B9AC94BCBD653B1A283C4001A0337955E4AFED3FB790B6B1F5EA0B5514074103A38D84280EE0F5F9BE974EA
310
B2D16AB1EA969684B6E4166CA28264B300474C7308D20013B204A65F82970718D05678B3315D442E1C0A327E2F56556040C005D2FAB1326A68A07507C9E46A3648555A7080F5F50219A00E6222E3E0862CE95B5680930530742F1D041805E69B788161F015944D041182B861A2C17F3AF01CF5BFDF6C343F9171F5B004BF59
310
C016719164B888EA206A02AD05E8464D06B48E4381A0E9345FD171625AC22198F57C003BEA5510F81FF78D31C9B033D0030000000049454E44AE426082504B0304140006080800AB5C295A51464CB48900000043010000360000006662782F34423944463733442D343430382D343134432D423046372D3842333045323441
310
443335382F6469726563746F72792E786D6C9D8F310EC2300C45AF127987122606C71DD918B841D4B851A43646695A717C52A85029031293A5A76FBF6FACEF7DA7264E43906840EF0FA03836E242F406C6DCEE4EA06AC22492573150D1F66C60C640E8938CB705396EEDD86DE9B5042FE27813D640EA63BB001C722AF6E55C
310
B61E4863F58284D5D3F53DD715CE1C3985E63FD7F1B7EBDD617E9F1E504B0304140006080800AB5C295A411022433D070000541C0000340000006662782F34423944463733442D343430382D343134432D423046372D3842333045323441443335382F6F626A656374732E786D6CDD595B6FE23814FE2B56F665F721F74061
310
441915282334EA4C356856FB169960A8B7B9C9495ABABF7E8F1D3B246980B43B238DB6954A6AECE373BE733F997C3C44217A222CA3497CADD986A5211207C996C6FB6BADC877FA48431FA768C29224AFEDD3508C2372ADF1656D3AD9B3A448E5D296EC7011B65797B3BF5016909868280871965D6B59F040226CE0224FB624
310
7B34B638C7C67E77306CA3DCD824BB67387D685D956246E21C5885F518A8480EECE6BF2092399D987C43639BD36F9B7B669B29046F324AE32CC771F08AAB161DA71F57AEED2D6E9DC1581F789EAB7B43C7D667CBD942B7AF5C6B3E9CCFC737B7630D4D279B24092B05A424DE82165FB4A93D31F93795F812852EBE83248E49
310
20D1ECDAB025922E25591B9306B0B610ADA69052D6DA82DB53F813DB7A81D260A981B6124E7DD6AD37D9FC0D20647DAC9465845B799633D0B5C4BEF4076B6296AB0DBDD00C4538278CE2108574C3300305C1D652410D32DC5B3829C431135A54F4EABC82615FF6A52E2E77451872FFD5A6C2D37CF04792678233FA0F6147EE
310
EBB7014F206D41E37C2485CD5F5220319E9862B1FCCE75E49725906817E23D580B88C937B94E0BAF398F05AB8536FDBCDC1CD63C3E745F9EB224252CE796279C59FA9DD260CDB4C0F87A8052E2DAD4DD11956F00FD1740BEE2054D40738C1EBC83A7646738CE76098B403BC842BA057F2CC41F5F3D4DCCEAF014A146AC3C85
310
29B8ED0FC2B42146E3EE1AA4D3C913187DC25C29DC3AC021D8F41D8DB99F83A1A030812588F7BBCD419BAE2098C2229CC221480FBF13933F22F828E940BC6969A82BFCF650947298B69F1D75F5096C86D1A0525543C653F80E7E08BE378BF5E775C176382077D2B1176447639A4332ED66A8017AC3E5BFAFBE088F7C254F63
310
5700F7EC131E383AF4B2967A414231C00ACFC3A56AC4CA1D05770F431C93A4C8E47A57A00A923061FEE6C52F7DB8F3AE3F95119497817F730BE80C6690DD0346530E8A3695E25591D038E2C4E3A034C07DA9547F8383470EAF1F40C47A0F1F60B598B5891651EAE32829621EBE5F9B775B34C3B5C48F6D8F1D6BEC8CC68381
310
3478E05D5CA0FC4705878A7D7E5384D313D7CC1BFA92714301597A9207F1B24B8600AAA622F793140734EFB68696183D59DED2DDAEC820AC7702D3E2D870ED41898DFAEB38C87AC36AC5D4796925533E8DF09EF83BCC7362277F0D402BE24A499D48EEC324CB684C3251D3BC8A752D142D03424769E98A6A87D9D2CC8F488E
310
DF63B12249B60C96915DE843F595F3FAF7B2BD2A0665BE3D4591D77A49EC0BF95FFC0C476958D6759730B09DD60D9DB872A6F9154F609F3ECE7D6B4B44997E897A154914BEBDA88FDF4DFE043C0CFF7478D415148A75C8AA97356B1B037BCC7F4610868603DB1D5E55AAB88496BA2CE7754B5840A515BCF8CF84EE1FFA0541
310
A5F2B3F76424DCF9340C8BC82F73484E2228DB705EB05E1E3B8468D2BE484686964BD46EDAD1108AEADE6156D42BAA6281CB44C1722ACCD6AE01A1680C7D5D2F415E49D169C44217A287E5ADDA65FDBF9DEA7F8E98F5DEE691BC3C276CDBC969B3F450559B2A3278C09439B152AFA03C9DD4DD2F12CDCE651C3C454446B8B2
310
B39016C2C813E5C30CD13575F61CD933CE0308A56BF1A9CFC023B6647BAC431AE4E468449BC2A58A9AAA6DEBDD11843B9E401AC5DA8A87D40826149847DA3BFE107EC3A06AA8163353564266B9BEE2A9CD8061CC918F33B4BE7E5AB7A8C04AEFD3F71C23F2DCA22057E7BCF83B43EAFBEA58E3B6284889BEAFCE1CCF1F8A68
310
1363CA7323370BBC4D3F7C14FDE7B509CD85E9CDC68BE595BBD03DCF1AE99EEDCDF599B5BCD24733D7BA75BC9B853B18998C6449C10292998E69F9AADA4AE3BD328C12BA3E5D084C222EB78BCA9EDB0AFE1F772161B2C1A76CF1576D42AA828F97642D5FECDB847406EACDDB3A06FB55A0EE4E626FAAB5CBF98232F0F3690B
310
8291CAF7FD8B0B455A65F86E9E6B19F18D89F7647FF3D3734C23A077E687C68EAE90DF8CC530AFEAC852AA231671CD1BBADE72399AE9AE33F0606EEBBAFAF866BCD4BDE56C38585837B7B7836327217361DFBCF24BC450C56C6DF40613E42C09290CF2C916ED49023D104C2A7AC45716914CF4365000C834AEDE22F438FD54
310
CE6173BC09D5E9E001C3303B9419B90860900A7DC7B526D7D16F303AE5D34B31D0321E21F1486BD750C1E8B506269053C82FC606466062E028A8B7469CA0361CEF79D7549EAAFE3F1EE3E880AD1CE5AAF6F4C1454AD6B04E1827A4E2DD02443B5590BC5F74C50EC2393C6E8ABC12E6B870944682A05E2294C2C1A4F051C27B
310
80C0735E2EDB107B1A90F49AE69FB58392AA9E63B61723F91ADE378B7B934FD3575F511A167BAECE73F9BE4149E77546589483AB0918861433C5BC139F7F30EF5902AFA522B4A46004E8F7C368F887394FA22889CB25F346BEDC42EB077855B535D598100A17CB714C51F7C8570130EBCA8881B7D9232C806A19E5F3D412E2
310
860154E1A966004A235C1770ACB17FB5403209D44AD87AE9CAE111EF011038127FFFC3DDA6BEA136B4045F00AECAD96EF5A016262683C1F9F45F504B0304140006080800AB5C295AE8F98A5DE2000000550100003C0000006662782F34423944463733442D343430382D343134432D423046372D3842333045323441443335
310
382F7265736F75726365732F322F636E782E786D6C4D90CD6AC33010845FC5087AB42CA994B641565E22A75E822A6F5C114B6BF4539AB7CF2A55A1A75D663E96D9D1C79FB00DDF90B2C73833C9051B203A5C7C5C6756CB657C63C3D1E88458FE616C8836C0CC9ACC8C5E13D6BD4B0B5C6CDD9ABAF978EDA238AF10217977DE
310
E3CA06B7D99C6796DD1704CB6D2DB840BEF2C516CB254F90B1260774A2F800FD844B600B2CCC28A15E462147F17E92F2F0FC7A50EA434F8D34FA1371EBBC8F0512EE4F4A38A4355222A1A706185D93EF547B838CBF789CE2E9896CA37349D441C7CA6D27CC07BBC2F4407E5DA3A7F6248D4703345B21E60E504B0304140006
310
080800AB5C295AFF15A4A45D000000800000003A0000006662782F34423944463733442D343430382D343134432D423046372D3842333045323441443335382F7265736F75726365732F636E782E786D6C4D8B3B0E80201005AF42B6F75B59F0390B113044D83508C6E30BC6C26AF226F3B8BA6360974DA7271430F523308B
310
2B198F9B80925DB700539227A2FCCB80A18E5640D320F996A81C9F32D6E9129A0D1EF74FCE750E6D57BC7165FBCA07504B0304140006080800AB5C295ADF23D1D54201000056050000300000006662782F34423944463733442D343430382D343134432D423046372D3842333045323441443335382F636E782E786D6CCD94
310
C14E032110865F6543E27161778D511B96261E7C020FC61BCB4E572C0B1B188C7D7BA16E5B8D69F4D0A4BD91E123F9FF999FE1CB8FD114EFE08376B62535AD480156B95EDBA1251157E51D2996827BE7F01B460A2B4768492E13C107EFE234977A58C96872D568BB9E8B12D1EB2E220452282343684950AF304A2A23BA1EC2
310
9AF61225ADA987E0A25790DEA31E617EAF3C48849E88A66A6ECAAA2EABFBA7BA5E5CDF2E9AE685B34C0ADE3967665E5B04EFA6ABA6522E1D6D9253719601C1A3D733953D1071D0463B6D394BF78287A4D70E33879B2973D364B492981AC59C42C032412047CEBE60C15976FCC3F7E3C3F341433AF5DA8342E737676B437DAC
310
0D7B693425E27F5DD8827F9977DD5BB27CBEB91F353C0B3B99DD5D72438AEEEF24A43C493B984BFC007B69A7CF7F5A2CA8D5259ADE293B9167B65D8169F079238A4F504B0304140006080800AB5C295AF4A84A647E000000A30000000B0000006662782F636E782E786D6C4D8CD10AC22018465F45FE7BCBA531037564B6F7
310
18CD0D99D3B0193D7E1ABBE8EA83C3778EE83EAB476F9B5E2E0609CD8100B2E11147176609799B3007D4299162DCFE6E80C2B05A09158312738AF9B9A3D14E43F6957A17961D327D317D4B0D668C70CC1A76C39AF42DE69A92FB895D0D3DF3621CAB52E6D72B5BF3EA0B504B0304140006080800AB5C295AA6D797065F0000
310
008200000007000000636E782E786D6C4DCB3B0E80201045D1AD90E9FD7516806B51190811670C8A61F982B1B0BAC9C97B72CA7B1037C6D3332918DA1E04D2CAC69353902EDB8C20262D23F3F59B81A079470595414B17391D1F19B4730A5583A7ED43BBE4025D9592775E5ADFFA01504B0304140006080800AB5C295AECFD
310
112DA800000026010000130000005B436F6E74656E745F54797065735D2E786D6C7D4F4B0EC22010BD0A61DF525D18634ABB506FE00510A79458060253536F2FD89D5197F3FED3F68B9BD80362B21E25DFD40D6780DADF2C1AC9671AAA3D677DD75E9E0112CB5A4C928F44E12044D22338956A1F003333F8E814E5331A1194
310
BE2B0362DB343BA13D122055543278D79E6050F344ECBC6478EDCD76CE8EABAE5449AE4298AC56946789C28AAFBEABC53F3EAF09A84A1441B91F0101CD4780756578C173A578FFDDBD00504B0304140006080800AB5C295A3DEE336E64000000790000001B0000006175746F6465736B2D64657369676E2D7061636B616765
310
2E786D6C35CBC10E83200C00D05F21DCA56CA76D41FC96062B120735B69A7DBE268BB7777961F8D5AF396893C2ADB70FE7ADA196782C2DF776D7A97B5933C430F15651E5469C55D70F80A4992A3ADC954792C525AE70A1E4D6AD9816CC044FEFDF01FE3FDE907802504B0304140006080800AB5C295A294CC29EF20000008E
310
0100003D0000006662782F34423944463733442D343430382D343134432D423046372D3842333045323441443335382F7265736F75726365732F322F636F72652E786D6C8550CB6EC32010FC156BEFD818C7721D6122F9F1073DF58680242831583CAA7E7E2176A5F6D4D3AE66676677875EBED667F1A99CD7D60C5097180A
310
658495DADC0688E18ADEA0B830EAAC0DBF685018BEAA01320C8CDE9C8DDB01096B8232193556AA03E4DEAB008578A666002FEE6AE5258F2131FCA3DCB878F09B2AEB72E7311AA3968754CBE4A6AF5A3960DDD48CCB8267444E6441A77622689CFB167573B79069C46DD7635A6531A341AF3FDB85533C28098C60D2225C23DC
310
BFD7F5B9E9CE847CD02A3319F5C1A59F8FA5F9BB44A7D58EFE718B9BFCDF2D6A131A72B8ED0A0FAC4EC7BD068C56399D545ED1A59A9364DF504B0304140006080800AB5C295A83D3C431F8000000960100003B0000006662782F34423944463733442D343430382D343134432D423046372D3842333045323441443335382F
310
7265736F75726365732F636F72652E786D6C8550CB6EC32010FC156BEFD818C77213612239F11FF4D41B824D821283C5A3EAE71712576A4F3DED6A76667677F8F16B79549FE883717684B6A650A1554E1B7B1D21C50B7983EA28B8772EFEA24165E58223141804BF7A97D60D52CE46B405B54EE306CA103042A51EB91921A8
310
1B2EB296296646B8D7AB547779C5BAAD5F3CC153327A931A9DDDCCC5A007319CBA699EE999B01D9BC9AE3F31329DF73D19CEC3CC4E13ED873DE54D110B1ECDF2B35D799411350846594F684BE8FEBD6D0FDD7060EC8337852978883EFFBC2D2DDF81F0185CF20A036F5ED33FAE69D5FFBB266363C736D797228068F391CF81
310
E04D4929976784B99644C537504B0304140006080800AB5C295A7DA9DF5BF2000000B1010000310000006662782F34423944463733442D343430382D343134432D423046372D3842333045323441443335382F636F72652E786D6C8D504B6EC32014BC8AC51E1B30919D0813D5757382AEBA43405C94182C3E558F5F885DA9
310
DD65F5D0BC1966DEB0F3F772AFBEB40FC6D901E01A814A5BE994B1F30052BCC21E5467CEBC73F10F0D54562C7A0005069CCDDEA57587A4B351DB825AA7F40E8A10740495BCE7C70082FCD48BA8458A99116EF52AE44DCCBAC6F5C6E32C9AE5572ABD16512BC0092207883044C7778C4F6D7722E4833585C9594A46ED564665
310
777335DA034EC7E374E9DA09528A7A48317D8523BA74B01F5BF446E8CBD41E7AD614316721FA7CF3FE49B9EE59F926FC9739ADEA89CCC6C696EC869B22008E739EC782B3A61498C7A3DD3C4BD9FC07504B0304140006080800AB5C295AF25FF7D253010000DD0200000C0000006662782F636F72652E786D6C8D52DB8E8320
310
14FC15C33B8AB4C66D833469EB1FECD3BE51A49654C120987EFE8297B83E6C77638264CE3933672690D3AB6DA241985E6A5580344620128AEB4AAABA00CEDEE107884E9418ADED8F361029D68A02041850521BEDBA19E25A59A102AA74256690F5BDB020E28DBF14A0E70FD1B29839EB3BFA67DC31FE64B588D378EAA3C439
310
59CDA3B2F26CF22E850134BFECCE6589AE10EF7109F7D905C3F3F590C1FC9A97F87246597E402409C39458D92EEADC08664505284638832885E8F099A6C75D7EC4F88B24A19392DE1AEF79160DEE00BDDF5E2499F00D9FEBAABFF99C54768767BE69A20734F5EB8D054A92908FFF8DE16D33F4C23E3FCB6ECD62E1E9A14170
310
ABCDDE572AEDD6D2C01A273C358AC68F2453D5338F04BFF1E0373CEF397C504CD57E3566FDF5E66C50DFEED4090307FB8A94362D6BD6E5A615D77315DA585AC6B96EB4F9CFF462750933090F937E03504B0304140006080800AB5C295AA0C0FC3805010000B201000008000000636F72652E786D6C8D50CB6E842014FD1572
310
F728E2183B1364121F7FD0557754184B46C1004EDABF2F8C3669775D5D72EE7971D9F57399D14339AFAD69A0C8082065462BB5991AD8C20DBF00BA72E6AC0DBF68808C5854030906CE2667B7F580466B8232093556AA0314DEAB00689CE3A3013F7EA84564620B91E1EFD92AC6BB985456643B8FB3A0971FE9E894084A02A7
310
84569814989C5F8BE252D6174ADF589E989C6D9B96479496315DDFB472C0EBAE6C8781F4989EE8804F554771DB9F2B5CF7F540BB9654F599B03C8939F3C1C53F1F26B167405E3C522ECBF71567EFD6CE07219692C89AF90B7874488B3FA5B755FEA3B436A1A487E1AEF0C08B58E8B988C1E982713CCF1B67BA36FF06504B01
310
021400140006080800AB5C295A0000000000000000000000003700000000000000000000000000000000006662782F34423944463733442D343430382D343134432D423046372D3842333045323441443335382F617474726962757465732E62696E504B01021400140006080800AB5C295A00000000000000000000000035
310
00000000000000000000000000550000006662782F34423944463733442D343430382D343134432D423046372D3842333045323441443335382F76657274696365732E62696E504B01021400140006080800AB5C295AF270F13306000000040000003600000000000000000000000000A80000006662782F34423944463733
310
442D343430382D343134432D423046372D3842333045323441443335382F747269616E676C65732E62696E504B01021400140006080800AB5C295AB5A795FFE3790000DE7900004200000000000000000000000000020100006662782F34423944463733442D343430382D343134432D423046372D38423330453234414433
310
35382F7265736F75726365732F322F305F67656E657269632E706E67504B01021400140006080800AB5C295A51464CB489000000430100003600000000000000000000000000457B00006662782F34423944463733442D343430382D343134432D423046372D3842333045323441443335382F6469726563746F72792E786D
310
6C504B01021400140006080800AB5C295A411022433D070000541C00003400000000000000000000000000227C00006662782F34423944463733442D343430382D343134432D423046372D3842333045323441443335382F6F626A656374732E786D6C504B01021400140006080800AB5C295AE8F98A5DE200000055010000
310
3C00000000000000000000000000B18300006662782F34423944463733442D343430382D343134432D423046372D3842333045323441443335382F7265736F75726365732F322F636E782E786D6C504B01021400140006080800AB5C295AFF15A4A45D000000800000003A00000000000000000000000000ED840000666278
310
2F34423944463733442D343430382D343134432D423046372D3842333045323441443335382F7265736F75726365732F636E782E786D6C504B01021400140006080800AB5C295ADF23D1D542010000560500003000000000000000000000000000A28500006662782F34423944463733442D343430382D343134432D423046
310
372D3842333045323441443335382F636E782E786D6C504B01021400140006080800AB5C295AF4A84A647E000000A30000000B00000000000000000000000000328700006662782F636E782E786D6C504B01021400140006080800AB5C295AA6D797065F000000820000000700000000000000000000000000D9870000636E
310
782E786D6C504B01021400140006080800AB5C295AECFD112DA80000002601000013000000000000000000000000005D8800005B436F6E74656E745F54797065735D2E786D6C504B01021400140006080800AB5C295A3DEE336E64000000790000001B00000000000000000000000000368900006175746F6465736B2D6465
310
7369676E2D7061636B6167652E786D6C504B01021400140006080800AB5C295A294CC29EF20000008E0100003D00000000000000000000000000D38900006662782F34423944463733442D343430382D343134432D423046372D3842333045323441443335382F7265736F75726365732F322F636F72652E786D6C504B0102
310
1400140006080800AB5C295A83D3C431F8000000960100003B00000000000000000000000000208B00006662782F34423944463733442D343430382D343134432D423046372D3842333045323441443335382F7265736F75726365732F636F72652E786D6C504B01021400140006080800AB5C295A7DA9DF5BF2000000B101
310
00003100000000000000000000000000718C00006662782F34423944463733442D343430382D343134432D423046372D3842333045323441443335382F636F72652E786D6C504B01021400140006080800AB5C295AF25FF7D253010000DD0200000C00000000000000000000000000B28D00006662782F636F72652E786D6C
310
504B01021400140006080800AB5C295AA0C0FC3805010000B201000008000000000000000000000000002F8F0000636F72652E786D6C504B050600000000120012002D0600005A9000000000
  0
CELLSTYLEMAP
  5
1650
102
{ACAD_REACTORS
330
164F
102
}
330
164F
100
AcDbCellStyleMap
 90
        3
300
CELLSTYLE
  1
TABLEFORMAT_BEGIN
 90
        5
170
     1
 91
        0
 92
    32768
 62
   257
 93
        1
300
CONTENTFORMAT
  1
CONTENTFORMAT_BEGIN
 90
        0
 91
        0
 92
      512
 93
        0
300

 40
0.0
140
1.0
 94
        5
 62
     0
340
3B
144
6.0
309
CONTENTFORMAT_END
171
     1
301
MARGIN
  1
CELLMARGIN_BEGIN
 40
1.5
 40
1.5
 40
1.5
 40
1.5
 40
1.5
 40
1.5
309
CELLMARGIN_END
 94
        6
 95
        1
302
GRIDFORMAT
  1
GRIDFORMAT_BEGIN
 90
        0
 91
        1
 62
     0
 92
       -2
340
12
 93
        0
 40
0.045
309
GRIDFORMAT_END
 95
        2
302
GRIDFORMAT
  1
GRIDFORMAT_BEGIN
 90
        0
 91
        1
 62
     0
 92
       -2
340
12
 93
        0
 40
0.045
309
GRIDFORMAT_END
 95
        4
302
GRIDFORMAT
  1
GRIDFORMAT_BEGIN
 90
        0
 91
        1
 62
     0
 92
       -2
340
12
 93
        0
 40
0.045
309
GRIDFORMAT_END
 95
        8
302
GRIDFORMAT
  1
GRIDFORMAT_BEGIN
 90
        0
 91
        1
 62
     0
 92
       -2
340
12
 93
        0
 40
0.045
309
GRIDFORMAT_END
 95
       16
302
GRIDFORMAT
  1
GRIDFORMAT_BEGIN
 90
        0
 91
        1
 62
     0
 92
       -2
340
12
 93
        0
 40
0.045
309
GRIDFORMAT_END
 95
       32
302
GRIDFORMAT
  1
GRIDFORMAT_BEGIN
 90
        0
 91
        1
 62
     0
 92
       -2
340
12
 93
        0
 40
0.045
309
GRIDFORMAT_END
309
TABLEFORMAT_END
  1
CELLSTYLE_BEGIN
 90
        1
 91
        1
300
_TITLE
309
CELLSTYLE_END
300
CELLSTYLE
  1
TABLEFORMAT_BEGIN
 90
        5
170
     1
 91
        0
 92
        0
 62
   257
 93
        1
300
CONTENTFORMAT
  1
CONTENTFORMAT_BEGIN
 90
        0
 91
        0
 92
      512
 93
        0
300

 40
0.0
140
1.0
 94
        5
 62
     0
340
3B
144
4.5
309
CONTENTFORMAT_END
171
     1
301
MARGIN
  1
CELLMARGIN_BEGIN
 40
1.5
 40
1.5
 40
1.5
 40
1.5
 40
1.5
 40
1.5
309
CELLMARGIN_END
 94
        6
 95
        1
302
GRIDFORMAT
  1
GRIDFORMAT_BEGIN
 90
        0
 91
        1
 62
     0
 92
       -2
340
12
 93
        0
 40
0.045
309
GRIDFORMAT_END
 95
        2
302
GRIDFORMAT
  1
GRIDFORMAT_BEGIN
 90
        0
 91
        1
 62
     0
 92
       -2
340
12
 93
        0
 40
0.045
309
GRIDFORMAT_END
 95
        4
302
GRIDFORMAT
  1
GRIDFORMAT_BEGIN
 90
        0
 91
        1
 62
     0
 92
       -2
340
12
 93
        0
 40
0.045
309
GRIDFORMAT_END
 95
        8
302
GRIDFORMAT
  1
GRIDFORMAT_BEGIN
 90
        0
 91
        1
 62
     0
 92
       -2
340
12
 93
        0
 40
0.045
309
GRIDFORMAT_END
 95
       16
302
GRIDFORMAT
  1
GRIDFORMAT_BEGIN
 90
        0
 91
        1
 62
     0
 92
       -2
340
12
 93
        0
 40
0.045
309
GRIDFORMAT_END
 95
       32
302
GRIDFORMAT
  1
GRIDFORMAT_BEGIN
 90
        0
 91
        1
 62
     0
 92
       -2
340
12
 93
        0
 40
0.045
309
GRIDFORMAT_END
309
TABLEFORMAT_END
  1
CELLSTYLE_BEGIN
 90
        2
 91
        1
300
_HEADER
309
CELLSTYLE_END
300
CELLSTYLE
  1
TABLEFORMAT_BEGIN
 90
        5
170
     1
 91
        0
 92
        0
 62
   257
 93
        1
300
CONTENTFORMAT
  1
CONTENTFORMAT_BEGIN
 90
        0
 91
        0
 92
      512
 93
        0
300

 40
0.0
140
1.0
 94
        2
 62
     0
340
3B
144
4.5
309
CONTENTFORMAT_END
171
     1
301
MARGIN
  1
CELLMARGIN_BEGIN
 40
1.5
 40
1.5
 40
1.5
 40
1.5
 40
1.5
 40
1.5
309
CELLMARGIN_END
 94
        6
 95
        1
302
GRIDFORMAT
  1
GRIDFORMAT_BEGIN
 90
        0
 91
        1
 62
     0
 92
       -2
340
12
 93
        0
 40
0.045
309
GRIDFORMAT_END
 95
        2
302
GRIDFORMAT
  1
GRIDFORMAT_BEGIN
 90
        0
 91
        1
 62
     0
 92
       -2
340
12
 93
        0
 40
0.045
309
GRIDFORMAT_END
 95
        4
302
GRIDFORMAT
  1
GRIDFORMAT_BEGIN
 90
        0
 91
        1
 62
     0
 92
       -2
340
12
 93
        0
 40
0.045
309
GRIDFORMAT_END
 95
        8
302
GRIDFORMAT
  1
GRIDFORMAT_BEGIN
 90
        0
 91
        1
 62
     0
 92
       -2
340
12
 93
        0
 40
0.045
309
GRIDFORMAT_END
 95
       16
302
GRIDFORMAT
  1
GRIDFORMAT_BEGIN
 90
        0
 91
        1
 62
     0
 92
       -2
340
12
 93
        0
 40
0.045
309
GRIDFORMAT_END
 95
       32
302
GRIDFORMAT
  1
GRIDFORMAT_BEGIN
 90
        0
 91
        1
 62
     0
 92
       -2
340
12
 93
        0
 40
0.045
309
GRIDFORMAT_END
309
TABLEFORMAT_END
  1
CELLSTYLE_BEGIN
 90
        3
 91
        2
300
_DATA
309
CELLSTYLE_END
  0
ENDSEC
  0
SECTION
  2
THUMBNAILIMAGE
 90
    16364
310
28000000B4000000550000000100080000000000C43B000000000000000000000001000000010000000000000000FF0000FFFF0000FF0000FFFF0000FF000000FF00FF00FFFFFF0080808000C0C0C0000000FF007F7FFF000000CC006666CC00000099004C4C990000007F003F3F7F0000004C0026264C00003FFF007F9FFF
310
000033CC00667FCC00002699004C5F9900001F7F003F4F7F0000134C00262F4C00007FFF007FBFFF000066CC006699CC00004C99004C729900003F7F003F5F7F0000264C0026394C0000BFFF007FDFFF000099CC0066B2CC00007299004C859900005F7F003F6F7F0000394C0026424C0000FFFF007FFFFF0000CCCC0066CC
310
CC00009999004C999900007F7F003F7F7F00004C4C00264C4C0000FFBF007FFFDF0000CC990066CCB200009972004C998500007F5F003F7F6F00004C3900264C420000FF7F007FFFBF0000CC660066CC990000994C004C997200007F3F003F7F5F00004C2600264C390000FF3F007FFF9F0000CC330066CC7F00009926004C
310
995F00007F1F003F7F4F00004C1300264C2F0000FF00007FFF7F0000CC000066CC6600009900004C994C00007F00003F7F3F00004C0000264C26003FFF00009FFF7F0033CC00007FCC6600269900005F994C001F7F00004F7F3F00134C00002F4C26007FFF0000BFFF7F0066CC000099CC66004C99000072994C003F7F0000
310
5F7F3F00264C0000394C2600BFFF0000DFFF7F0099CC0000B2CC66007299000085994C005F7F00006F7F3F00394C0000424C2600FFFF0000FFFF7F00CCCC0000CCCC66009999000099994C007F7F00007F7F3F004C4C00004C4C2600FFBF0000FFDF7F00CC990000CCB266009972000099854C007F5F00007F6F3F004C3900
310
004C422600FF7F0000FFBF7F00CC660000CC996600994C000099724C007F3F00007F5F3F004C2600004C392600FF3F0000FF9F7F00CC330000CC7F660099260000995F4C007F1F00007F4F3F004C1300004C2F2600FF000000FF7F7F00CC000000CC66660099000000994C4C007F0000007F3F3F004C0000004C262600FF00
310
3F00FF7F9F00CC003300CC667F0099002600994C5F007F001F007F3F4F004C0013004C262F00FF007F00FF7FBF00CC006600CC66990099004C00994C72007F003F007F3F5F004C0026004C263900FF00BF00FF7FDF00CC009900CC66B20099007200994C85007F005F007F3F6F004C0039004C264200FF00FF00FF7FFF00CC
310
00CC00CC66CC0099009900994C99007F007F007F3F7F004C004C004C264C00BF00FF00DF7FFF009900CC00B266CC0072009900854C99005F007F006F3F7F0039004C0042264C007F00FF00BF7FFF006600CC009966CC004C009900724C99003F007F005F3F7F0026004C0039264C003F00FF009F7FFF003300CC007F66CC00
310
260099005F4C99001F007F004F3F7F0013004C002F264C00333333005B5B5B0084848400ADADAD00D6D6D600FFFFFF00FAA9FAFAFAFAFAFAFAFAFAFAFAFAFAFAFAFAA9FAFAFAFAFAFAFAFAFAFAFAFAFAFAFAFA9FFAFAFAFAFAFAFAFAFAFAFAFAFAFAFAFAA9FAFAFAFAFAFAFAFAFAFAFAFAFAFAFAFAA9FAFAFAFAFAFAFAFAFA
310
FAFAFAFAFAFAFAA9FAFAFAFAFAFAFAFAFAFAFAFAFAFAFAFAA9FAFAFAFAFAFAFAFAFAFAFAFAFAFAFAFA9FFAFAFAFAFAFAFAFAFAFAFAFAFAFAFAFAA9FAFAFAFAFAFAFAFAFAFAFAFAFAFAFAFAA9FAFAFAFAFAFAFAFAFAFAFAFAFAFAFAFAA9FAFAFAFAFAFAFAFAFAA9FAFAFAFAFAFAFAFAFAFAFAFAFAFAFAFAA9FAFAFAFAFAFAFA
310
FAFAFAFAFAFAFAFAFA9FFAFAFAFAFAFAFAFAFAFAFAFAFAFAFAFAA9FAFAFAFAFAFAFAFAFAFAFAFAFAFAFAFAA9FAFAFAFAFAFAFAFAFAFAFAFAFAFAFAFAA9FAFAFAFAFAFAFAFAFAFAFAFAFAFAFAFAA9FAFAFAFAFAFAFAFAFAFAFAFAFAFAFAFA9FFAFAFAFAFAFAFAFAFAFAFAFAFAFAFAFAA9FAFAFAFAFAFAFAFAFAFAFAFAFAFAFA
310
FAA9FAFAFAFAFAFAFAFAFAFAFAFAFAFAFAFAA9FAFAFAFAFAFAFAFAFAA9FAFAFAFAFAFAFAFAFAFAFAFAFAFAFAFAA9FAFAFAFAFAFAFAFAFAFAFAFAFAFAFAFA9FFAFAFAFAFAFAFAFAFAFAFAFAFAFAFAFAA9FAFAFAFAFAFAFAFAFAFAFAFAFAFAFAFAA9FAFAFAFAFAFAFAFAFAFAFAFAFAFAFAFAA9FAFAFAFAFAFAFAFAFAFAFAFAFA
310
FAFAFAA9FAFAFAFAFAFAFAFAFAFAFAFAFAFAFAFA9FFAFAFAFAFAFAFAFAFAFAFAFAFAFAFAFAA9FAFAFAFAFAFAFAFAFAFAFAFAFAFAFAFAA9FAFAFAFAFAFAFAFAFAFAFAFAFAFAFAFAA9FAFAFAFAFAFAFAFA9F9F9F9F9F9F9F9F9F9F9F9F9F9F9F9F9F9F9F9F9F9F9F9F9F9F9F9F9F9F9F9F9F9F9F020202020202020202020202
310
02020202020202020202020202020202020202020202020202020202020202020202020202020202020202020202020202020202020202020202020202020202020202020202020202020202020202020202020202020202020202020202020202020213131313131313131313131313131313131313131313131313131313
310
131313131313FAA9FAFAFAFAFAFAFAFAFAFAFAFAFAFAFAFAA9FAFAFAFAFAFAFAFAFAFAFAFAFAFAFAFA02FAFA0707070707070707070707070707070707070707070707070707070707070707070707070707070707070707070707070707070707070707070707070707070707070707070707070707070707070707070707
310
070707070707020202020202020202020202020202FAFAFA02FAFAFAFAFAFAFAFAA9FAFAFAFAFAFAFAFAFAFAFAFAFAFAFAFAA9FAFAFAFAFAFAFAFAFAA9FAFAFAFAFAFAFAFAFAFAFAFAFAFAFAFAA9FAFAFAFAFAFAFAFAFAFAFAFAFAFAFAFA02FA07070707070707070707070707070707070707070707070707070707070707
310
070707070707070707070707070707070707070707070707070707070707070707070707070707070707070707070707070707070707070707070707070707070707070707070707070707FAFA02FAFAFAFAFAFAFAFAA9FAFAFAFAFAFAFAFAFAFAFAFAFAFAFAFAA9FAFAFAFAFAFAFAFAFAA9FAFAFAFAFAFAFAFAFAFAFAFAFA
310
FAFAFAA9FAFAFAFAFAFAFAFAFAFAFAFAFAFAFAFA0207070707070707070707070707070707070707070707070707070707070707070707070707070707070707070707070707070707070707070707070707070707070707070707070707070707070707070707070707070707070707070707070707070707070707070707
310
0707FA02FAFAFAFAFAFAFAFAA9FAFAFAFAFAFAFAFAFAFAFAFAFAFAFAFAA9FAFAFAFAFAFAFAFAFAA9FAFAFAFAFAFAFAFAFAFAFAFAFAFAFAFAA9FAFAFAFAFAFAFAFAFAFAFAFAFAFAFAFA020707070707070707070707070707070707070707070707070707070707070707070707070707070707070707070707070707070707
310
07070707070707070707070707070707070707070707070707070707070707070707070707070707070707070707070707070707070707FA02FAFAFAFAFAFAFAFAA9FAFAFAFAFAFAFAFAFAFAFAFAFAFAFAFAA9FAFAFAFAFAFAFAFAFAA9FAFAFAFAFAFAFAFAFAFAFAFAFAFAFAFAA9FAFAFAFAFAFAFAFAFAFAFAFAFAFAFAFA02
310
0707070707070707070707070707070707070707070707070707070707070707070707070707070707070707070707070707070707070707070707070707070707070707070707070707FAFAFAFAFAFAFAFAFAFA9FFAFAFAFAFAFAFDFDFDFAFAFAFAFAFAFAA9FA07070707070702FAFAFAFAFAFAFAFAA9FAFAFAFAFAFAFAFA
310
FAFAFAFAFAFAFAFAA9FAFAFAFAFAFAFAFAFAA9FAFAFAFAFAFAFAFAFAFAFAFAFAFAFAFAA9FAFAFAFAFAFAFAFAFAFAFAFAFAFAFAFA0207070707070707FAFAFAFAFAFAFAFAFAA9FAFAFAFAFAFAFAFAFAFAFAFAFAFAFAFAA9FAFAFAFAFAFAFAFAFAFAFAFAFAFAFAFAA9FAFAFAFAFAFAFAFAFAFAFAFAFAFAFAFAA9FAFAFAFAFAFA
310
FAFAFAFAFAFAFAFAFAFA9FFAFAFAFAFAFAFDFAFDFAFAFAFAFAFAFAA9FAFA070707070702FAFAFAFAFAFAFAFAA9FAFAFAFAFAFAFAFAFAFAFAFAFAFAFAFAA9FAFAFAFAFAFAFAFAFAA9FAFAFAFAFAFAFAFAFAFAFAFAFAFAFAFAA9FAFAFAFAFAFAFAFAFAFAFAFAFAFAFAFA020707070707FAFAFAFAFAFAFAFAFAFAFAA9FAFAFAFA
310
FAFAFAFAFAFAFAFAFAFAFAFAA9FAFAFAFAFAFAFAFAFAFAFAFAFAFAFAFAA9FAFAFAFAFAFAFAFAFAFAFAFAFAFAFAFAA9FAFAFAFAFAFAFAFAFAFAFAFAFAFAFAFA9FFAFDFDFAFAFAFDFAFDFAFAFAFAFDFAFAA9FAFA070707070702FAFAFAFAFAFAFAFAA9FAFAFAFAFAFAFAFAFAFAFAFAFAFAFAFAA9FAFAFAFAFAFAFAFAFAA9FAFA
310
FAFAFAFAFAFAFAFAFAFAFAFAFAFAA9FAFAFAFAFAFAFAFAFAFAFAFAFAFAFAFA020707070707FAFAFAFAFAFAFAFAFAFAFAA9FAFAFAFAFAFAFAFAFAFAFAFAFAFAFAFAA9FAFAFAFAFAFAFAFAFAFAFAFAFAFAFAFAA9FAFAFAFAFAFAFAFAFAFAFAFAFAFAFAFAA9FAFAFAFAFAFAFAFAFAFAFAFAFAFAFAFA9FFAFAFCFDFAFAFDFAFDFA
310
FAFBFCFAFAFAA9FAFA070707070702FAFAFAFAFAFAFAFAA9FAFAFAFAFAFAFAFAFAFAFAFAFAFAFAFAA9FAFAFAFAFAFAFAFAFAA9FAFAFAFAFAFAFAFAFAFAFAFAFAFAFAFAA9FAFAFAFAFAFAFAFAFAFAFAFAFAFAFAFA020707070707FAFAFAFAFAFAFAFAFAFAFAA9FAFAFAFAFAFAFAFAFAFAFAFAFAFAFAFAA9FAFAFAFAFAFAFAFA
310
FAFAFAFAFAFAFAFAA9FAFAFAFAFAFAFAFAFAFAFAFAFAFAFAFAA9FAFAFAFAFAFAFAFAFAFAFAFAFAFAFAFA9FFAFAFBFBFDFAFDFAFDFAFBFCFBFAFAFAA9FAFA070707070702FAFAFAFAFAFAFAFAA9FAFAFAFAFAFAFAFAFAFAFAFAFAFAFAFAA9FAFAFAFAFAFAFAFAFAA9FAFAFAFAFAFAFAFAFAFAFAFAFAFAFAFAA9FAFAFAFAFAFA
310
FAFAFAFAFAFAFAFAFAFA020707070707FAFAFAFAFAFAFAFAFAFAFAA9FAFAFAFAFAFAFAFAFAFAFAFAFAFAFAFAA9FAFAFAFAFAFAFAFAFAFAFAFAFAFAFAFAA9FAFAFAFAFAFAFAFAFAFAFAFAFAFAFAFAA9FAFAFAFAFAFAFAFAFAFAFAFAFAFAFAFA9FFAFAFAFBFBFDFDFAFDFC08FBFAFAFAFAA9FAFA070707070702FAFAFAFAFAFA
310
FAFAA9FAFAFAFAFAFAFAFAFAFAFAFAFAFAFAFAA9FAFAFAFAFAFAFAFAFAA9FAFAFAFAFAFAFAFAFAFAFAFAFAFAFAFAA9FAFAFAFAFAFAFAFAFAFAFAFAFAFAFAFA020707070707FAFAFAFAFAFAFAFAFAFAFAA9FAFAFAFAFAFAFAFAFAFAFAFAFAFAFAFAA9FAFAFAFAFAFAFAFAFAFAFAFAFAFAFAFAA9FAFAFAFAFAFAFAFAFAFAFAFA
310
FAFAFAFAA9FAFAFAFAFAFAFAFAFAFAFAFAFAFAFAFA9FFAFAFAFAFCFAFDFDFDFBFCFAFAFAFAFAFDFDFD070707070702FAFAFAFAFAFAFAFAA9FAFAFAFAFAFAFAFAFAFAFAFAFAFAFAFAA9FAFAFAFAFAFAFAFAFAA9FAFAFAFAFAFAFAFAFAFAFAFAFAFAFAFAA9FAFAFAFAFAFAFAFAFAFAFAFAFAFAFAFA020707070707FAFAFAFAFA
310
FAFAFAFAFAFAA9FAFAFAFAFAFAFAFAFAFAFAFAFAFAFAFAA9FAFAFAFAFAFAFAFAFAFAFAFAFAFAFAFAA9FAFAFAFAFAFAFAFAFAFAFAFAFAFAFAFAA9FAFAFAFAFAFAFAFAFAFAFAFAFAFAFAFAFDFDFDFDFDFDFDFAFAFAFDFDFDFDFDFDFDA9FAFAFD0707070702FAFAFAFAFAFAFAFAA9FAFAFAFAFAFAFAFAFAFAFAFAFAFAFAFAA9FA
310
FAFAFAFAFAFAFAFAA9FAFAFAFAFAFAFAFAFAFAFAFAFAFAFAFAA9FAFAFAFAFAFAFAFAFAFAFAFAFAFAFAFA020707070707FAFAFAFAFAFAFAFAFAFAFAA9FAFAFAFAFAFAFAFAFAFAFAFAFAFAFAFAA9FAFAFAFAFAFAFAFAFAFAFAFAFAFAFAFAA9FAFAFAFAFAFAFAFAFAFAFAFAFAFAFAFAA9FAFAFAFAFAFAFAFAFAFAFAFAFAFAFAFA
310
FDFDFDFDFDFDFDFAFAFAFDFDFDFDFDFDFDA9FAFAFD0707070702FAFAFAFAFAFAFAFAA9FAFAFAFAFAFAFAFAFAFAFAFAFAFAFAFAA9FAFAFAFAFAFAFAFAFAA9FAFAFAFAFAFAFAFAFAFAFAFAFAFAFAFAA9FAFAFAFAFAFAFAFAFAFAFAFAFAFAFAFA020707070707FAFAFAFAFAFAFAFAFAFAFAA9FAFAFAFAFAFAFAFAFAFAFAFAFAFA
310
FAFAA9FAFAFAFAFAFAFAFAFAFAFAFAFAFAFAFAA9FAFAFAFAFAFAFAFAFAFAFAFAFAFAFAFAA9FAFAFAFAFAFAFAFAFAFAFAFAFAFAFAFA9FFAFAFAFAFCFAFDFDFDFBFCFAFAFAFAFAFDFDFD070707070702FAFAFAFAFAFAFAFAA9FAFAFAFAFAFAFAFAFAFAFAFAFAFAFAFAA9FAFAFAFAFAFAFAFAFAA9FAFAFAFAFAFAFAFAFAFAFAFA
310
FAFAFAFAA9FAFAFAFAFAFAFAFAFAFAFAFAFAFAFAFA020707070707FAFAFAFAFAFAFAFAFAFAFAA9FAFAFAFAFAFAFAFAFAFAFAFAFAFAFAFAA9FAFAFAFAFAFAFAFAFAFAFAFAFAFAFAFAA9FAFAFAFAFAFAFAFAFAFAFAFAFAFAFAFAA9FAFAFAFAFAFAFAFAFAFAFAFAFAFAFAFA9FFAFAFAFBFBFDFDFAFDFC08FBFAFAFAFAA9FAFA07
310
0707070702FAFAFAFAFAFAFAFAA9FAFAFAFAFAFAFAFAFAFAFAFAFAFAFAFAA9FAFAFAFAFAFAFAFAFAA9FAFAFAFAFAFAFAFAFAFAFAFAFAFAFAFAA9FAFAFAFAFAFAFAFAFAFAFAFAFAFAFAFA020707070707FAFAFAFAFAFAFAFAFAFAFAA9FAFAFAFAFAFAFAFAFAFAFAFAFAFAFAFAA9FAFAFAFAFAFAFAFAFAFAFAFAFAFAFAFAA9FA
310
FAFAFAFAFAFAFAFAFAFAFAFAFAFAFAA9FAFAFAFAFAFAFAFAFAFAFAFAFAFAFAFA9FFAFAFBFBFDFAFDFAFDFAFBFCFBFAFAFAA9FAFA070707070702FAFAFAFAFAFAFAFAA9FAFAFAFAFAFAFAFAFAFAFAFAFAFAFAFAA9FAFAFAFAFAFAFAFAA9A9A9A9A9A9A9A9A9A9A9A9A9A9A9A9A9A9A9A9A9A9A9A9A9A9A9A9A9A9A9A9A9A9A9
310
020707070707A9A9A9A9A9A9A9A9A9A9A9A9A9A9A9A9A9A9A9A9A9A9A9A9A9A9A9A9A9A9A9A9A9A9A9A9A9A9A9A9A9A9A9A9A9A9A9A9A9A9A9A9A9A9A9A9A9A9A9A9A9A9A9A9A9A9A9A9A9A9A9A9A9A9A9A9A9A9A9A9A995FCFDA9A9FDA9FDA9A9FBFC95A9A9A9A9A9070707070702A9A9A9A9A9A9A9A9A9A9A9A9A9A9A9A9
310
A9A9A9A9A9A9A9A9A9A9A9A9A9A9A9A9A9A9FAA9FAFAFAFAFAFAFAFAFAFAFAFAFAFAFAFAA9FAFAFAFAFAFAFAFAFAFAFAFAFAFAFAFA020707070707FAFAFAFAFAFAFAFAFAFAFAA9FAFAFAFAFAFAFAFAFAFAFAFAFAFAFAFAA9FAFAFAFAFAFAFAFAFAFAFAFAFAFAFAFAA9FAFAFAFAFAFAFAFAFAFAFAFAFAFAFAFAA9FAFAFAFAFA
310
FAFAFAFAFAFAFAFAFAFAFA9FFAFDFDFAFAFAFDFAFDFAFAFAFAFDFAFAA9FAFA070707070702FAFAFAFAFAFAFAFAA9FAFAFAFAFAFAFAFAFAFAFAFAFAFAFAFAA9FAFAFAFAFAFAFAFAFAA9FAFAFAFAFAFAFAFAFAFAFAFAFAFAFAFAA9FAFAFAFAFAFAFAFAFAFAFAFAFAFAFAFA020707070707FAFAFAFAFAFAFAFAFAFAFAA9FAFAFA
310
FAFAFAFAFAFAFAFAFAFAFAFAFAA9FAFAFAFAFAFAFAFAFAFAFAFAFAFAFAFAA9FAFAFAFAFAFAFAFAFAFAFAFAFAFAFAFAA9FAFAFAFAFAFAFAFAFAFAFAFAFAFAFAFA9FFAFAFAFAFAFAFDFAFDFAFAFAFAFAFAFAA9FAFA070707070702FAFAFAFAFAFAFAFAA9FAFAFAFAFAFAFAFAFAFAFAFAFAFAFAFAA9FAFAFAFAFAFAFAFAFAA9FA
310
FAFAFAFAFAFAFAFAFAFAFAFAFAFAFAA9FAFAFAFAFAFAFAFAFAFAFAFAFAFAFAFA020707070707FAFAFAFAFAFAFAFAFAFAFAA9FAFAFAFAFAFAFAFAFAFAFAFAFAFAFAFAA9FAFAFAFAFAFAFAFAFAFAFAFAFAFAFAFAA9FAFAFAFAFAFAFAFAFAFAFAFAFAFAFAFAA9FAFAFAFAFAFAFAFAFAFAFAFAFAFAFAFA9FFAFAFAFAFAFAFDFDFD
310
FAFAFAFAFAFAFAA9FAFA070707070702FAFAFAFAFAFAFAFAA9FAFAFAFAFAFAFAFAFAFAFAFAFAFAFAFAA9FAFAFAFAFAFAFAFAFAA9FAFAFAFAFAFAFAFAFAFAFAFAFAFAFAFAA9FAFAFAFAFAFAFAFAFAFAFAFAFAFAFAFA020707070707FAFAFAFAFAFAFAFAFAFAFAA9FAFAFAFAFAFAFAFAFAFAFAFAFAFAFAFAA9FAFAFAFAFAFAFA
310
FAFAFAFAFAFAFAFAFAA9FAFAFAFAFAFAFAFAFAFAFAFAFAFAFAFAA9FAFAFAFAFAFAFAFAFAFAFAFAFAFAFAFA9FFAFAFAFAFDFDFDFDFDFDFDFDFDFDFDFDA9FAFA070707070702FAFAFAFAFAFAFAFAA9FAFAFAFAFAFAFAFAFAFAFAFAFAFAFAFAA9FAFAFAFAFAFAFAFAFAA9FAFAFAFAFAFAFAFAFAFAFAFAFAFAFAFAA9FAFAFAFAFA
310
FAFAFAFAFAFAFAFAFAFAFA020707070707FAFAFAFAFAFAFAFAFAFAFAA9FAFAFAFAFAFAFAFAFAFAFAFAFAFAFAFAA9FAFAFAFAFAFAFAFAFAFAFAFAFAFAFAFAA9FAFAFA03FAFAFAFAFAFAFAFAFAFAFAFAA9FAFAFAFAFAFAFAFAFAFAFAFAFAFAFAFA9FFAFAFAFAFAFAFAFAFAFAFAFAFAFAFAFAA9FAFA070707070702FAFAFAFAFA
310
FAFAFAA9FAFAFAFAFAFAFAFAFAFAFAFAFAFAFAFAA9FAFAFAFAFAFAFAFAFAA9FAFAFAFAFAFAFAFAFAFAFAFAFAFAFAFAA9FAFAFAFAFAFAFAFAFAFAFAFAFAFAFAFA020707070707FAFAFAFAFAFAFAFAFAFAFAA9FAFAFAFAFAFAFAFAFAFAFAFAFAFAFAFAA9FAFAFAFAFAFAFAFAFAFAFAFAFAFAFAFAA9FAFAFA03FAFAFAFAFAFAFA
310
FAFAFAFAFAA9FAFAFAFAFAFAFAFAFAFAFAFAFAFAFAFA9FFAFAFAFAFAFAFAFAFAFAFAFAFAFAFAFAA9FAFA070707070702FAFAFAFAFAFAFAFAA9FAFAFAFAFAFAFAFAFAFAFAFAFAFAFAFAA9FAFAFAFAFAFAFAFAFAA9FAFAFAFAFAFAFAFAFAFAFAFAFAFAFAFAA9FAFAFAFAFAFAFAFAFAFAFAFAFAFAFAFA020707070707FAFAFAFA
310
FAFAFAFAFAFAFAA9FAFAFAFAFAFAFAFAFAFAFAFAFAFAFAFAA9FAFAFAFAFAFAFAFAFAFAFAFAFAFAFAFAA9FAFAFA03FAFAFAFAFAFAFAFAFAFAFAFAA9FAFAFAFAFAFAFAFAFAFAFAFAFAFAFAFA9FFAFAFAFAFAFAFAFAFAFAFAFAFAFAFAFAA9FAFA070707070702FAFAFAFAFAFAFAFAA9FAFAFAFAFAFAFAFAFAFAFAFAFAFAFAFAA9
310
FAFAFAFAFAFAFAFAFAA9FAFAFAFAFAFAFAFAFAFAFAFAFAFAFAFAA9FAFAFAFAFAFAFAFAFAFAFAFAFAFAFAFA020707070707FAFAFAFAFAFAFAFAFAFAFAA9FAFAFAFAFAFAFAFAFAFAFAFAFAFAFAFAA9FAFAFAFAFAFAFAFAFAFAFAFAFAFAFAFAA9FAFAFA03FAFAFAFAFAFAFAFAFAFAFAFAA9FAFAFAFAFAFAFAFAFAFAFAFAFAFAFA
310
FA9FFAFAFAFAFAFAFAFAFAFAFAFAFAFAFAFAA9FAFA070707070702FAFAFAFAFAFAFAFAA9FAFAFAFAFAFAFAFAFAFAFAFAFAFAFAFAA9FAFAFAFAFAFAFAFAFAA9FAFAFAFAFAFAFAFAFAFAFAFAFAFAFAFAA9FAFAFAFAFAFAFAFAFAFAFAFAFAFAFAFA020707070707FAFAFAFAFAFAFAFAFAFAFAA9FAFAFAFAFAFAFAFAFAFAFAFAFA
310
FAFAFAA9FAFAFAFAFAFAFAFAFAFAFAFAFAFAFAFAA9FAFAFA03FAFAFAFAFAFAFAFAFAFAFAFAA9FAFAFAFAFAFAFAFAFAFAFAFAFAFAFAFA9FFAFAFAFAFAFAFAFAFAFAFAFAFAFAFAFAA9FAFA070707070702FAFAFAFAFAFAFAFAA9FAFAFAFAFAFAFAFAFAFAFAFAFAFAFAFAA9FAFAFAFAFAFAFAFAFAA9FAFAFAFAFAFAFAFAFAFAFA
310
FAFAFAFAFAA9FAFAFAFAFAFAFAFAFAFAFAFAFAFAFAFA020707070707FAFAFAFAFAFAFAFAFAFAFAA9FAFAFAFAFAFAFAFAFAFAFAFAFAFAFAFAA9FAFAFAFAFAFAFAFAFAFAFAFAFAFAFAFAA9FAFAFAFAFAFAFAFAFAFAFAFAFAFAFAFAA9FAFAFAFAFAFAFAFAFAFAFAFAFAFAFAFA9FFAFAFAFAFAFAFAFAFAFAFAFAFAFAFAFAA9FAFA
310
070707070702FAFAFAFAFAFAFAFAA9FAFAFAFAFAFAFAFAFAFAFAFAFAFAFAFAA9FAFAFAFAFAFAFAFAFAA9FAFAFAFAFAFAFAFAFAFAFAFAFAFAFAFAA9FAFAFAFAFAFAFAFAFAFAFAFAFAFAFAFA020707070707FAFAFAFAFAFAFAFAFAFAFAA9FAFAFAFA070707070707070707070707070707070707070707070707070707070707
310
07070707070707070707070707070707070707070707070707070707070707070707070707FAFAFAFAFAFAFAFAFAFAFAFAFAA9FAFA070707070702FAFAFAFAFAFAFAFAA9FAFAFAFAFAFAFAFAFAFAFAFAFAFAFAFAA9FAFAFAFAFAFAFAFAFAA9FAFAFAFAFAFAFAFAFAFAFAFAFAFAFAFAA9FAFAFAFAFAFAFAFAFAFAFAFAFAFAFA
310
FA020707070707FAFAFAFAFAFAFAFAFAFAFAA9FAFA07070707070707070707070707070707070707070707070707070707070707070707070707070707070707070707070707070707070707070707070707070707070707070707FAFAFAFAFAFAFAFAFAFAFAFAA9FAFA070707070702FAFAFAFAFAFAFAFAA9FAFAFAFAFAFA
310
FAFAFAFAFAFAFAFAFAFAA9FAFAFAFAFAFAFAFAFAA9FAFAFAFAFAFAFAFAFAFAFAFAFAFAFAFAA9FAFAFAFAFAFAFAFAFAFAFAFAFAFAFAFA020707070707FAFAFAFAFAFAFAFAFAFAFAA9FA070707070707070707070707070707070707070707070707070707070707070707070707070707070707070707070707070707070707
310
070707070707070707070707070707070707FAFAFAFAFAFAFAFAFAFAFAA9FAFA070707070702FAFAFAFAFAFAFAFAA9FAFAFAFAFAFAFAFAFAFAFAFAFAFAFAFAA9FAFAFAFAFAFAFAFAFAA9FAFAFAFAFAFAFAFAFAFAFAFAFAFAFAFAA9FAFAFAFAFAFAFAFAFAFAFAFAFAFAFAFA020707070707FAFAFAFAFAFAFAFAFAFAFAA9FA07
310
0707070707070707070707070707070707070707070707070707070707070707070707070707070707070707070707070707070707070707070707070707070707070707070707FAFAFAFAFAFAFAFAFAFAFAA9FAFA070707070702FAFAFAFAFAFAFAFAA9FAFAFAFAFAFAFAFAFAFAFAFAFAFAFAFAA9FAFAFAFAFAFAFAFAFAA9
310
FAFAFAFAFAFAFAFAFAFAFAFAFAFAFAFAA9FAFAFAFAFAFAFAFAFAFAFAFAFAFAFAFA020707070707FAFAFAFAFAFAFAFAFAFAFAA9FA070707070707070707070707070707070707070707070707070707070707070707070707070707070707070707070707070707070707070707070707070707070707070707070707FAFAFA
310
FAFAFAFAFAFAFAFAA9FAFA070707070702FAFAFAFAFAFAFAFAA9FAFAFAFAFAFAFAFAFAFAFAFAFAFAFAFAA9FAFAFAFAFAFAFAFAFAA9FAFAFAFAFAFAFAFAFAFAFAFAFAFAFAFAA9FAFAFAFAFAFAFAFAFAFAFAFAFAFAFAFA020707070707FAFAFAFAFAFAFAFAFAFAFAA9FA07070707070707070707070707070707070707070707
310
0707070707070707070707070707070707070707070707070707070707070707070707070707070707070707070707070707FAFAFAFAFAFAFAFAFAFAFAA9FAFA070707070702FAFAFAFAFAFAFAFAA9FAFAFAFAFAFAFAFAFAFAFAFAFAFAFAFAA9FAFAFAFAFAFAFAFAA9A9A9A9A9A9A9A9A9A9A9A9A9A9A9A9A9A9A9A9A9A9A9
310
A9A9A9A9A9A9A9A9A9A9A9A9020707070707A9A9A9A9A9A9A9A9A9A9A9A9A9070707070707070707070707070707070707070707070707070707070707070707070707070707070707070707070707070707070707070707070707070707070707070707070707A9A9A9A9A9A9A9A9A9A9A9A9A9A9070707070702A9A9A9A9
310
A9A9A9A9A9A9A9A9A9A9A9A9A9A9A9A9A9A9A9A9A9A9A9A9A9A9A9A9A9A9FAA9FAFAFAFAFAFAFAFAFAFAFAFAFAFAFAFAA9FAFAFAFAFAFAFAFAFAFAFAFAFAFAFAFA020707070707FAFAFAFAFAFAFAFAFAFAFAA9FA07070707070707070707070707070707070707070707070707070707070707070707070701010101010101
310
F607070707070707070707070707070707070707070707070707070707FAFAFAFAFAFAFAFAFAFAFAA9FAFA070707070702FAFAFAFAFAFAFAFAA9FAFAFAFAFAFAFAFAFAFAFAFAFAFAFAFAA9FAFAFAFAFAFAFAFAFAA9FAFAFAFAFAFAFAFAFAFAFAFAFAFAFAFAA9FAFAFAFAFAFAFAFAFAFAFAFAFAFAFAFA020707070707FAFAFA
310
FAFAFAFAFAFAFAFAA9FA070707070707070707070707070707070707070707070707070707070707070707070707FA0101B501F4010107070707070707070707070707070707070707070707070707070707FAFAFAFAFAFAFAFAFAFAFAA9FAFA070707070702FAFAFAFAFAFAFAFAA9FAFAFAFAFAFAFAFAFAFAFAFAFAFAFAFA
310
A9FAFAFAFAFAFAFAFAFAA9FAFAFAFAFAFAFAFAFAFAFAFAFAFAFAFAA9FAFAFAFAFAFAFAFAFAFAFAFAFAFAFAFA020707070707FAFAFAFAFAFA0303030303A9FA07070707070707070707070707070707070707070707070707070707070707070707070701010101FA01010C0707070707070707070707070707070707070707
310
0707070707070707FA0303030303FAFAFAFAFAA9FAFA070707070702FAFAFAFAFAFAFAFAA9FAFAFAFAFAFAFAFAFAFAFAFAFAFAFAFAA9FAFAFAFAFAFAFAFAFAA9FAFAFAFAFAFAFAFAFAFAFAFAFAFAFAFAA9FAFAFAFAFAFAFAFAFAFAFAFAFAFAFAFA020707070707FAFAFAFAFAFAFAFAFAFAFAA9FA0707070707070707070707
310
07070707070707070707070707070707070707070707070707F901FA0101FA011307070707070707070707070707070707070707070707070707070707FAFAFAFAFAFAFAFAFAFAFAA9FAFA070707070702FAFAFAFAFAFAFAFAA9FAFAFAFAFAFAFAFAFAFAFAFAFAFAFAFAA9FAFAFAFAFAFAFAFAFAA9FAFAFAFAFAFAFAFAFAFA
310
FAFAFAFAFAFAA9FAFAFAFAFAFAFAFAFAFAFAFAFAFAFAFA020707070707FAFAFAFAFAFAFAFAFAFAFAA9FA0707070707070707070707070707070707070707070707070707070707070707070707070C0101B50101010107070707070707070707070707070707070707070707070707070707FAFAFAFAFAFAFAFAFAFAFAA9FA
310
FA070707070702FAFAFAFAFAFAFAFAA9FAFAFAFAFAFAFAFAFAFAFAFAFAFAFAFAA9FAFAFAFAFAFAFAFAFAA9FAFAFAFAFAFAFAFAFAFAFAFAFAFAFAFAA9FAFAFAFAFAFAFAFAFAFAFAFAFAFAFAFA020707070707FAFAFAFAFAFAFAFAFAFAFAA9FA0707070707070707070707070707070707070707070707070707070707070707
310
070707070101E901B50101B507070707070707070707070707070707070707070707070707070707FAFAFAFAFAFAFAFAFAFAFAA9FAFA070707070702FAFAFAFAFAFAFAFAA9FAFAFAFAFAFAFAFAFAFAFAFAFAFAFAFAA9FAFAFAFAFAFAFAFAFAA9FAFAFAFAFAFAFAFAFAFAFAFAFAFAFAFAA9FAFAFAFAFAFAFAFAFAFAFAFAFAFA
310
FAFA020707070707FAFAFAFAFAFAFAFAFAFAFAA9FA070707070707070707070707070707070707070707070707070707070707070707070707FA01180D01FA010107070707070707070707070707070707070707070707070707070707FAFAFAFAFAFAFAFAFAFAFAA9FAFA070707070702FAFAFAFAFAFAFAFAA9FAFAFAFAFA
310
FAFAFAFAFAFAFAFAFAFAFAA9FAFAFAFAFAFAFAFAFAA9FAFAFAFAFAFAFAFAFAFAFAFAFAFAFAFAA9FAFAFAFAFAFAFAFAFAFAFAFAFAFAFAFA020707070707FAFAFAFAFAFAFAFAFAFAFAA9FA0707070707070707070707070707070707070707070707070707070707070707070707070101010101010101070707070707070707
310
07070707070707070707070707070707070707FAFAFAFAFAFAFAFAFAFAFAA9FAFA070707070702FAFAFAFAFAFAFAFAA9FAFAFAFAFAFAFAFAFAFAFAFAFAFAFAFAA9FAFAFAFAFAFAFAFAFAA9FAFAFAFAFAFAFAFAFAFAFAFAFAFAFAFAA9FAFAFAFAFAFAFAFAFAFAFAFAFAFAFAFA020707070707FAFAFAFAFAFAFAFAFAFAFAA9FA
310
0707070707070707070707070707070707070707070707070707070707070707070707070101FA01130C01FA07070707070707070707070707070707070707070707070707070707FAFAFAFAFAFAFAFAFAFAFAA9FAFA070707070702FAFAFAFAFAFAFAFAA9FAFAFAFAFAFAFAFAFAFAFAFAFAFAFAFAA9FAFAFAFAFAFAFAFAFA
310
A9FAFAFAFAFAFAFAFAFAFAFAFAFAFAFAFAA9FAFAFAFAFAFAFAFAFAFAFAFAFAFAFAFA020707070707FAFAFAFAFAFAFAFAFAFAFAA9FA070707070707070707070707070707070707070707070707070707070707070707070707070707070707070707070707070707070707070707070707070707070707070707070707FAFA
310
FAFAFAFAFAFAFAFAFAA9FAFA070707070702FAFAFAFAFAFAFAFAA9FAFAFAFAFAFAFAFAFAFAFAFAFAFAFAFAA9FAFAFAFAFAFAFAFAFAA9FAFAFAFAFAFAFAFAFAFAFAFAFAFAFAFAA9FAFAFAFAFAFAFAFAFAFAFAFAFAFAFAFA020707070707FAFAFAFAFAFAFAFAFAFAFAA9FAFAFAFA070707070707070707070707070707070707
310
07070707070707070707070707070707070707070707070707070707070707070707070707070707070707070707070707FAFAFAFAFAFAFAFAFAFAFAFAFAA9FAFA070707070702FAFAFAFAFAFAFAFAA9FAFAFAFAFAFAFAFAFAFAFAFAFAFAFAFAA9FAFAFAFAFAFAFAFAFAA9FAFAFAFAFAFAFAFAFAFAFAFAFAFAFAFAA9FAFAFA
310
FAFAFAFAFAFAFAFAFAFAFAFAFA020707070707FAFAFAFAFAFAFAFAFAFAFAA9FAFAFAFAFAFAFAFAFAFAFAFAFAFAFAFAA9FAFAFAFAFAFAFAFAFAFAFAFAFAFAFAFAA9FAFAFAFAFAFAFAFAFA070707070707FAA9FAFAFAFAFAFAFAFAFAFAFAFAFAFAFAFA9FFAFAFAFAFAFAFAFAFAFAFAFAFAFAFAFAA9FAFA070707070702FAFAFA
310
FAFAFAFAFAA9FAFAFAFAFAFAFAFAFAFAFAFAFAFAFAFAA9FAFAFAFAFAFAFAFAFAA9FAFAFAFAFAFAFAFAFAFAFAFAFAFAFAFAA9FAFAFAFAFAFAFAFAFAFAFAFAFAFAFAFA020707070707FAFAFAFAFAFAFAFAFAFAFAA9FAFAFAFAFAFAFAFAFAFAFAFAFAFAFAFAA9FAFAFAFAFAFAFAFAFAFAFAFAFAFAFAFAA9FAFAFAFAFAFAFAFAFA
310
070707070707FAA9FAFAFAFAFAFAFAFAFAFAFAFAFAFAFAFA9FFAFAFAFAFAFAFAFAFAFAFAFAFAFAFAFAA9FAFA070707070702FAFAFAFAFAFAFAFAA9FAFAFAFAFAFAFAFAFAFAFAFAFAFAFAFAA9FAFAFAFAFAFAFAFAFAA9FAFAFAFAFAFAFAFAFAFAFAFAFAFAFAFAA9FAFAFAFAFAFAFAFAFAFAFAFAFAFAFAFA020707070707FAFA
310
FAFAFAFAFAFAFAFAFAA9FAFAFAFAFAFAFAFAFAFAFAFAFAFAFAFAA9FAFAFAFAFAFAFAFAFAFAFAFAFAFAFAFAA9FAFAFA03FAFAFAFAFA070707070707FAA9FAFAFAFAFAFAFAFAFAFAFAFAFAFAFAFA9FFAFAFAFAFAFAFAFAFAFAFAFAFAFAFAFAA9FAFA070707070702FAFAFAFAFAFAFAFAA9FAFAFAFAFAFAFAFAFAFAFAFAFAFAFA
310
FAA9FAFAFAFAFAFAFAFAFAA9FAFAFAFAFAFAFAFAFAFAFAFAFAFAFAFAA9FAFAFAFAFAFAFAFAFAFAFAFAFAFAFAFA020707070707FAFAFAFAFAFAFAFAFAFAFAA9FAFAFAFAFAFAFAFAFAFAFAFAFAFAFAFAA9FAFAFAFAFAFAFAFAFAFAFAFAFAFAFAFAA9FAFAFA03FAFAFAFAFAFAFAFAFAFAFAFAA9FAFAFAFAFAFAFAFAFAFAFAFAFA
310
FAFAFA9FFAFAFAFAFAFAFAFAFAFAFAFAFAFAFAFAA9FAFA070707070702FAFAFAFAFAFAFAFAA9FAFAFAFAFAFAFAFAFAFAFAFAFAFAFAFAA9FAFAFAFAFAFAFAFAFAA9FAFAFAFAFAFAFAFAFAFAFAFAFAFAFAFAA9FAFAFAFAFAFAFAFAFAFAFAFAFAFAFAFA020707070707FAFAFAFAFAFAFAFAFAFAFAA9FAFAFAFAFAFAFAFAFAFAFA
310
FAFAFAFAFAA9FAFAFAFAFAFAFAFAFAFAFAFAFAFAFAFAA9FAFAFA03FAFAFAFAFAFAFAFAFAFAFAFAA9FAFAFAFAFAFAFAFAFAFAFAFAFAFAFAFA9FFAFAFAFAFAFAFAFAFAFAFAFAFAFAFAFAA9FAFA070707070702FAFAFAFAFAFAFAFAA9FAFAFAFAFAFAFAFAFAFAFAFAFAFAFAFAA9FAFAFAFAFAFAFAFAA9A9A9A9A9A9A9A9A9A9A9
310
A9A9A9A9A9A9A9A9A9A9A9A9A9A9A9A9A9A9A9A9A9A9A9A9020707070707A9A9A9A9A9A9A9A9A9A9A9A9A9A9A9A9A9A9A9A9A9A9A9A9A9A9A9A9A9A9A9A9A9A9A9A9A9A9A9A9A9A9A9A9A9A9A9A9A903A9A9A9A9A9A9A9A9A9A9A9A9A9A9A9A9A9A9A9A9A9A9A9A9A9A9A9A9A9A9A9A9A9A9A9A9A9A9A9A9A9A9A9A9A9A9A9
310
A9A9070707070702A9A9A9A9A9A9A9A9A9A9A9A9A9A9A9A9A9A9A9A9A9A9A9A9A9A9A9A9A9A9A9A9A9A9FAA9FAFAFAFAFAFAFAFAFAFAFAFAFAFAFAFAA9FAFAFAFAFAFAFAFAFAFAFAFAFAFAFAFA020707070707FAFAFAFAFAFAFAFAFAFAFAA9FAFAFAFAFAFAFAFAFAFAFAFAFAFAFAFAA9FAFAFAFAFAFAFAFAFAFAFAFAFAFAFA
310
FAA9FAFAFA03FAFAFAFAFAFAFAFAFAFAFAFAA9FAFAFAFAFAFAFAFAFAFAFAFAFAFAFAFA9FFAFAFAFAFAFAFAFAFAFAFAFAFAFAFAFAA9FAFA070707070702FAFAFAFAFAFAFAFAA9FAFAFAFAFAFAFAFAFAFAFAFAFAFAFAFAA9FAFAFAFAFAFAFAFAFAA9FAFAFAFAFAFAFAFAFAFAFAFAFAFAFAFAA9FAFAFAFAFAFAFAFAFAFAFAFAFA
310
FAFAFA020707070707FAFAFAFAFAFAFAFAFAFAFAA9FAFAFAFAFAFAFAFAFAFAFAFAFAFAFAFAA9FAFAFAFAFAFAFAFAFAFAFAFAFAFAFAFAA9FAFAFA03FAFAFAFAFAFAFAFAFAFAFAFAA9FAFAFAFAFAFAFAFAFAFAFAFAFAFAFAFA9FFAFAFAFAFAFAFAFAFAFAFAFAFAFAFAFAA9FAFA070707070702FAFAFAFAFAFAFAFAA9FAFAFAFA
310
FAFAFAFAFAFAFAFAFAFAFAFAA9FAFAFAFAFAFAFAFAFAA9FAFAFAFAFAFAFAFAFAFAFAFAFAFAFAFAA9FAFAFAFAFAFAFAFAFAFAFAFAFAFAFAFA020707070707FAFAFAFAFAFAFAFAFAFAFAA9FAFAFAFAFAFAFAFAFAFAFAFAFAFAFAFAA9FAFAFAFAFAFAFAFAFAFAFAFAFAFAFAFAA9FAFAFAFAFAFAFAFAFAFAFAFAFAFAFAFAA9FAFA
310
FAFAFAFAFAFAFAFAFAFAFAFAFAFA9FFAFAFAFAFAFAFAFAFAFAFAFAFAFAFAFAA9FAFA070707070702FAFAFAFAFAFAFAFAA9FAFAFAFAFAFAFAFAFAFAFAFAFAFAFAFAA9FAFAFAFAFAFAFAFAFAA9FAFAFAFAFAFAFAFAFAFAFAFAFAFAFAFAA9FAFAFAFAFAFAFAFAFAFAFAFAFAFAFAFA020707070707FAFAFAFAFAFAFAFAFAFAFAA9
310
FAFAFAFAFAFAFAFAFAFAFAFAFAFAFAFAA9FAFAFAFAFAFAFAFAFAFAFAFAFAFAFAFAA9FAFAFAFAFAFAFAFAFAFAFAFAFAFAFAFAA9FAFAFAFAFAFAFAFAFAFAFAFAFAFAFAFA9FFAFAFAFAFAFAFAFAFAFAFAFAFAFAFAFAA9FAFA070707070702FAFAFAFAFAFAFAFAA9FAFAFAFAFAFAFAFAFAFAFAFAFAFAFAFAA9FAFAFAFAFAFAFAFA
310
FAA9FAFAFAFAFAFAFAFAFAFAFAFAFAFAFAFAA9FAFAFAFAFAFAFAFAFAFAFAFAFAFAFAFA020707070707FAFAFAFAFAFAFAFAFAFAFAA9FAFAFAFAFAFAFAFAFAFAFAFAFAFAFAFAA9FAFAFAFAFAFAFAFAFAFAFAFAFAFAFAFAA9FAFAFAFAFAFAFAFAFAFAFAFAFAFAFAFAA9FAFAFAFAFAFAFAFAFAFAFAFAFAFAFAFA9FFAFAFAFAFAFA
310
FAFAFAFAFAFAFAFAFAFAA9FAFA070707070702FAFAFAFAFAFAFAFAA9FAFAFAFAFAFAFAFAFAFAFAFAFAFAFAFAA9FAFAFAFAFAFAFAFAFAA9FAFAFAFAFAFAFAFAFAFAFAFAFAFAFAFAA9FAFAFAFAFAFAFAFAFAFAFAFAFAFAFAFA020707070707FAFAFAFAFAFAFAFAFAFAFAA9FAFAFAFAFAFAFAFAFAFAFAFAFAFAFAFAA9FAFAFAFA
310
FAFAFAFAFAFAFAFAFAFAFAFAA9FAFAFAFAFAFAFAFAFAFAFAFAFAFAFAFAA9FAFAFAFAFAFAFAFAFAFAFAFAFAFAFAFA9FFAFAFAFAFAFAFAFAFAFAFAFAFAFAFAFAA9FAFA070707070702FAFAFAFAFAFAFAFAA9FAFAFAFAFAFAFAFAFAFAFAFAFAFAFAFAA9FAFAFAFAFAFAFAFAFAA9FAFAFAFAFAFAFAFAFAFAFAFAFAFAFAFAA9FAFA
310
FAFAFAFAFAFAFAFAFAFAFAFAFAFA020707070707FAFAFAFAFAFAFAFAFAFAFAA9FAFAFAFAFAFAFAFAFAFAFAFAFAFAFAFAA9FAFAFAFAFAFAFAFAFAFAFAFAFAFAFAFAA9FAFAFAFAFAFAFAFAFAFAFAFAFAFAFAFAA9FAFAFAFAFAFAFAFAFAFAFAFAFAFAFAFA9FFAFAFAFAFAFAFAFAFAFAFAFAFAFAFAFAA9FAFA070707070702FAFA
310
FAFAFAFAFAFAA9FAFAFAFAFAFAFAFAFAFAFAFAFAFAFAFAA9FAFAFAFAFAFAFAFAFAA9FAFAFAFAFAFAFAFAFAFAFAFAFAFAFAFAA9FAFAFAFAFAFAFAFAFAFAFAFAFAFAFAFA020707070707FAFAFAFAFAFAFAFAFAFAFAA9FAFAFAFAFAFAFAFAFAFAFAFAFAFAFAFAA9FAFAFAFAFAFAFAFAFAFAFAFAFAFAFAFAA9FAFAFAFAFAFAFAFA
310
FAFAFAFAFAFAFAFAA9FAFAFAFAFAFAFAFAFAFAFAFAFAFAFAFA9FFAFAFAFAFAFAFAFAFAFAFAFAFAFAFAFAA9FAFA070707070702FAFAFAFAFAFAFAFAA9FAFAFAFAFAFAFAFAFAFAFAFAFAFAFAFAA9FAFAFAFAFAFAFAFAFAA9FAFAFAFAFAFAFAFAFAFAFAFAFAFAFAFAA9FAFAFAFAFAFAFAFAFAFAFAFAFAFAFAFA020707070707FA
310
FAFAFAFAFAFAFAFAFAFAA9FAFAFAFAFAFAFAFAFAFAFAFAFAFAFAFAA9FAFAFAFAFAFAFAFAFAFAFAFAFAFAFAFAA9FAFAFAFAFAFAFAFAFAFAFAFAFAFAFAFAA9FAFAFAFAFAFAFAFAFAFAFAFAFAFAFAFA9FFAFAFAFAFAFAFAFAFAFAFAFAFAFAFAFAA9FAFA070707070702FAFAFAFAFAFAFAFAA9FAFAFAFAFAFAFAFAFAFAFAFAFAFA
310
FAFAA9FAFAFAFAFAFAFAFAFAA9FAFAFAFAFAFAFAFAFAFAFAFAFAFAFAFAA9FAFAFAFAFAFAFAFAFAFAFAFAFAFAFAFA020707070707FAFAFAFAFAFAFAFAFAFAFAA9FAFAFAFAFAFAFAFAFAFAFAFAFAFAFAFAA9FAFAFAFAFAFAFAFAFAFAFAFAFAFAFAFAA9FAFAFAFAFAFAFAFAFAFAFAFAFAFAFAFAA9FAFAFAFAFAFAFAFAFAFAFAFA
310
FAFAFAFA9FFAFAFAFAFAFAFAFAFAFAFAFAFAFAFAFAA9FAFA070707070702FAFAFAFAFAFAFAFAA9FAFAFAFAFAFAFAFAFAFAFAFAFAFAFAFAA9FAFAFAFAFAFAFAFAFAA9FAFAFAFAFAFAFAFAFAFAFAFAFAFAFAFAA9FAFAFAFAFAFAFAFAFAFAFAFAFAFAFAFA020707070707FAFAFAFAFAFAFAFAFAFAFAA9FAFAFAFAFAFAFAFAFAFA
310
FAFAFAFAFAFAA9FAFAFAFAFAFAFAFAFAFAFAFAFAFAFAFAA9FAFAFAFAFAFAFAFAFAFAFAFAFAFAFAFAA9FAFAFAFAFAFAFAFAFAFAFAFAFAFAFAFA9FFAFAFAFAFAFAFAFAFAFAFAFAFAFAFAFAA9FAFA070707070702FAFAFAFAFAFAFAFAA9FAFAFAFAFAFAFAFAFAFAFAFAFAFAFAFAA9FAFAFAFAFAFAFAFAFAA9FAFAFAFAFAFAFAFA
310
FAFAFAFAFAFAFAFAA9FAFAFAFAFAFAFAFAFAFAFAFAFAFAFAFA020707070707FAFAFAFAFAFAFAFAFAFAFAA9FAFAFAFAFAFAFAFAFAFAFAFAFAFAFAFAA9FAFAFAFAFAFAFAFAFAFAFAFAFAFAFAFAA9FAFAFAFAFAFAFAFAFAFAFAFAFAFAFAFAA9FAFAFAFAFAFAFAFAFAFAFAFAFAFAFAFA9FFAFAFAFAFAFAFAFAFAFAFAFAFAFAFAFA
310
A9FAFA070707070702FAFAFAFAFAFAFAFAA9FAFAFAFAFAFAFAFAFAFAFAFAFAFAFAFAA9FAFAFAFAFAFAFAFAFAA9FAFAFAFAFAFAFAFAFAFAFAFAFAFAFAFAA9FAFAFAFAFAFAFAFAFAFAFAFAFAFAFAFA020707070707FAFAFAFAFAFAFAFAFAFAFAA9FAFAFAFAFAFAFAFAFAFAFAFAFAFAFAFAA9FAFAFAFAFAFAFAFAFAFAFAFAFAFA
310
FAFAA9FAFAFAFAFAFAFAFAFAFAFAFAFAFAFAFAA9FAFAFAFAFAFAFAFAFAFAFAFAFAFAFAFA9FFAFAFAFAFAFAFAFAFAFAFAFAFAFAFAFAA9FAFA070707070702FAFAFAFAFAFAFAFAA9FAFAFAFAFAFAFAFAFAFAFAFAFAFAFAFAA9FAFAFAFAFAFAFAFAFAA9FAFAFAFAFAFAFAFAFAFAFAFAFAFAFAFAA9FAFAFAFAFAFAFAFAFAFAFAFA
310
FAFAFAFA020707070707FAFAFAFAFAFAFAFAFAFAFAA9FAFAFAFAFAFAFAFAFAFAFAFAFAFAFAFAA9FAFAFAFAFAFAFAFAFAFAFAFAFAFAFAFAA9FAFAFAFAFAFAFAFAFAFAFAFAFAFAFAFAA9FAFAFAFAFAFAFAFAFAFAFAFAFAFAFAFA9FFAFAFAFAFAFAFAFAFAFAFAFAFAFAFAFAA9FAFA070707070702FAFAFAFAFAFAFAFAA9FAFAFA
310
FAFAFAFAFAFAFAFAFAFAFAFAFAA9FAFAFAFAFAFAFAFAFAA9FAFAFAFAFAFAFAFAFAFAFAFAFAFAFAFAA9FAFAFAFAFAFAFAFAFAFAFAFAFAFAFAFA020707070707FAFAFAFAFAFAFAFAFAFAFAA9FAFAFAFAFAFAFAFAFAFAFAFAFAFAFAFAA9FAFAFAFAFAFAFAFAFAFAFAFAFAFAFA0202020202020202020202FAFAFAFAFAFAFAA9FA
310
FAFAFAFAFAFAFAFAFAFAFAFAFAFAFA9FFAFAFAFAFAFAFAFAFAFAFAFAFAFAFAFAA9FAFA070707070702FAFAFAFAFAFAFAFAA9FAFAFAFAFAFAFAFAFAFAFAFAFAFAFAFAA9FAFAFAFAFAFAFAFAFAA9FAFAFAFAFAFAFAFAFAFAFAFAFAFAFAFAA9FAFAFAFAFAFAFAFAFAFAFAFAFAFAFAFA020707070707FAFAFAFAFAFAFAFAFAFAFA
310
A9FAFAFAFAFAFAFAFAFAFAFAFAFAFAFAFAA9FAFAFAFAFAFAFAFAFAFAFAFAFAFAFA02020202020202020202FAFAFAFAFAFAFAFAA9FAFAFAFAFAFAFAFAFAFAFAFAFAFAFAFA9FFAFAFAFAFAFAFAFAFDFDFDFDFDFDFDFDFDFDFA070707070702FAFAFAFAFAFAFAFAA9FAFAFAFAFAFAFAFAFAFAFAFAFAFAFAFAA9FAFAFAFAFAFAFA
310
FAA9A9A9A9A9A9A9A9A9A9A9A9A9A9A9A9A9A9A9A9A9A9A9A9A9A9A9A9A9A9A9A9A9A9A9020707070707A9A9A9A9A9A9A9A9A9A9A9A9A9A9A9A9A9A9A9A9A9A9A9A9A9A9A9A9A9A9A9A9A9A9A9A9A9A9A9A9A9A9A9A902020202020202020202A9A9A9A9A9A9A9A9A9A9A9A9A9A9A9A9A9A9A9A9A9A9A9A9A9A9A9A9A9A9A9
310
A9A9A9A9A9A9A9A9A9A9A9A9A9A9070707070702A9A9A9A9A9A9A9A9A9A9A9A9A9A9A9A9A9A9A9A9A9A9A9A9A9A9A9A9A9A9A9A9A9A9FAA9FAFAFAFAFAFAFAFAFAFAFAFAFAFAFAFAA9FAFAFAFAFAFAFAFAFAFAFAFAFAFAFAFA020707070707FAFAFAFAFAFAFAFAFAFAFAA9FAFAFAFAFAFAFAFAFAFAFAFAFAFAFAFAA9FAFAFA
310
FA020202020202020202020202020202020202020202020202020202020202020202FAFAFAFAFAFAFAFAFAFAFAFAFA9FFAFAFAFAFAFAFAFAFAFAFAFAFAFAFAFAA9FAFA070707070702FAFAFAFAFAFAFAFAA9FAFAFAFAFAFAFAFAFAFAFAFAFAFAFAFAA9FAFAFAFAFAFAFAFAFAA9FAFAFAFAFAFAFAFAFAFAFAFAFAFAFAFAA9FA
310
FAFAFAFAFAFAFAFAFAFAFAFAFAFAFA020707070707FAFAFAFAFAFAFAFAFAFAFAA9FAFAFAFAFAFAFAFAFAFAFAFAFAFAFAFAA9FAFAFAFA0202020202020202020202020202020202020202020202020202020202020202FAFAFAFAFAFAFAFAFAFAFAFAFAFA9FFAFAFAFAFAFAFAFAFAFAFAFAFAFAFAFAA9FAFA070707070702FA
310
FAFAFAFAFAFAFAA9FAFAFAFAFAFAFAFAFAFAFAFAFAFAFAFAA9FAFAFAFAFAFAFAFAFAA9FAFAFAFAFAFAFAFAFAFAFAFAFAFAFAFAA9FAFAFAFAFAFAFAFAFAFAFAFAFAFAFAFA020707070707FAFAFAFAFAFAFAFAFAFAFAA9FAFAFAFAFAFAFAFAFAFAFAFAFAFAFAFAA9FAFAFAFA0202020202020202020202020202020202020202
310
020202020202020202020202FAFAFAFAFAFAFAFAFAFAFAFAFAFA9FFAFAFAFAFAFAFAFAFAFAFAFAFAFAFAFAA9FAFA070707070702FAFAFAFAFAFAFAFAA9FAFAFAFAFAFAFAFAFAFAFAFAFAFAFAFAA9FAFAFAFAFAFAFAFAFAA9FAFAFAFAFAFAFAFAFAFAFAFAFAFAFAFAA9FAFAFAFAFAFAFAFAFAFAFAFAFAFAFAFA020707070707
310
FAFAFAFAFAFAFAFAFAFAFAA9FAFAFAFAFAFAFAFAFAFAFAFAFAFAFAFAA9FAFAFAFAFAFAFAFAFAFAFAFAFAFAFAFAA9FAFAFAFAFAFAFAFAFAFAFAFAFAFAFAFAA9FAFAFAFAFAFAFAFAFAFAFAFAFAFAFAFA9FFAFAFAFAFAFAFAFAFAFAFAFAFAFAFAFAA9FAFA070707070702FAFAFAFAFAFAFAFAA9FAFAFAFAFAFAFAFAFAFAFAFAFA
310
FAFAFAA9FAFAFAFAFAFAFAFAFAA9FAFAFAFAFAFAFAFAFAFAFAFAFAFAFAFAA9FAFAFAFAFAFAFAFAFAFAFAFAFAFAFAFA0207070707070707070707070707070707070707070707070707070707070707070707070707070707070707070707070707070707070707070707070707070707070707070707070707070707070707
310
07070707070707070707070707070707070707070707070707070707070702FAFAFAFAFAFAFAFAA9FAFAFAFAFAFAFAFAFAFAFAFAFAFAFAFAA9FAFAFAFAFAFAFAFAFAA9FAFAFAFAFAFAFAFAFAFAFAFAFAFAFAFAA9FAFAFAFAFAFAFAFAFAFAFAFAFAFAFAFA020707070707070707070707070707070707070707070707070707
310
07070707070707070707070707070707070707070707070707070707070707070707070707070707070707070707070707070707070707070707070707070707070707070707070707070101010101010101FA02FAFAFAFAFAFAFAFAA9FAFAFAFAFAFAFAFAFAFAFAFAFAFAFAFAA9FAFAFAFAFAFAFAFAFAA9FAFAFAFAFAFAFA
310
FAFAFAFAFAFAFAFAFAA9FAFAFAFAFAFAFAFAFAFAFAFAFAFAFAFA0207070707070707070707070707070707070707070707070707070707070707070707070707070707070707070707070707070707070707070707070707070707070707070707070707070707070707070707070707070707070707070707070707070707
310
0101010101010101FA02FAFAFAFAFAFAFAFAA9FAFAFAFAFAFAFAFAFAFAFAFAFAFAFAFAA9FAFAFAFAFAFAFAFAFAA9FAFAFAFAFAFAFAFAFAFAFAFAFAFAFAFAA9FAFAFAFAFAFAFAFAFAFAFAFAFAFAFAFA02FA07070707070707070707070707070707070707070707070707070707070707070707070707070707070707070707
310
07070707070707070707070707070707070707070707070707070707070707070707070707070707070707070707070707070707070101010101010101FA02FAFAFAFAFAFAFAFAA9FAFAFAFAFAFAFAFAFAFAFAFAFAFAFAFAA9FAFAFAFAFAFAFAFAFAA9FAFAFAFAFAFAFAFAFAFAFAFAFAFAFAFAA9FAFAFAFAFAFAFAFAFAFAFA
310
FAFAFAFAFA020202020202020202020202020202020202020202020202020202020202020202020202020202020202020202020202020202020202020202020202020202020202020202020202020202020202020202020202020202020202020202020202020202020202020202020202020202FAFAFAFAFAFAFAFAA9FAFA
310
FAFAFAFAFAFAFAFAFAFAFAFAFAFAA9FAFAFAFAFAFAFAFAFAA9FAFAFAFAFAFAFAFAFAFAFAFAFAFAFAFAA9FAFAFAFAFAFAFAFAFAFAFAFAFAFAFAFA63FAFAFAFAFAFAFAFAFAFAFAFAFAFAFAFAA9FAFAFAFAFAFAFAFAFAFAFAFAFAFAFAFAA9FAFAFAFAFAFAFAFAFAFAFAFAFAFAFAFAA9FAFAFAFAFAFAFAFAFAFAFAFAFAFAFAFAA9
310
FAFAFAFAFAFAFAFAFAFAFAFAFAFAFAFA9FFAFAFAFAFAFAFAFAFAFAFAFAFAFAFAFAA9FAFAFAFAFAFAFAFAFAFAFAFAFAFAFAFAA9FAFAFAFAFAFAFAFAFAFAFAFAFAFAFAFAA9FAFAFAFAFAFAFAFAFAA9FAFAFAFAFAFAFAFAFAFAFAFAFAFAFAFAA9FAFAFAFAFAFAFAFAFAFAFAFAFAFAFAFA63FAFAFAFAFAFAFAFAFAFAFAFAFAFAFA
310
FAA9FAFAFAFAFAFAFAFAFAFAFAFAFAFAFAFAA9FAFAFAFAFAFAFAFAFAFAFAFAFAFAFAFAA9FAFAFAFAFAFAFAFAFAFAFAFAFAFAFAFAA9FAFAFAFAFAFAFAFAFAFAFAFAFAFAFAFA9FFAFAFAFAFAFAFAFAFAFAFAFAFAFAFAFAA9FAFAFAFAFAFAFAFAFAFAFAFAFAFAFAFAA9FAFAFAFAFAFAFAFAFAFAFAFAFAFAFAFAA9FAFAFAFAFAFA
310
FAFAFAA9FAFAFAFAFAFAFAFAFAFAFAFAFAFAFAFAA9FAFAFAFAFAFAFAFAFAFAFAFAFAFAFAFA63FAFAFAFAFAFAFAFAFAFAFAFAFAFAFAFAA9FAFAFAFAFAFAFAFAFAFAFAFAFAFAFAFAA9FAFAFAFAFAFAFAFAFAFAFAFAFAFAFAFAA9FAFAFAFAFAFAFAFAFAFAFAFAFAFAFAFAA9FAFAFAFAFAFAFAFAFAFAFAFAFAFAFAFA9FFAFAFAFA
310
FAFAFAFAFAFAFAFAFAFAFAFAA9FAFAFAFAFAFAFAFAFAFAFAFAFAFAFAFAA9FAFAFAFAFAFAFAFAFAFAFAFAFAFAFAFAA9FAFAFAFAFAFAFAFAFAA9FAFAFAFAFAFAFAFAFAFAFAFAFAFAFAFAA9FAFAFAFAFAFAFAFAFAFAFAFAFAFAFAFA63FAFAFAFAFAFAFAFAFAFAFAFAFAFAFAFAA9FAFAFAFAFAFAFAFAFAFAFAFAFAFAFAFAA9FAFA
310
FAFAFAFAFAFAFAFAFAFAFAFAFAFAA9FAFAFAFAFAFAFAFAFAFAFAFAFAFAFAFAA9FAFAFAFAFAFAFAFAFAFAFAFAFAFAFAFA9FFAFAFAFAFAFAFAFAFAFAFAFAFAFAFAFAA9FAFAFAFAFAFAFAFAFAFAFAFAFAFAFAFAA9FAFAFAFAFAFAFAFAFAFAFAFAFAFAFAFAA9FAFAFAFAFAFAFAFA
  0
ENDSEC
  0
EOF
